Time;Electrical Energy Demand in kW;Heating energy  demand in kW;DHW demand in kW
00:00;2,180034081;14,05777352;2,446613979
00:01;4,230670149;27,28113441;4,748006839
00:02;6,558886264;42,29444779;7,360922913
00:03;8,738087746;56,34685236;9,806602481
00:04;10,83107936;69,84333957;12,15553023
00:05;13,83447391;89,21048649;15,5261872
00:06;15,7461948;101,5380641;17,671678
00:07;17,58010536;113,3638881;19,72984363
00:08;20,17527485;130,0986287;22,64235678
00:09;22,36167051;144,1974243;25,09611025
00:10;25,52423039;164,590936;28,64539569
00:11;27,27027445;175,85016;30,60495028
00:12;29,41203891;189,6611549;33,00861494
00:13;32,17590015;207,4836907;36,11044789
00:14;31,58486965;203,6724783;35,44714474
00:15;33,22376443;207,2806614;35,51613568
00:16;33,23862238;199,8634274;33,62185565
00:17;33,25113788;193,6155678;32,02622101
00:18;33,26227619;188,0552183;30,6061689
00:19;33,27877542;179,8186411;28,50263764
00:20;33,28977064;174,3297194;27,10082737
00:21;33,3050982;166,6780503;25,14667522
00:22;33,31494804;161,7609169;23,8908934
00:23;33,32841352;155,0388137;22,17414218
00:24;33,35078893;143,8687948;19,32144215
00:25;33,35664841;140,9436835;18,57440088
00:26;33,37399883;132,2821857;16,36234957
00:27;33,38807522;125,2551119;14,56771218
00:28;33,39214178;123,2250486;14,04925635
00:29;33,42272878;107,9557182;10,14963726
00:30;33,83697637;112,6252836;10,39888198
00:31;34,30300015;113,5212519;9,585925312
00:32;34,69483026;114,2745769;8,902396023
00:33;35,17309876;115,1940867;8,06807901
00:34;35,47857959;115,7813982;7,535182011
00:35;35,8597836;116,5142936;6,870189462
00:36;36,27728488;117,3169735;6,141878014
00:37;36,65503113;118,0432211;5,482917367
00:38;37,11368853;118,925027;4,68281101
00:39;37,80767848;120,2592786;3,472178029
00:40;38,20156969;121,0165662;2,785053251
00:41;38,71856309;122,0105277;1,883182467
00:42;38,69175939;121,9589955;1,929940264
00:43;39,09122162;122,7269938;1,233097115
00:44;40,07332735;124,6151713;0
00:45;39,78369633;122,2604304;0,049
00:46;39,79811971;120,3948183;0,049
00:47;39,81021999;118,8296911;0,049
00:48;39,82258122;117,2308115;0,049
00:49;39,83823376;115,206213;0,049
00:50;39,85130528;113,5154599;0,049
00:51;39,86964488;111,1432994;0,049
00:52;39,87561007;110,3717238;0,049
00:53;39,88935438;108,5939479;0,049
00:54;39,90188456;106,9732151;0,049
00:55;39,92721404;103,6969395;0,049
00:56;39,93807837;102,2916773;0,049
00:57;39,9424513;101,7260557;0,049
00:58;39,96450375;98,87365132;0,049
00:59;39,96925105;98,25960553;0,049
01:00;39,96140262;105,0434416;0,052183776
01:01;39,94646298;113,3139571;0,05568184
01:02;39,93366405;120,3993819;0,058678662
01:03;39,92225909;126,7131084;0,06134909
01:04;39,90578154;135,8350021;0,065207249
01:05;39,89558872;141,4776985;0,067593861
01:06;39,88332366;148,267574;0,070465679
01:07;39,86879439;156,3109074;0,073867655
01:08;39,85167484;165,7882091;0,077876136
01:09;39,83605504;174,4352512;0,081533454
01:10;39,82528305;180,3985758;0,084055677
01:11;39,81566648;185,7222602;0,086307361
01:12;39,8023031;193,12016;0,089436347
01:13;39,77620297;207,5690642;0,095547596
01:14;39,77406817;208,7508835;0,096047454
01:15;39,74334983;210,3502659;0,090694961
01:16;39,71316516;209,6109623;0,083553709
01:17;39,69111823;209,0709739;0,078337728
01:18;39,6588605;208,2808954;0,07070602
01:19;39,63569121;207,7134174;0,065224506
01:20;39,60885205;207,0560545;0,058874754
01:21;39,57243899;206,1642009;0,050259957
01:22;39,55023537;205,6203747;0,045006905
01:23;39,52043847;204,8905686;0,037957394
01:24;39,48723313;204,0772808;0,030101498
01:25;39,46647703;203,5689082;0,025190908
01:26;39,44754364;203,1051787;0,020711545
01:27;39,42492128;202,5510964;0,015359425
01:28;39,38252369;201,5126656;0,005328775
01:29;39,36971448;201,1989336;0,002298303
01:30;39,08798231;196,5699571;0
01:31;38,85825357;192,8615631;0
01:32;38,55805514;188,0156128;0
01:33;38,27724888;183,4827005;0
01:34;38,06604105;180,0732801;0
01:35;37,78430656;175,5253838;0
01:36;37,55860347;171,8819739;0
01:37;37,18519309;165,8542004;0
01:38;36,98719718;162,6580532;0
01:39;36,69285722;157,9066734;0
01:40;36,52789556;155,2437813;0
01:41;36,35334957;152,4261743;0
01:42;35,98625113;146,5002913;0
01:43;35,59790463;140,2314118;0
01:44;35,39575238;136,968171;0
01:45;35,54655661;135,3604841;0
01:46;35,62895207;132,6069351;0
01:47;35,70254075;130,1476971;0
01:48;35,79948999;126,9077798;0
01:49;35,86289236;124,7889548;0
01:50;35,96572683;121,3523607;0
01:51;36,01744678;119,6239473;0
01:52;36,12726293;115,9540343;0
01:53;36,22314137;112,7499017;0
01:54;36,29152568;110,4645869;0
01:55;36,38359086;107,3878884;0
01:56;36,44184661;105,441057;0
01:57;36,50720747;103,2567821;0
01:58;36,66787904;97,88734733;0
01:59;36,75218483;95,06995751;0
02:00;36,52725991;102,6096345;0
02:01;36,3596273;108,2346626;0
02:02;36,19586774;113,7297278;0
02:03;36,06616826;118,0818837;0
02:04;35,87271185;124,573447;0
02:05;35,67640819;131,160552;0
02:06;35,5802936;134,3857435;0
02:07;35,34013177;142,4445398;0
02:08;35,26233395;145,0550994;0
02:09;35,05901872;151,8774825;0
02:10;34,92709286;156,3043457;0
02:11;34,75750993;161,9948183;0
02:12;34,47176107;171,5833186;0
02:13;34,50688416;170,4047391;0
02:14;34,1808711;181,3443328;0
02:15;34,47795491;181,8400879;0
02:16;34,73133099;184,2513493;0
02:17;34,96045007;186,4317682;0
02:18;35,2549088;189,2339939;0
02:19;35,50865944;191,6488197;0
02:20;35,71809945;193,6419622;0
02:21;35,87837583;195,1672373;0
02:22;36,20960862;198,3194245;0
02:23;36,52101429;201,2829263;0
02:24;36,71130354;203,0938199;0
02:25;36,86502566;204,5567212;0
02:26;37,13484928;207,124506;0
02:27;37,29390085;208,6381253;0
02:28;37,6355445;211,8893877;0
02:29;37,8358966;213,7960447;0
02:30;37,67154967;209,1483899;0
02:31;37,4070956;203,4141838;0
02:32;37,1775625;198,4371755;0
02:33;36,93170796;193,1062664;0
02:34;36,58557692;185,6010436;0
02:35;36,43423577;182,3194856;0
02:36;36,1441165;176,0287762;0
02:37;35,78792864;168,3054895;0
02:38;35,59819577;164,1914768;0
02:39;35,22182396;156,0305377;0
02:40;35,05419331;152,3957716;0
02:41;34,83105582;147,5574403;0
02:42;34,58340948;142,1876794;0
02:43;34,44842291;139,2607407;0
02:44;33,94579333;128,3621312;0
02:45;33,94619663;127,8772753;0,736515833
02:46;33,86204477;125,5569417;1,476094359
02:47;33,77934142;123,2765482;2,202942485
02:48;33,70985836;121,36068;2,81360251
02:49;33,64009533;119,4370919;3,426723166
02:50;33,54537501;116,8253525;4,259183823
02:51;33,43326037;113,7339964;5,244516562
02:52;33,35804372;111,6600347;5,905567017
02:53;33,30720381;110,2582173;6,352379514
02:54;33,23588391;108,2917014;6,979182903
02:55;33,15840135;106,1552616;7,660147499
02:56;33,08774226;104,2069665;8,281143209
02:57;32,97071807;100,9802384;9,309624149
02:58;32,90821805;99,25691488;9,858912874
02:59;32,83233604;97,1646071;10,52581092
03:00;32,83955085;99,91817376;12,21550224
03:01;32,88176076;103,8084176;13,71549833
03:02;32,92581163;107,8683318;15,28091575
03:03;32,96221895;111,2237844;16,57470764
03:04;32,99794834;114,5167557;17,84440801
03:05;33,03718317;118,1328039;19,23868004
03:06;33,0986096;123,7941228;21,4215654
03:07;33,12315931;126,0567278;22,29397824
03:08;33,15643413;129,1234762;23,47645187
03:09;33,22524696;135,4655572;25,92182472
03:10;33,26469743;139,1014798;27,32375992
03:11;33,30352042;142,6795707;28,70339641
03:12;33,33258273;145,3580756;29,73617151
03:13;33,36836572;148,655988;31,00777707
03:14;33,43729997;155,0092591;33,45746464
03:15;33,79868382;160,4042426;30,55683653
03:16;34,24140001;169,000756;28,12431768
03:17;34,64229011;176,7851043;25,92161374
03:18;35,02991216;184,3118183;23,79181149
03:19;35,39055536;191,3146661;21,81024542
03:20;35,8852519;200,9205162;19,09211888
03:21;36,32315577;209,4235855;16,68604151
03:22;36,43738584;211,6416664;16,05840058
03:23;37,09784646;224,4662673;12,42947779
03:24;37,44147634;231,1387562;10,54139199
03:25;37,75211812;237,1706932;8,834560416
03:26;38,206061;245,9852026;6,340356192
03:27;38,72082946;255,9808027;3,51194374
03:28;39,03732968;262,1264968;1,772922791
03:29;39,53222894;271,7362833;0
03:30;39,16402903;259,9876179;0
03:31;38,95453437;251,0032604;0
03:32;38,7499056;242,2275809;0
03:33;38,52654608;232,6486172;0
03:34;38,32121675;223,8428937;0
03:35;38,0826077;213,6099408;0
03:36;37,90899867;206,1645694;0
03:37;37,70108281;197,2479202;0
03:38;37,44541367;186,2833306;0
03:39;37,25529303;178,129845;0
03:40;37,04860448;169,2658301;0
03:41;36,99455701;166,9479583;0
03:42;36,77386014;157,4831845;0
03:43;36,60013332;150,0327616;0
03:44;36,18000111;132,0150331;0
03:45;36,0554181;137,5211774;0
03:46;35,82246867;138,5390695;0
03:47;35,61770005;139,4338232;0
03:48;35,39979467;140,385979;0
03:49;35,0697672;141,8280617;0
03:50;34,9386198;142,4011213;0
03:51;34,58814195;143,9325637;0
03:52;34,47525993;144,4258111;0
03:53;34,28275167;145,2669921;0
03:54;33,92157627;146,8451784;0
03:55;33,83556538;147,2210102;0
03:56;33,61906768;148,167015;0
03:57;33,20571915;149,9731761;0
03:58;33,19429696;150,0230864;0
03:59;32,91958524;151,2234623;0
04:00;32,81335855;149,8264738;0
04:01;32,82682829;147,8909706;0
04:02;32,84187755;145,7285028;0
04:03;32,8550591;143,8344102;0
04:04;32,86843715;141,9120818;0
04:05;32,88263411;139,8720837;0
04:06;32,89093062;138,6799354;0
04:07;32,90771777;136,2677452;0
04:08;32,92355024;133,992735;0
04:09;32,93109154;132,9091046;0
04:10;32,9469106;130,6360214;0
04:11;32,96548794;127,966594;0
04:12;32,96886555;127,4812567;0
04:13;32,98235503;125,5429164;0
04:14;33,0024725;122,6521837;0
04:15;32,99179046;124,176804;0
04:16;32,97819632;126,1195729;0
04:17;32,9649431;128,0136189;0
04:18;32,95138725;129,9509152;0
04:19;32,93609252;132,1367197;0
04:20;32,92268415;134,0529391;0
04:21;32,90655258;136,3583364;0
04:22;32,89705827;137,7151892;0
04:23;32,87890029;140,3101869;0
04:24;32,86624809;142,1183407;0
04:25;32,85388585;143,885055;0
04:26;32,83524492;146,5490718;0
04:27;32,82866142;147,4899342;0
04:28;32,81224313;149,8363067;0
04:29;32,79450079;152,3719036;0
04:30;32,8;148,1425804;0
04:31;32,8;144,3940701;0
04:32;32,8;141,7022371;0
04:33;32,8;138,1395442;0
04:34;32,8;134,6427094;0
04:35;32,8;131,0629484;0
04:36;32,8;128,2430199;0
04:37;32,8;124,6389302;0
04:38;32,8;121,5603785;0
04:39;32,8;118,9276403;0
04:40;32,8;115,6855145;0
04:41;32,8;109,2593194;0
04:42;32,8;109,1440025;0
04:43;32,8;101,634046;0
04:44;32,8;101,698908;0
04:45;32,8;106,5337167;0,013074352
04:46;32,8;112,8204065;0,025925827
04:47;32,8;119,5105783;0,039602114
04:48;32,8;125,073418;0,050973869
04:49;32,8;132,5906445;0,06634085
04:50;32,8;138,1195656;0,077643267
04:51;32,8;145,602172;0,092939478
04:52;32,8;150,0560877;0,102044331
04:53;32,8;159,4986755;0,121347204
04:54;32,8;165,9429811;0,134520883
04:55;32,8;170,0919715;0,143002397
04:56;32,8;176,2184238;0,155526309
04:57;32,8;179,74559;0,162736667
04:58;32,8;189,6770464;0,183038904
04:59;32,8;197,2023648;0,198422427
05:00;32,8;194,8886872;0,180580449
05:01;32,8;194,7500396;0,168202341
05:02;32,8;194,5934388;0,154221411
05:03;32,8;194,4780155;0,14391671
05:04;32,8;194,3493379;0,132428695
05:05;32,8;194,2020237;0,119276854
05:06;32,8;193,9884216;0,100206994
05:07;32,8;193,84568;0,087463381
05:08;32,8;193,7759317;0,081236427
05:09;32,8;193,6379633;0,068918953
05:10;32,8;193,4174893;0,04923558
05:11;32,8;193,3180023;0,040353637
05:12;32,8;193,073712;0,018544008
05:13;32,8;193,0156865;0,013363636
05:14;32,8;192,8872442;0,001896626
05:15;32,91918729;189,9905824;0,707371713
05:16;33,04199182;187,0278982;1,436211606
05:17;33,16682219;184,0163401;2,177074777
05:18;33,2741888;181,4260988;2,814291256
05:19;33,44454084;177,3163213;3,825323664
05:20;33,53354617;175,1690494;4,353566727
05:21;33,68716079;171,4630657;5,265263201
05:22;33,81525824;168,3726886;6,025516373
05:23;33,87728013;166,8763979;6,393613792
05:24;34,04737478;162,7728299;7,403118606
05:25;34,12023167;161,0151426;7,835521295
05:26;34,22051818;158,5957101;8,430717672
05:27;34,38413854;154,6483358;9,401797828
05:28;34,44755665;153,118361;9,77818172
05:29;34,57300077;150,091996;10,5226875
05:30;34,60387882;153,2464814;14,044653
05:31;34,56536568;157,8277285;16,94303261
05:32;34,5278306;162,2926335;19,76780701
05:33;34,47289643;168,827209;23,90198277
05:34;34,43498486;173,3368981;26,75509035
05:35;34,38713702;179,0285357;30,35597151
05:36;34,34504534;184,0354607;33,52366127
05:37;34,31793127;187,2607567;35,56418253
05:38;34,25800994;194,3885693;40,07367661
05:39;34,22053023;198,8468865;42,89428319
05:40;34,20261063;200,9784746;44,24285737
05:41;34,13077458;209,5235764;49,64901612
05:42;34,13259253;209,3073272;49,5122035
05:43;34,09296848;214,0207196;52,49418637
05:44;34,06070723;217,8582874;54,92206859
05:45;33,93621647;212,5969899;55,66286111
05:46;33,84116966;203,5629069;54,07157225
05:47;33,75389621;195,2676715;52,61042609
05:48;33,63922416;184,3682328;50,69056823
05:49;33,52978226;173,9659137;48,8582744
05:50;33,46620066;167,92256;47,79378103
05:51;33,34098105;156,0205893;45,69733434
05:52;33,25154228;147,519543;44,19993608
05:53;33,20261221;142,8687991;43,38074093
05:54;33,05190758;128,5445085;40,85761999
05:55;32,93740417;117,661099;38,94058554
05:56;32,93934339;117,8454192;38,97305221
05:57;32,83583828;108,007385;37,24015312
05:58;32,70802657;95,85903724;35,10030888
05:59;32,5354921;79,45984675;32,21170921
06:00;32,79588065;86,42074433;31,12647048
06:01;32,96505757;87,51956902;29,37345576
06:02;33,15020823;88,72214519;27,45492066
06:03;33,32995499;89,88962228;25,59238104
06:04;33,56182146;91,39562331;23,18977579
06:05;33,73288499;92,50670177;21,41721195
06:06;33,9016245;93,6026855;19,66872957
06:07;34,08000456;94,76128572;17,8203517
06:08;34,26322009;95,95129291;15,92186857
06:09;34,58176179;98,02026015;12,62113275
06:10;34,72732489;98,9657102;11,11280492
06:11;34,91910911;100,2113721;9,125532831
06:12;35,12170003;101,5272248;7,026281458
06:13;35,18716836;101,9524496;6,34789726
06:14;35,50111858;103,9915946;3,094738524
06:15;36,00388393;103,142783;3,256628541
06:16;36,47024268;102,6112298;3,072838891
06:17;37,04568041;101,955349;2,846061764
06:18;37,6221283;101,2983168;2,618886536
06:19;37,99688405;100,8711722;2,471197172
06:20;38,60786651;100,1747777;2,230412042
06:21;39,09556126;99,61890585;2,038213983
06:22;39,76054572;98,86096015;1,776146939
06:23;39,92945315;98,66844037;1,709581363
06:24;40,78269943;97,69591487;1,373321279
06:25;41,20880988;97,21023647;1,205393283
06:26;41,65304722;96,70389714;1,030321569
06:27;42,40518335;95,84661644;0,733908489
06:28;42,66053692;95,55556582;0,633274925
06:29;43,14378144;95,00476631;0,442830677
06:30;43,17169233;105,0740465;0,471741823
06:31;43,09273558;114,7375818;0,540684541
06:32;43,01690945;124,0179602;0,606893698
06:33;42,94161912;133,232762;0,67263501
06:34;42,85536803;143,7890544;0,74794694
06:35;42,74323078;157,5135592;0,845861901
06:36;42,65330777;168,5192592;0,924380048
06:37;42,60004245;175,0384143;0,970889763
06:38;42,54321748;181,993236;1,020507662
06:39;42,43404334;195,3550857;1,115835327
06:40;42,30848381;210,7223475;1,225470235
06:41;42,24516322;218,4721698;1,28075992
06:42;42,13932187;231,426119;1,373177493
06:43;42,05764971;241,4219937;1,444491226
06:44;42,05741166;241,4511289;1,444699086
06:45;42,06434984;242,4785349;4,506712771
06:46;42,10626015;239,3478008;7,737827198
06:47;42,14346342;236,568686;10,60604836
06:48;42,19317489;232,8551987;14,43860072
06:49;42,22688611;230,3369431;17,03759874
06:50;42,26976468;227,1338794;20,34336182
06:51;42,30337093;224,6234653;22,93426698
06:52;42,36075779;220,3366201;27,35856077
06:53;42,38305426;218,6710557;29,07752789
06:54;42,44599458;213,969363;33,92997038
06:55;42,46433173;212,5995623;35,34369083
06:56;42,52259569;208,2471976;39,83560477
06:57;42,54977964;206,2165344;41,93137679
06:58;42,61177907;201,5851268;46,71128066
06:59;42,61645922;201,2355153;47,07210168
07:00;42,71938246;199,189416;45,892474
07:01;42,79897938;198,9010552;42,88985844
07:02;42,88256949;198,5982279;39,73660825
07:03;42,96486411;198,3000939;36,63222762
07:04;43,03875698;198,0323975;33,84478429
07:05;43,14031761;197,6644673;30,01363683
07:06;43,24024402;197,3024574;26,24413645
07:07;43,29151723;197,1167067;24,30996905
07:08;43,40042149;196,7221722;20,20179947
07:09;43,48445151;196,4177513;17,03195463
07:10;43,58667074;196,0474351;13,1759629
07:11;43,59564155;196,014936;12,837559
07:12;43,68777341;195,681164;9,362090714
07:13;43,81811684;195,2089604;4,445176061
07:14;43,90158142;194,906588;1,296661609
07:15;43,55546428;189,0109966;3,877745724
07:16;43,26446381;183,4506937;5,16350326
07:17;42,95821275;177,5989897;6,516644028
07:18;42,68355824;172,3510181;7,730178471
07:19;42,39018668;166,7454096;9,026412411
07:20;42,04796217;160,2063415;10,5384984
07:21;41,75993928;154,7029329;11,81109978
07:22;41,46828272;149,1300939;13,09975615
07:23;41,12188103;142,5112101;14,63029861
07:24;41,00216557;140,2237423;15,15924983
07:25;40,66521954;133,7855331;16,64801334
07:26;40,1073087;123,1252301;19,11308857
07:27;39,92889933;119,7162661;19,90137317
07:28;39,86464658;118,488554;20,18526778
07:29;39,45305244;110,6240032;22,00385676
07:30;39,30781924;106,2813159;21,0357099
07:31;39,24744427;103,3138858;19,43982259
07:32;39,1925336;100,6150263;17,98837285
07:33;39,14053823;98,05945418;16,61398319
07:34;39,08429428;95,29506384;15,12729086
07:35;39,04148093;93,19078753;13,99560863
07:36;38,98062752;90,19984256;12,38707497
07:37;38,92197478;87,31706026;10,83671131
07:38;38,85135392;83,84604537;8,969995492
07:39;38,80459155;81,54767477;7,733929127
07:40;38,75979861;79,34610176;6,549920618
07:41;38,68085864;75,46620192;4,463305998
07:42;38,65064607;73,98125425;3,664699425
07:43;38,61209362;72,08640155;2,64564545
07:44;38,52104195;67,61121194;0,238883302
07:45;38,18229313;81,77103482;2,18555452
07:46;37,86516579;93,49843494;3,46712026
07:47;37,54179349;105,4567741;4,773922935
07:48;37,20849702;117,7821102;6,120830881
07:49;36,91384785;128,6782651;7,311558463
07:50;36,3910561;148,0111551;9,4242492
07:51;36,07595683;159,6635568;10,69761914
07:52;35,78931403;170,2636356;11,85599164
07:53;35,49918508;180,9926326;13,02845227
07:54;35,07121946;196,8188428;14,7579344
07:55;34,59611468;214,3882638;16,67791391
07:56;34,35235601;223,4024833;17,66298432
07:57;34,27494866;226,2650145;17,97580063
07:58;33,78188016;244,498736;19,96837464
07:59;33,31619267;261,7199047;21,85029729
08:00;33,49563024;250,6632919;20,65531721
08:01;33,58591668;242,3740422;19,76434417
08:02;33,66425928;235,1813638;18,99123649
08:03;33,75717568;226,6506558;18,07431021
08:04;33,82196273;220,7025203;17,43497269
08:05;33,89718409;213,7964043;16,69266627
08:06;34,01133025;203,3165806;15,56623858
08:07;34,03933972;200,7450149;15,2898329
08:08;34,12702647;192,6944447;14,42451441
08:09;34,27265131;179,3245448;12,98744582
08:10;34,33634514;173,476778;12,35889646
08:11;34,37995633;169,4728106;11,92852856
08:12;34,51597505;156,9848539;10,58625595
08:13;34,59834599;149,4223316;9,773395466
08:14;34,69533837;140,5174054;8,816246206
08:15;34,96382242;147,4917945;9,764287559
08:16;35,2817567;149,8380348;10,21431796
08:17;35,55202182;151,832494;10,59687352
08:18;35,95501212;154,8064172;11,16729924
08:19;36,23615236;156,8811307;11,56524832
08:20;36,48528051;158,7196067;11,91788487
08:21;36,94463516;162,1094784;12,56809333
08:22;37,04555254;162,8542122;12,71094012
08:23;37,33847029;165,0158396;13,12556006
08:24;37,65884376;167,3800803;13,5790431
08:25;38,10883613;170,7008618;14,21599944
08:26;38,55983198;174,0290485;14,85437617
08:27;38,69136045;174,9996812;15,04055242
08:28;39,07265302;177,8134829;15,58026537
08:29;39,40628048;180,2755333;16,05250921
08:30;39,51703083;181,5153516;16,66325393
08:31;39,68444087;183,2012251;17,38420593
08:32;39,84486527;184,8167509;18,07507425
08:33;39,99925816;186,3715375;18,73996786
08:34;40,14785832;187,8679895;19,37991506
08:35;40,30584926;189,4590096;20,06030367
08:36;40,48127508;191,2256047;20,8157757
08:37;40,64135068;192,837618;21,50514191
08:38;40,9003656;195,4459825;22,6205907
08:39;40,94853302;195,9310441;22,82802389
08:40;41,16534129;198,1143739;23,76170961
08:41;41,25864654;199,0539881;24,16352905
08:42;41,58169325;202,3071735;25,554731
08:43;41,75460431;204,0484441;26,29937318
08:44;41,73064085;203,8071243;26,19617445
08:45;42,08931508;202,9295205;25,68863019
08:46;42,31400831;201,4465452;24,94411393
08:47;42,61629661;199,4514424;23,94248804
08:48;42,89798906;197,5922722;23,00910608
08:49;43,10372016;196,2344469;22,32742043
08:50;43,33849386;194,6849405;21,54950275
08:51;43,56709095;193,1761997;20,79205114
08:52;43,96937134;190,5211492;19,45910361
08:53;44,19431231;189,0365387;18,71376645
08:54;44,48928562;187,0897149;17,73637864
08:55;44,63593412;186,1218348;17,25046193
08:56;44,83757659;184,7909945;16,58232387
08:57;45,03031961;183,5188906;15,94367396
08:58;45,30479955;181,7073229;15,03419049
08:59;45,64857748;179,4383887;13,89508963
09:00;45,44711064;174,4723432;12,81494448
09:01;45,16797411;169,7545954;11,91878005
09:02;44,90429837;165,2981537;11,07225229
09:03;44,5738556;159,7132679;10,0113698
09:04;44,3948627;156,6880697;9,436715294
09:05;44,02912757;150,5067;8,262527127
09:06;43,86337888;147,7053451;7,730392989
09:07;43,46157582;140,9143833;6,44040916
09:08;43,23965358;137,1636268;5,727930514
09:09;42,98984623;132,9415779;4,925927057
09:10;42,75054343;128,8970688;4,157648344
09:11;42,47705799;124,2748314;3,279626674
09:12;42,20328596;119,6477501;2,400684898
09:13;41,98158662;115,900761;1,688921887
09:14;41,42146446;106,4340133;0
09:15;41,67054442;107,2686321;0,816071828
09:16;41,72439113;104,9067314;1,110849752
09:17;41,77404754;102,7286318;1,382688301
09:18;41,82501587;100,4929869;1,661708814
09:19;41,89894996;97,24998496;2,066452917
09:20;41,93850509;95,51496224;2,282993092
09:21;41,99589544;92,99762535;2,597170284
09:22;42,03330031;91,35692012;2,801939128
09:23;42,1242575;87,36722726;3,299874272
09:24;42,149609;86,25522364;3,43865831
09:25;42,24110343;82,24196551;3,939534525
09:26;42,24212092;82,19733491;3,945104665
09:27;42,33390801;78,17124001;4,447582979
09:28;42,38522712;75,92020838;4,728523843
09:29;42,44879812;73,13176712;5,076536321
09:30;42,3409076;83,03942753;4,758589116
09:31;42,2525102;91,77881882;4,530850327
09:32;42,15414796;101,5033827;4,277439041
09:33;42,03583087;113,2007796;3,972617927
09:34;41,94232376;122,4453421;3,731714939
09:35;41,87069631;129,5267762;3,547180668
09:36;41,74943414;141,5153374;3,234772137
09:37;41,66450527;149,9118141;3,01596932
09:38;41,61566692;154,7402081;2,890146757
09:39;41,48545911;167,6131784;2,554691513
09:40;41,43219174;172,8794462;2,417458448
09:41;41,25437652;190,4591142;1,959351911
09:42;41,13153599;202,6037191;1,642877054
09:43;41,07022681;208,6650401;1,48492579
09:44;40,95986515;219,5759244;1,200600316
09:45;40,86199429;211,2466831;5,093704015
09:46;40,73255401;207,1560543;8,648197401
09:47;40,57990355;202,3319276;12,84005337
09:48;40,44273487;197,9970628;16,60677218
09:49;40,32059425;194,1371213;19,96081327
09:50;40,18663148;189,9035709;23,63949636
09:51;40,07674287;186,4308229;26,65709111
09:52;39,90226141;180,916783;31,44843729
09:53;39,80734769;177,917278;34,05481429
09:54;39,59927837;171,34178;39,76849929
09:55;39,46424574;167,0744197;43,47656105
09:56;39,32646248;162,7201327;47,26015653
09:57;39,18135295;158,1343174;51,24493522
09:58;39,05668719;154,1945755;54,66831764
09:59;38,86982529;148,2892836;59,79963665
10:00;39,27770741;142,3076695;59,7785198
10:01;39,59562058;134,0468378;61,89387014
10:02;39,97953054;124,0711093;64,44835392
10:03;40,21279269;118,0098965;66,00044806
10:04;40,54221241;109,4500725;68,19236132
10:05;40,85009813;101,4497997;70,24099034
10:06;41,31662608;89,32727963;73,34520282
10:07;41,46047699;85,58937801;74,30236691
10:08;41,89922606;74,18867964;77,22174257
10:09;42,26228116;64,75485512;79,63746105
10:10;42,50929928;58,3361998;81,28108546
10:11;42,96021679;46,61930997;84,28142825
10:12;43,36618521;36,07040212;86,982686
10:13;43,72597318;26,72147239;89,37666548
10:14;44,09213581;17,20690038;91,81306096
10:15;43,71365263;38,27393286;85,18607548
10:16;43,58417012;50,94076719;80,92188064
10:17;43,43965886;65,07781404;76,16274978
10:18;43,24636368;83,98722516;69,79703825
10:19;43,12251256;96,1031608;65,71829932
10:20;42,97318284;110,71158;60,8004845
10:21;42,83549334;124,1812772;56,26601188
10:22;42,61445531;145,8046772;48,98665633
10:23;42,48820258;158,1555542;44,82882616
10:24;42,30068431;176,49983;38,65336319
10:25;42,21121425;185,2523823;35,70688206
10:26;42,15226674;191,0190173;33,76558761
10:27;41,85305157;220,2902225;23,91165575
10:28;41,81005833;224,4961053;22,49577682
10:29;41,53215589;251,6823587;13,34372839
10:30;40,97784704;239,6427775;20,96581825
10:31;40,37877222;235,9427356;25,56716742
10:32;39,7778895;232,2315276;30,18240268
10:33;39,06889399;227,8525869;35,62802617
10:34;38,58680816;224,8750994;39,33081117
10:35;38,02150789;221,3836578;43,67274616
10:36;37,50332127;218,1832025;47,65281259
10:37;36,87460042;214,3000589;52,48186583
10:38;36,03675318;209,1252964;58,91716842
10:39;35,2163128;204,0580431;65,21877308
10:40;34,66655595;200,6626018;69,44132284
10:41;34,08434238;197,0666994;73,91316483
10:42;33,68203236;194,581928;77,00321107
10:43;32,61078551;187,9656287;85,23119978
10:44;32,15421892;185,1457547;88,73797759
10:45;33,17204521;186,3262781;82,19625133
10:46;33,98335736;186,0402377;77,28846104
10:47;34,70175592;185,7869554;72,94272374
10:48;35,4832849;185,5114155;68,21509789
10:49;36,44657211;185,1717939;62,38797988
10:50;37,05827331;184,9561294;58,6876764
10:51;37,89561196;184,6609129;53,62244659
10:52;38,88887867;184,3107217;47,6139766
10:53;39,41919372;184,123751;44,40599428
10:54;40,27422613;183,8222964;39,23373136
10:55;40,70295579;183,6711412;36,64025946
10:56;42,11888735;183,1719331;28,07500485
10:57;42,81974044;182,9248367;23,83540359
10:58;43,07206524;182,8358757;22,30904018
10:59;43,94167709;182,5292809;17,04858327
11:00;44,99045346;173,9618485;18,66954843
11:01;45,66071723;165,991601;22,12962708
11:02;46,38812619;157,3418281;25,88470426
11:03;47,05200332;149,4475255;29,31181339
11:04;47,72063847;141,4966443;32,76348465
11:05;48,68529224;130,0257435;37,7432822
11:06;49,50383967;120,2922238;41,96884028
11:07;50,0134391;114,2324699;44,59952712
11:08;50,6443275;106,7304432;47,8563397
11:09;51,36675301;98,13992961;51,58569099
11:10;52,41789134;85,64062259;57,01194474
11:11;52,70615056;82,21287156;58,50001498
11:12;53,77173974;69,54172651;64,00086781
11:13;54,1645869;64,87029833;66,02884862
11:14;55,61861274;47,58017136;73,53491405
11:15;56,23418634;56,48559775;67,69649983
11:16;57,39156259;59,96414331;64,09054521
11:17;58,55155224;63,45054352;60,47644823
11:18;59,66697396;66,80299289;57,00120833
11:19;60,54429941;69,43983335;54,26778804
11:20;61,39470126;71,99575376;51,61825165
11:21;62,39023073;74,98786163;48,51655152
11:22;63,70447899;78,93789295;44,42184197
11:23;64,94153014;82,65590494;40,56764996
11:24;66,42415291;87,1119933;35,94834797
11:25;67,56620948;90,54449487;32,39012379
11:26;68,55321378;93,51097997;29,31498491
11:27;68,76844435;94,15786499;28,64440637
11:28;70,13385021;98,26165274;24,39030874
11:29;72,04806926;104,0149228;18,42631301
11:30;72,22515155;109,5761296;19,88853672
11:31;73,05833746;117,0263802;19,27338445
11:32;73,85649589;124,163419;18,68409345
11:33;74,7965283;132,5690784;17,99005499
11:34;75,46499889;138,5464639;17,49651424
11:35;76,65997504;149,2318002;16,61424742
11:36;77,41432223;155,9770841;16,05730284
11:37;78,35661896;164,4029907;15,36159261
11:38;78,97372734;169,9211014;14,90597326
11:39;80,21174524;180,991312;13,99192814
11:40;80,98376694;187,8946393;13,42193423
11:41;81,11803189;189,0952207;13,32280463
11:42;82,83219377;204,4230549;12,05721606
11:43;83,42037497;209,682502;11,62295405
11:44;83,79772637;213,0567339;11,34435048
11:45;81,29559769;209,1476918;14,2199096
11:46;78,50264524;202,9511052;17,32761532
11:47;75,94499258;197,2765666;20,17350403
11:48;73,37179297;191,5675348;23,03669176
11:49;71,25192434;186,8642862;25,39546012
11:50;67,3638923;178,2381001;29,72165603
11:51;64,90185433;172,7756972;32,4611547
11:52;61,96142983;166,2519215;35,73295192
11:53;59,74590887;161,3364538;38,1981522
11:54;58,05612598;157,5874153;40,07836608
11:55;54,20730654;149,0482283;44,3609303
11:56;52,94426592;146,245982;45,76630997
11:57;49,18448275;137,9043354;49,94980393
11:58;47,6921284;134,593322;51,61033995
11:59;44,20733307;126,8617775;55,48785616
12:00;43,97214969;128,5529;54,72597505
12:01;43,66399287;130,0843233;54,04427202
12:02;43,38670796;131,4623247;53,4308637
12:03;43,11811234;132,7971437;52,83667779
12:04;42,84846572;134,1371858;52,24016685
12:05;42,54709951;135,6348623;51,57348598
12:06;42,08441194;137,9342451;50,5499308
12:07;41,84687317;139,1147232;50,0244487
12:08;41,53793335;140,6500377;49,34101353
12:09;41,42165606;141,2278919;49,08378549
12:10;41,06697009;142,9905475;48,29915091
12:11;40,82317404;144,202122;47,75982647
12:12;40,50365545;145,790009;47,05298901
12:13;40,24249015;147,087902;46,47524041
12:14;39,93500588;148,615983;45,79502521
12:15;39,40371927;160,8583434;42,8134538
12:16;39,02235755;172,7509823;40,08917579
12:17;38,67480034;183,5894388;37,6063821
12:18;38,20197281;198,334409;34,22871305
12:19;37,77155526;211,7568377;31,15400207
12:20;37,53797562;219,0409414;29,4854133
12:21;37,06439522;233,8093894;26,10236615
12:22;36,72823066;244,2925702;23,70095641
12:23;36,43842575;253,3300403;21,63071939
12:24;36,06008724;265,1284015;18,92803781
12:25;35,69152607;276,6218595;16,29520121
12:26;34,98059375;298,7920485;11,21661781
12:27;34,80003748;304,4226362;9,926804303
12:28;34,2539158;321,4532599;6,025554613
12:29;34,21092531;322,7939042;5,71844971
12:30;34,77449977;324,6552641;4,476714183
12:31;35,61421067;320,391025;4,533914002
12:32;36,32468831;316,783061;4,58231065
12:33;37,24003413;312,1347308;4,644662604
12:34;37,73123872;309,6402844;4,678122707
12:35;38,82868733;304,0671957;4,752879224
12:36;39,32429632;301,5503827;4,786639349
12:37;40,12060432;297,5065531;4,840882629
12:38;40,82149313;293,9472834;4,8886261
12:39;41,41123209;290,9524575;4,928798214
12:40;42,71523442;284,3304429;5,017624853
12:41;42,92168383;283,2820467;5,031687871
12:42;44,31061906;276,2287239;5,126300009
12:43;44,64426557;274,5343925;5,149027498
12:44;45,41982553;270,5959261;5,201857453
12:45;45,59227268;256,8089556;4,859645415
12:46;45,67285721;243,7534113;4,518438754
12:47;45,74375956;232,26648;4,218227797
12:48;45,84340083;216,123542;3,796332101
12:49;45,9100283;205,3291867;3,514221616
12:50;46,00652263;189,6960861;3,105650522
12:51;46,07584057;178,4658475;2,812148228
12:52;46,16915232;163,3483573;2,41705261
12:53;46,26871482;147,2181808;1,995490435
12:54;46,33482819;136,5071159;1,715556746
12:55;46,39411265;126,9024066;1,464537662
12:56;46,4901245;111,3474722;1,05800944
12:57;46,62086989;90,16533645;0,504414307
12:58;46,70233358;76,96735768;0,159485122
12:59;46,78667528;63,30311145;0
13:00;47,39823557;73,28483589;0,828343743
13:01;48,0290565;75,60388885;1,622188074
13:02;48,53463146;77,46250678;2,258419045
13:03;49,37847425;80,56468046;3,320336575
13:04;49,86942822;82,36954806;3,93816805
13:05;50,51973194;84,76022452;4,756530112
13:06;50,95975219;86,37784721;5,310265031
13:07;51,91272193;89,88119842;6,509511255
13:08;52,52117117;92,11800752;7,275202361
13:09;53,05520912;94,08126242;7,94725203
13:10;53,8241613;96,90811981;8,914924935
13:11;54,42531669;99,11811493;9,671437242
13:12;55,00362318;101,2441118;10,39919578
13:13;55,17373818;101,8694965;10,6132737
13:14;56,05401332;105,1056044;11,72103881
13:15;56,21061038;104,7356404;11,52336359
13:16;56,2535365;103,8938696;11,1601318
13:17;56,29183168;103,1429105;10,83608607
13:18;56,33489325;102,2984835;10,47170814
13:19;56,37742444;101,4644573;10,11181821
13:20;56,41396956;100,7478164;9,802581161
13:21;56,46689802;99,70990224;9,354711711
13:22;56,49968953;99,06686882;9,077236927
13:23;56,55055523;98,06940482;8,646822114
13:24;56,5724312;97,64042242;8,461712294
13:25;56,63720727;96,37017935;7,913590823
13:26;56,64809436;96,1566862;7,821466581
13:27;56,68249846;95,48203025;7,530346388
13:28;56,72022902;94,74214303;7,211078303
13:29;56,7637599;93,88851311;6,842729207
13:30;57,96769027;94,34397652;6,946309952
13:31;59,18764283;95,24342586;7,238545973
13:32;60,12457521;95,93420946;7,462985351
13:33;61,50468037;96,95173647;7,793585455
13:34;62,25320116;97,50360755;7,972891393
13:35;63,40703977;98,35431225;8,249290014
13:36;64,56916991;99,21113015;8,527674847
13:37;66,35969221;100,5312504;8,956589163
13:38;67,16836031;101,127467;9,150303209
13:39;67,7267869;101,539185;9,284072646
13:40;69,88851421;103,1329882;9,80190802
13:41;71,1812125;104,0860717;10,11157007
13:42;71,68333197;104,4562754;10,2318513
13:43;72,7491591;105,2420908;10,48716703
13:44;74,21130884;106,3201078;10,83742067
13:45;74,57681472;118,7191223;10,16792321
13:46;75,20390446;132,483511;9,487906095
13:47;75,85279898;146,7265063;8,784243853
13:48;76,27657031;156,0281307;8,324705553
13:49;76,98176221;171,506833;7,559994331
13:50;77,58099559;184,6597848;6,9101847
13:51;78,17482941;197,6942181;6,266230367
13:52;78,93538924;214,3882259;5,441478082
13:53;79,2341888;220,9467661;5,117459365
13:54;79,74164011;232,0851353;4,567178359
13:55;80,44205943;247,4590812;3,807642531
13:56;80,78505672;254,9877452;3,43569573
13:57;81,53626351;271,4764573;2,621085893
13:58;82,46709947;291,9079635;1,611685895
13:59;82,64820932;295,8832579;1,415290085
14:00;81,68746439;294,5124043;1,26467095
14:01;80,57387976;289,4568441;1,29974501
14:02;79,3862967;284,0653385;1,337149764
14:03;78,38287378;279,5099012;1,368754111
14:04;77,35064003;274,8236657;1,4012659
14:05;76,09879731;269,1404279;1,440694611
14:06;74,98982131;264,1057904;1,475623514
14:07;73,93251279;259,3057179;1,508925072
14:08;72,62773977;253,382182;1,550020903
14:09;71,88692119;250,0189415;1,573354123
14:10;71,10360491;246,4627658;1,598025874
14:11;69,71278039;240,1485649;1,64183203
14:12;67,98175691;232,2898955;1,696353275
14:13;66,7056384;226,4964481;1,736546589
14:14;66,46953096;225,4245445;1,743983156
14:15;65,18759967;218,2315402;1,640854253
14:16;64,15741805;212,1777362;1,529407621
14:17;62,86275087;204,5696979;1,389348535
14:18;61,70650244;197,7750695;1,264263802
14:19;60,67484934;191,7126185;1,152657983
14:20;59,43525304;184,4282011;1,01855655
14:21;58,66283715;179,8891428;0,934995411
14:22;57,53021043;173,2333261;0,812466112
14:23;56,35007114;166,2983044;0,684796828
14:24;54,90751166;157,8211854;0,528738526
14:25;53,85918387;151,6607465;0,415328814
14:26;53,87435204;151,7498814;0,41696973
14:27;52,07501602;141,1761852;0,222314792
14:28;50,75295757;133,4071837;0,079292477
14:29;50,58411994;132,4150189;0,061027363
14:30;50,52898741;128,7386476;0,959404668
14:31;51,08972446;128,3405558;2,01635368
14:32;51,5454249;128,0170342;2,875316224
14:33;52,15199568;127,5864031;4,018658528
14:34;52,60780412;127,2628047;4,877824659
14:35;53,21032184;126,8350511;6,013527214
14:36;53,80847582;126,4103954;7,141004457
14:37;54,091682;126,209335;7,674827732
14:38;54,98888291;125,5723728;9,365986928
14:39;55,10455791;125,4902501;9,584025972
14:40;55,96540729;124,8790955;11,20666515
14:41;56,42011553;124,5562782;12,06375748
14:42;57,00243362;124,1428651;13,16138519
14:43;57,76485059;123,601592;14,59848635
14:44;57,76264058;123,603161;14,59432065
14:45;57,43161903;121,6792252;14,77268267
14:46;56,85659622;119,959448;14,47962504
14:47;56,1528739;117,8547566;14,12097631
14:48;55,55305883;116,0608307;13,81528342
14:49;54,89002474;114,0778295;13,47737126
14:50;54,5297857;113,0004272;13,29377714
14:51;53,83837656;110,932562;12,94140378
14:52;53,14232012;108,8507977;12,58666193
14:53;52,55062195;107,0811478;12,28510578
14:54;52,12449533;105,8066891;12,06793238
14:55;51,21378385;103,0829348;11,60379261
14:56;50,88431316;102,0975544;11,43587944
14:57;49,81870487;98,91053505;10,89279726
14:58;49,84457626;98,98791117;10,90598249
14:59;48,74266523;95,69231763;10,34439879
15:00;47,84980631;95,91064521;10,8014199
15:01;46,78957147;95,41408114;11,1054752
15:02;45,61451244;94,86373883;11,44245991
15:03;44,43541982;94,31150737;11,78060137
15:04;43,60635934;93,92321449;12,01836024
15:05;42,18546902;93,25773638;12,42584472
15:06;40,92049383;92,66528157;12,78861568
15:07;39,70094823;92,09410385;13,1383583
15:08;38,65045389;91,60210177;13,43962021
15:09;37,92123409;91,26056956;13,64874666
15:10;37,41968967;91,02566977;13,79258011
15:11;36,35515925;90,52709385;14,09786731
15:12;35,1854873;89,9792746;14,43330711
15:13;33,0522691;88,98017566;15,04507375
15:14;32,3010095;88,62832104;15,26052079
15:15;33,77270094;89,81996842;21,44328975
15:16;35,02252628;90,85942651;27,05497164
15:17;36,25120164;91,88129453;32,57169073
15:18;37,59646515;93,00012689;38,61188742
15:19;39,24495978;94,37115133;46,01358366
15:20;40,11444813;95,09428972;49,91756275
15:21;42,27797574;96,89365817;59,63174311
15:22;43,75473002;98,12184913;66,26232982
15:23;44,41870676;98,67406708;69,24356738
15:24;46,45471349;100,3673786;78,3851824
15:25;47,40702148;101,1593967;82,6610195
15:26;49,16999638;102,6256324;90,57672902
15:27;49,94794819;103,2726414;94,06971156
15:28;50,49749322;103,7296885;96,53715386
15:29;52,60450246;105,4820516;105,9975682
15:30;53,95979592;117,3379984;105,446449
15:31;55,38817166;130,5472653;104,4239594
15:32;56,73496691;143,0020958;103,4598684
15:33;57,95683996;154,3016766;102,5852018
15:34;59,01181282;164,0578056;101,8300091
15:35;60,26780512;175,6729128;100,9309186
15:36;61,81735267;190,0027467;99,82168916
15:37;62,96034586;200,572866;99,00348798
15:38;64,6677277;216,3623124;97,78127436
15:39;65,52885695;224,3258235;97,16484289
15:40;66,6316481;234,5241642;96,37541997
15:41;68,02645653;247,4230088;95,37695915
15:42;70,2962963;268,4139275;93,75211519
15:43;70,63237387;271,5218901;93,51153714
15:44;72,12597028;285,3343015;92,44235986
15:45;70,88234624;278,7932969;88,21479181
15:46;69,52780025;271,5250013;83,75862456
15:47;68,33809608;265,1412229;79,84475176
15:48;67,01947533;258,0656969;75,50677091
15:49;65,57901722;250,3364094;70,76797112
15:50;64,28202964;243,3769639;66,50115878
15:51;62,97680773;236,3733341;62,20725725
15:52;61,2320922;227,011446;56,46751553
15:53;60,0800105;220,8295442;52,67741261
15:54;58,51557762;212,4350262;47,53076228
15:55;57,28793248;205,8476621;43,49207179
15:56;56,49797239;201,6088519;40,89327167
15:57;55,55597421;196,5542275;37,79429871
15:58;54,58710714;191,3554286;34,60693282
15:59;52,90469684;182,3278611;29,07216197
16:00;51,51629036;175,8201322;25,85212882
16:01;50,5480422;171,5713488;24,02067296
16:02;49,42946067;166,6628855;21,90485927
16:03;48,43297036;162,2901724;20,01998295
16:04;47,58099381;158,5516021;18,40845658
16:05;46,60928159;154,2876181;16,5704484
16:06;45,95048102;151,396726;15,32431728
16:07;44,79558124;146,3288941;13,13980709
16:08;43,36023354;140,0304247;10,42482547
16:09;43,05386697;138,6860532;9,845328517
16:10;42,15808148;134,7552443;8,150936868
16:11;41,01428754;129,7361461;5,987433553
16:12;39,71405593;124,0305815;3,528026022
16:13;38,98263481;120,8210222;2,144532041
16:14;38,04751224;116,7175977;0,375733738
16:15;39,79723422;114,6095412;0,280470871
16:16;41,90668091;112,840105;0,43423263
16:17;43,76991448;111,2771961;0,570047425
16:18;45,27546266;110,0143192;0,679789822
16:19;47,09319443;108,489578;0,8122879
16:20;48,8463763;107,0189821;0,940080809
16:21;51,87919467;104,4750076;1,161148964
16:22;53,02896496;103,5105626;1,244958003
16:23;55,01072702;101,8482302;1,389412576
16:24;57,20319099;100,0091578;1,549225629
16:25;58,31084986;99,08003661;1,629965084
16:26;59,78803172;97,84095381;1,737639803
16:27;63,19133339;94,98621219;1,985713221
16:28;64,60090208;93,80384436;2,088459483
16:29;65,76396789;92,82824693;2,173237659
16:30;65,10103035;94,04498069;2,109169525
16:31;63,42081987;96,18275008;1,969336101
16:32;61,79334281;98,25342555;1,833891351
16:33;60,31109051;100,1393283;1,71053275
16:34;58,74634794;102,1301853;1,580308999
16:35;57,28296831;103,992076;1,458521053
16:36;55,56065429;106,1834146;1,315183615
16:37;53,76168675;108,4722813;1,165466783
16:38;52,7720775;109,7313833;1,083107786
16:39;50,46110754;112,6716821;0,89078019
16:40;50,07000513;113,1692904;0,85823118
16:41;47,81841065;116,0340444;0,670845034
16:42;46,39937421;117,8395163;0,552747495
16:43;43,71708385;121,2522543;0,329517222
16:44;43,21968755;121,8851027;0,288122035
16:45;42,55037681;120,2901009;1,293370578
16:46;42,1024667;118,6666375;2,207232056
16:47;41,65195173;117,0337326;3,126408174
16:48;41,06537219;114,9076577;4,323193937
16:49;40,65977113;113,4375447;5,150733155
16:50;40,20193431;111,7781015;6,084847903
16:51;39,68413263;109,901314;7,141307656
16:52;39,3195476;108,5798648;7,885162742
16:53;38,84954309;106,8763195;8,844102946
16:54;38,40550989;105,266908;9,750054459
16:55;37,74591203;102,876176;11,09581796
16:56;37,1176234;100,5989253;12,37770189
16:57;36,61237092;98,76762276;13,40855777
16:58;36,25697025;97,4794625;14,13367421
16:59;35,52700693;94,83368881;15,62300287
17:00;36,0468553;95,90246617;14,87632356
17:01;36,20899014;95,72082243;14,84172162
17:02;36,38104551;95,52806447;14,80500248
17:03;36,52108114;95,37117901;14,77511683
17:04;36,7180022;95,15056338;14,73309099
17:05;36,8143655;95,04260516;14,71252566
17:06;37,00610519;94,82779435;14,6716056
17:07;37,16823811;94,64615275;14,63700406
17:08;37,29634889;94,50262701;14,60966335
17:09;37,59408839;94,16906195;14,54612138
17:10;37,66380199;94,09096004;14,53124348
17:11;37,8245963;93,91081813;14,49692762
17:12;38,06726966;93,63894504;14,44513757
17:13;38,15566366;93,53991503;14,426273
17:14;38,35376442;93,31797775;14,3839954
17:15;38,40436153;101,5239316;15,52282236
17:16;38,46528448;108,7130772;16,51958121
17:17;38,53803224;117,2975966;17,70980552
17:18;38,62087781;127,0736971;19,06523986
17:19;38,67993026;134,0421167;20,03139556
17:20;38,76275622;143,8159028;21,38650902
17:21;38,83423845;152,2510855;22,55602813
17:22;38,89564707;159,4975425;23,56073308
17:23;38,95239322;166,1938096;24,48915545
17:24;39,04049324;176,5899556;25,93055771
17:25;39,04989114;177,6989441;26,08431647
17:26;39,17521455;192,4875964;28,13472984
17:27;39,18806959;194,0045405;28,34505074
17:28;39,24846463;201,1313913;29,33317256
17:29;39,32778334;210,4913084;30,63090401
17:30;39,68710914;216,2208164;30,2591812
17:31;39,9838321;217,9695519;29,44385648
17:32;40,37924496;220,299916;28,35735516
17:33;40,66852183;222,0047681;27,56249054
17:34;40,9425893;223,6199836;26,80941774
17:35;41,27790547;225,5961681;25,88804795
17:36;41,55423925;227,2247401;25,12874789
17:37;41,90665623;229,3017082;24,1603891
17:38;42,30181239;231,6305594;23,07459314
17:39;42,62719986;233,5482291;22,1805051
17:40;42,91426103;235,2400229;21,39172868
17:41;43,27277869;237,3529453;20,40660668
17:42;43,55125916;238,9941688;19,64140801
17:43;43,98510706;241,5510497;18,44929626
17:44;44,52223782;244,7166276;16,97338758
17:45;44,34982198;233,7711401;18,68741961
17:46;44,41476694;224,9180968;19,66260777
17:47;44,48649093;215,1409616;20,7395873
17:48;44,55006248;206,4751367;21,6941528
17:49;44,61729618;197,3101013;22,70370778
17:50;44,68689526;187,822626;23,74878044
17:51;44,7699629;176,4991691;24,99609175
17:52;44,81901773;169,8122061;25,73267993
17:53;44,90277909;158,3941849;26,99040777
17:54;44,9874461;146,852709;28,2617345
17:55;45,00310519;144,7181219;28,4968654
17:56;45,0732961;135,1499717;29,55082463
17:57;45,2083641;116,7380284;31,57895308
17:58;45,28234764;106,6528812;32,68986102
17:59;45,2795805;107,0300871;32,6483107
18:00;45,89338184;106,533132;31,95701852
18:01;46,54835124;109,8371694;30,76260704
18:02;47,16349897;112,9403238;29,6408149
18:03;47,6790547;115,5410795;28,70064016
18:04;48,2704185;118,5242542;27,62222074
18:05;48,83064425;121,3503509;26,60058511
18:06;49,41308595;124,2885174;25,53843617
18:07;50,35350332;129,0325164;23,8234777
18:08;50,47143771;129,6274444;23,60841088
18:09;51,42436832;134,4345673;21,8706331
18:10;51,920781;136,9387547;20,96536788
18:11;52,24194862;138,5589065;20,37968205
18:12;53,09209171;142,8475108;18,82934905
18:13;53,9077244;146,962025;17,3419497
18:14;54,74046373;151,1628349;15,82335444
18:15;52,92697133;145,4636162;15,50864314
18:16;51,41560582;141,5681096;14,34935135
18:17;49,93825474;137,7602742;13,2161503
18:18;48,76811683;134,7442731;12,31859688
18:19;47,44993386;131,3466897;11,30748562
18:20;46,30364309;128,392154;10,42822413
18:21;44,23112597;123,0502931;8,83850141
18:22;43,269235;120,5710433;8,10068365
18:23;41,45611809;115,89778;6,709933673
18:24;40,30967745;112,942858;5,830557229
18:25;39,02743317;109,6379056;4,847012703
18:26;37,98744747;106,9573686;4,049292445
18:27;36,86395016;104,0615825;3,187514666
18:28;35,63315915;100,8892495;2,243437334
18:29;32,6902731;93,30403461;0
18:30;34,90727942;103,5985422;0,864458268
18:31;36,50178972;112,6023575;1,209007034
18:32;37,78597735;119,8538555;1,486499917
18:33;39,53601361;129,7358884;1,864655413
18:34;40,70782802;136,3528419;2,117866199
18:35;42,28885413;145,2805153;2,459501243
18:36;43,94286001;154,6202878;2,816906072
18:37;45,81249044;165,1776401;3,220903998
18:38;47,57271124;175,1171827;3,601260215
18:39;49,06350413;183,5353308;3,923397267
18:40;49,65553802;186,8784035;4,051326542
18:41;51,33926866;196,3860245;4,415154427
18:42;54,04437364;211,6611003;4,999685353
18:43;54,23102812;212,7150932;5,04001847
18:44;55,38312362;219,2206987;5,288968307
18:45;57,29005839;227,4248009;5,345969717
18:46;58,309193;230,8467318;5,243124121
18:47;59,39385933;234,4886974;5,133665415
18:48;60,32524915;237,6160091;5,039674552
18:49;61,67160605;242,1366487;4,903807438
18:50;62,69335169;245,5673466;4,800698351
18:51;63,56416313;248,4912553;4,712820733
18:52;65,09462816;253,6300716;4,558374414
18:53;66,05332658;256,8490769;4,461627714
18:54;66,8350509;259,4738593;4,382740291
18:55;68,06811464;263,6140964;4,258306114
18:56;68,95494024;266,5917756;4,168812433
18:57;70,50086195;271,7824905;4,012806309
18:58;70,79206601;272,7602614;3,983419558
18:59;72,73775999;279,2932848;3,787070562
19:00;72,73949348;270,4698481;6,179325532
19:01;72,93821098;260,7854834;8,964203939
19:02;73,09463776;253,1621284;11,15640934
19:03;73,25310939;245,4391188;13,37727188
19:04;73,46663273;235,0332012;16,3696432
19:05;73,64986618;226,1034409;18,93752425
19:06;73,84866101;216,4153072;21,72348649
19:07;74,02494987;207,8239869;24,19404425
19:08;74,21562638;198,5314942;26,86623422
19:09;74,37308771;190,8577212;29,07293807
19:10;74,60483395;179,5637228;32,32068981
19:11;74,72461542;173,7262524;33,9993384
19:12;74,93427772;163,5085002;36,93760007
19:13;75,1103761;154,926463;39,40548834
19:14;75,28563159;146,3855033;41,86156417
19:15;76,30303666;154,5639223;40,45706415
19:16;77,38125692;160,3292975;39,75550217
19:17;78,25739477;165,0141134;39,18542847
19:18;79,16887445;169,8879064;38,59235902
19:19;80,51709802;177,0970223;37,71511489
19:20;81,4973819;182,3387197;37,07727684
19:21;82,1755547;185,9649924;36,63601241
19:22;83,41942816;192,6161355;35,82666541
19:23;84,86528976;200,3473338;34,88589146
19:24;85,11402416;201,677347;34,72404828
19:25;86,69000985;210,1043346;33,69860692
19:26;87,15866828;212,6103084;33,3936665
19:27;88,7285399;221,0046034;32,37220337
19:28;89,75825482;226,5106147;31,7022022
19:29;90,51925242;230,5797616;31,20704643
19:30;88,20808622;223,4090141;30,11632504
19:31;85,90632329;216,0722543;29,12766707
19:32;83,267607;207,6614717;27,9942802
19:33;80,95659235;200,2952224;27,00164842
19:34;78,87280376;193,6532455;26,10661525
19:35;76,25348853;185,3043028;24,98156156
19:36;73,82598869;177,5667626;23,93889682
19:37;70,96191692;168,4376701;22,7087148
19:38;68,28065905;159,8912882;21,55705539
19:39;66,42676216;153,9820801;20,76076577
19:40;64,58718965;148,1185302;19,97062879
19:41;63,51777871;144,7098337;19,51129319
19:42;61,07785892;136,9327055;18,46329381
19:43;56,32334864;121,7779302;16,42112674
19:44;53,66985288;113,3200387;15,28139176
19:45;55,10329619;118,0382068;15,04993424
19:46;55,06330885;118,0537466;14,22047313
19:47;55,01632491;118,0720054;13,24588102
19:48;54,98788936;118,083056;12,65603989
19:49;54,94233877;118,1007578;11,71118006
19:50;54,91089567;118,1129771;11,05895293
19:51;54,85536226;118,1345584;9,907018556
19:52;54,81476185;118,1503365;9,064840503
19:53;54,79399721;118,158406;8,634117768
19:54;54,73131798;118,1827642;7,333956911
19:55;54,70030423;118,1948167;6,690635965
19:56;54,67634861;118,2041263;6,193722392
19:57;54,5864917;118,2390463;4,329812359
19:58;54,59211206;118,2368621;4,446396011
19:59;54,52688954;118,2622088;3,093479476
20:00;54,60081683;130,0037426;3,861815625
20:01;54,66916139;141,3365379;4,54106056
20:02;54,72546687;150,6730301;5,100654624
20:03;54,80169874;163,3136878;5,858287887
20:04;54,86961076;174,5747593;6,533233965
20:05;54,95091058;188,0557765;7,341235204
20:06;55,03224231;201,5420853;8,149553598
20:07;55,06340814;206,7099573;8,459296321
20:08;55,16872758;224,1738727;9,506017429
20:09;55,18256431;226,4682585;9,643534243
20:10;55,26901279;240,8030197;10,50270567
20:11;55,3688234;257,353469;11,49467707
20:12;55,41821801;265,5440102;11,98558716
20:13;55,49113043;277,6342421;12,71022999
20:14;55,52677553;283,5448604;13,06449012
20:15;56,35723582;282,3884056;14,29267114
20:16;57,21986768;276,1124053;15,31168735
20:17;58,14954798;269,3486001;16,40990705
20:18;58,93682727;263,6208206;17,33991023
20:19;59,7017569;258,0556441;18,24351203
20:20;60,37549931;253,1538919;19,0393955
20:21;61,18125917;247,2916587;19,99122955
20:22;62,54619255;237,361209;21,60360827
20:23;63,41205476;231,0617065;22,62644046
20:24;63,83238675;228,003619;23,12297338
20:25;64,96012918;219,7988306;24,4551614
20:26;65,61761409;215,0153585;25,23184009
20:27;66,67082014;207,3528528;26,47597922
20:28;67,78179554;199,2700515;27,78836055
20:29;67,4871135;201,4139841;27,44025635
20:30;66,74062226;194,4624348;27,01473838
20:31;65,38758857;191,6078637;25,88435921
20:32;64,17261098;189,0445573;24,86931771
20:33;62,77986341;186,1061996;23,70575995
20:34;61,10318828;182,5688241;22,30499762
20:35;60,37022861;181,0224579;21,69265341
20:36;59,06647952;178,2718653;20,6034486
20:37;57,66055435;175,3057061;19,42888174
20:38;55,86713915;171,5220375;17,93059002
20:39;54,97011667;169,6295388;17,1811811
20:40;52,9622794;165,3934919;15,50375249
20:41;52,30023664;163,9967432;14,95065514
20:42;50,18649264;159,5372589;13,18474776
20:43;49,77268906;158,6642342;12,83903948
20:44;47,62642891;154,1361488;11,04596679
20:45;49,35217967;162,8777063;10,60527678
20:46;50,96698269;172,2436388;9,755076431
20:47;52,25114306;179,6918286;9,078960776
20:48;53,62848932;187,680501;8,353782369
20:49;54,90808219;195,102199;7,680071525
20:50;56,57920277;204,794776;6,800219745
20:51;57,96695095;212,8437799;6,069564688
20:52;58,95201595;218,5572027;5,550923962
20:53;61,38594918;232,6741285;4,269448219
20:54;62,90517022;241,4856811;3,469572167
20:55;64,20116986;249,0025392;2,78722309
20:56;65,14168681;254,4575812;2,292037091
20:57;67,17745347;266,2651224;1,22019767
20:58;68,8146756;275,7610869;0,35819356
20:59;69,86577149;281,8574919;0
21:00;68,08241151;269,9230063;0,00599744
21:01;66,65385589;260,0284198;0,012062671
21:02;65,10004785;249,2662989;0,018659688
21:03;63,42411413;237,6583005;0,025775216
21:04;62,04920985;228,1353185;0,031612659
21:05;60,66367644;218,5387161;0,037495231
21:06;59,64468975;211,4809216;0,041821552
21:07;58,06476917;200,5379378;0,048529435
21:08;55,63737077;183,7250791;0,058835463
21:09;54,60103232;176,5471014;0,063235454
21:10;53,24871367;167,1805539;0,068977006
21:11;52,2817011;160,4827471;0,07308266
21:12;49,43960447;140,7975694;0,085149376
21:13;49,11562694;138,553608;0,08652489
21:14;47,44677749;126,9946772;0,093610339
21:15;46,74789272;125,3720633;5,612098927
21:16;46,14550384;124,3927969;11,08731164
21:17;45,60239769;123,5099029;16,02369365
21:18;44,97517712;122,4902692;21,72460564
21:19;44,28282316;121,3647522;28,0175259
21:20;43,77135743;120,533294;32,66632294
21:21;43,33739118;119,827822;36,61071431
21:22;42,54875414;118,5457835;43,77876741
21:23;42,03369591;117,7084852;48,46021728
21:24;41,20037836;116,3538125;56,03437894
21:25;41,01938923;116,0595896;57,67941926
21:26;40,30510114;114,8984157;64,17170235
21:27;39,88038519;114,2079813;68,03201622
21:28;39,47797993;113,5538159;71,68954449
21:29;38,88255338;112,5858678;77,1014754
21:30;38,36987871;123,6965753;75,83378639
21:31;38,16703531;137,6083599;70,6098647
21:32;38,00169144;148,9482813;66,35168625
21:33;37,80879734;162,1777045;61,38399356
21:34;37,61957397;175,1553746;56,51083498
21:35;37,43913452;187,5306092;51,86389295
21:36;37,24199459;201,051228;46,7868553
21:37;37,18463736;204,9850081;45,3097077
21:38;36,99861025;217,7434667;40,51886377
21:39;36,72327979;236,6266935;33,42814891
21:40;36,51294706;251,0521248;28,01135113
21:41;36,43484118;256,408928;25,99985361
21:42;36,29588456;265,9391104;22,42123818
21:43;36,03376042;283,9165967;15,67063189
21:44;36,00141514;286,1349611;14,83762863
21:45;36,08368464;287,1472916;10,85344883
21:46;36,33128952;278,0614006;9,989020963
21:47;36,52454837;270,9697435;9,314323675
21:48;36,77458774;261,7945183;8,441396594
21:49;36,94019406;255,7175742;7,863238675
21:50;37,20124081;246,1384319;6,95188309
21:51;37,46585002;236,4285646;6,028090382
21:52;37,64697318;229,782228;5,395760702
21:53;37,9264721;219,525981;4,419985651
21:54;38,1700826;210,5866641;3,56950279
21:55;38,19616828;209,6294467;3,47843353
21:56;38,37430671;203,0926356;2,856524056
21:57;38,83457534;186,2030219;1,249653284
21:58;38,82857362;186,4232558;1,270606236
21:59;39,02050132;179,3804454;0,600556205
22:00;38,88973249;169,8594476;0,130795686
22:01;38,65254425;165,7592881;0,130612999
22:02;38,40250769;161,4370257;0,130420417
22:03;38,11852158;156,5278939;0,130201685
22:04;37,79840634;150,994215;0,129955127
22:05;37,55944127;146,8633403;0,129771072
22:06;37,30600885;142,4823754;0,129575873
22:07;37,16692028;140,0780178;0,129468745
22:08;36,86331315;134,8297067;0,129234901
22:09;36,44490235;127,5968396;0,128912633
22:10;36,19671356;123,3065188;0,128721474
22:11;35,91721196;118,4749084;0,128506197
22:12;35,74942934;115,5745307;0,128376967
22:13;35,64232778;113,7231173;0,128294476
22:14;35,38618043;109,2952206;0,128097186
22:15;35,62413009;113,1542556;1,491199229
22:16;36,00231165;119,4275993;2,907003109
22:17;36,34284065;125,0763557;4,181846574
22:18;36,68756332;130,7946774;5,472389954
22:19;37,05401637;136,8734666;6,844285657
22:20;37,33541734;141,5413966;7,897770644
22:21;37,82687023;149,6937057;9,737630115
22:22;38,18467633;155,6290577;11,07715413
22:23;38,48648126;160,6354523;12,20702573
22:24;38,79068431;165,6816272;13,34587517
22:25;39,18810815;172,2741655;14,83371671
22:26;39,46130586;176,8060183;15,856491
22:27;40,10835581;187,5393995;18,27886151
22:28;40,16749056;188,5203373;18,50024514
22:29;40,838471;199,6506818;21,01220458
22:30;40,52491427;200,4879611;20,00669105
22:31;40,4495362;206,2311083;19,9194731
22:32;40,38622627;211,0547693;19,84621888
22:33;40,31309967;216,6263739;19,76160606
22:34;40,25468749;221,0768691;19,69401889
22:35;40,16270557;228,0850835;19,58758908
22:36;40,12490097;230,9654621;19,54384639
22:37;40,05019475;236,6574203;19,45740583
22:38;39,98679912;241,4876106;19,38405245
22:39;39,9382488;245,1867189;19,32787617
22:40;39,83042808;253,4017109;19,20311971
22:41;39,74245912;260,1041731;19,10133319
22:42;39,69382693;263,8095194;19,04506218
22:43;39,64639616;267,4233275;18,99018131
22:44;39,60191177;270,8126473;18,93870962
22:45;39,45985923;262,0116892;20,22404331
22:46;39,33581071;248,3099252;21,79091226
22:47;39,23563249;237,244752;23,05627314
22:48;39,14574997;227,3167887;24,19158807
22:49;39,03166674;214,7157398;25,63258445
22:50;38,92803876;203,2695238;26,94151957
22:51;38,8138552;190,6573923;28,3837833
22:52;38,65501853;173,1131074;30,39006476
22:53;38,57896348;164,7124568;31,35072344
22:54;38,50859553;156,939973;32,23954793
22:55;38,40519491;145,5188697;33,5456113
22:56;38,31019624;135,0258033;34,74554876
22:57;38,09325973;111,0641075;37,48569499
22:58;37,96170981;96,5337781;39,14731475
22:59;37,85463988;84,70738186;40,4997255
23:00;37,925;92,76849012;36,99719888
23:01;37,925;93,08673147;34,12380336
23:02;37,925;93,35404134;31,71026734
23:03;37,925;93,64398962;29,09232945
23:04;37,925;93,89114744;26,86074591
23:05;37,925;94,15868343;24,44516818
23:06;37,925;94,55116392;20,90146883
23:07;37,925;94,77189118;18,90852635
23:08;37,925;95,0993538;15,95187216
23:09;37,925;95,31592708;13,99643589
23:10;37,925;95,53225791;12,04318867
23:11;37,925;96,08893061;7,017000824
23:12;37,925;96,22662126;5,773794311
23:13;37,925;96,3705644;4,474134316
23:14;37,925;96,95520356;0
23:15;37,93828206;108,3276271;0,4631214
23:16;37,95284916;120,9036558;0,92059949
23:17;37,96495863;131,3579672;1,30089589
23:18;37,97838793;142,9517119;1,722641448
23:19;37,99081915;153,6837965;2,113042399
23:20;38,00572252;166,5501338;2,581081046
23:21;38,02310033;181,5526905;3,126828927
23:22;38,03858901;194,924331;3,613248982
23:23;38,05058837;205,2835818;3,990087364
23:24;38,05820183;211,85641;4,229187081
23:25;38,07460255;226,0154384;4,744249939
23:26;38,09607208;244,5504458;5,41849775
23:27;38,10472169;252,0178069;5,690137883
23:28;38,11170861;258,049735;5,909561283
23:29;38,13268762;276,161264;6,568404223
23:30;38,14393389;269,5660134;6,052185226
23:31;38,15707;265,5357908;5,645093984
23:32;38,16974328;261,6475692;5,252346195
23:33;38,18361201;257,3925751;4,822550865
23:34;38,19965186;252,4714709;4,325471999
23:35;38,21306895;248,3550414;3,909673027
23:36;38,22327332;245,2242916;3,593437183
23:37;38,23434141;241,8285452;3,250434129
23:38;38,25338685;235,9853116;2,660211335
23:39;38,26224142;233,2686873;2,385806147
23:40;38,28066259;227,6169812;1,814929466
23:41;38,30008903;221,6568568;1,212899567
23:42;38,30968519;218,7127078;0,915512202
23:43;38,31696007;216,4807392;0,690061895
23:44;38,34226806;208,7161231;0
23:45;38,03143384;204,6964;0,522191519
23:46;37,72145788;198,3148399;0,921643035
23:47;37,37591426;191,2010385;1,36692894
23:48;37,11212296;185,7702944;1,706864457
23:49;36,71210226;177,5349585;2,222352421
23:50;36,48217544;172,8013919;2,51864836
23:51;36,13722201;165,6997408;2,963173719
23:52;35,7540156;157,8105653;3,456993895
23:53;35,4387616;151,3203446;3,863246981
23:54;35,14890918;145,3530732;4,236766243
23:55;34,96407203;141,5477801;4,474957225
23:56;34,47461569;131,471208;5,105696724
23:57;34,31425022;128,1697199;5,312352212
23:58;34,02112863;122,1351453;5,690084289
23:59;33,79580255;117,4962954;5,980451473