timeStep;demandHeat;demandElectricity;ThermalStorage4Discharge;ThermalStorage4Charge;CHP4;ElecBuy;ElecSell;HeatBuy;HeatSell;ThermalStorage4SOC;Cost;Price;
0.00;-2.37;-0.73;0.83;0.00;2.53;0.00;0.00;0.00;0.00;20.00;0.17;0.25
1.00;-2.01;-0.72;0.49;0.00;2.49;0.00;0.00;0.00;0.00;19.77;0.17;0.25
2.00;-1.36;-0.72;0.00;0.15;2.49;0.00;0.00;0.00;0.00;19.63;0.17;0.25
3.00;-1.07;-0.88;0.00;0.77;3.03;0.00;0.00;0.00;0.00;19.67;0.21;0.25
4.00;-2.33;-1.03;0.17;0.00;3.54;0.00;0.00;0.00;0.00;19.84;0.24;0.25
5.00;-1.83;-0.98;0.00;0.22;3.37;0.00;0.00;0.00;0.00;19.80;0.23;0.25
6.00;-0.81;-0.86;0.00;1.00;2.98;0.00;0.00;0.00;0.00;19.84;0.20;0.25
7.00;-0.44;-0.77;0.00;1.19;2.67;0.00;0.00;0.00;0.00;20.07;0.18;0.25
8.00;-0.81;-0.78;0.00;0.83;2.69;0.00;0.00;0.00;0.00;20.34;0.18;0.25
9.00;-0.92;-0.76;0.00;0.68;2.63;0.00;0.00;0.00;0.00;20.52;0.18;0.25
10.00;-0.81;-0.64;0.00;0.53;2.19;0.00;0.00;0.00;0.00;20.68;0.15;0.25
11.00;-1.21;-0.56;0.02;0.00;1.94;0.00;0.00;0.00;0.00;20.80;0.13;0.25
12.00;-1.71;-0.58;0.50;0.00;1.98;0.00;0.00;0.00;0.00;20.79;0.14;0.25
13.00;-1.75;-0.59;0.52;0.00;2.02;0.00;0.00;0.00;0.00;20.65;0.14;0.25
14.00;-1.25;-0.59;0.02;0.00;2.02;0.00;0.00;0.00;0.00;20.51;0.14;0.25
15.00;-0.90;-0.61;0.00;0.39;2.10;0.00;0.00;0.00;0.00;20.50;0.14;0.25
16.00;-1.38;-0.62;0.08;0.00;2.13;0.00;0.00;0.00;0.00;20.59;0.15;0.25
17.00;-1.74;-0.61;0.46;0.00;2.10;0.00;0.00;0.00;0.00;20.57;0.14;0.25
18.00;-1.77;-0.63;0.45;0.00;2.18;0.00;0.00;0.00;0.00;20.44;0.15;0.25
19.00;-2.20;-0.65;0.83;0.00;2.25;0.00;0.00;0.00;0.00;20.32;0.15;0.25
20.00;-3.18;-0.63;1.86;0.00;2.17;0.00;0.00;0.00;0.00;20.09;0.15;0.25
21.00;-3.20;-0.62;1.89;0.00;2.14;0.00;0.00;0.00;0.00;19.57;0.15;0.25
22.00;-1.63;-0.68;0.21;0.00;2.34;0.00;0.00;0.00;0.00;19.04;0.16;0.25
23.00;-0.94;-0.76;0.00;0.66;2.61;0.00;0.00;0.00;0.00;18.99;0.18;0.25
24.00;-2.61;-0.84;0.86;0.00;2.88;0.00;0.00;0.00;0.00;19.13;0.20;0.25
25.00;-6.11;-0.95;4.11;0.00;3.28;0.00;0.00;0.00;0.00;18.90;0.22;0.25
26.00;-4.89;-1.07;2.63;0.00;3.71;0.00;0.00;0.00;0.00;17.76;0.25;0.25
27.00;-2.09;-1.31;0.00;0.66;4.51;0.00;0.00;0.00;0.00;17.02;0.31;0.25
28.00;-7.10;-1.68;3.56;0.00;5.79;0.00;0.00;0.00;0.00;17.17;0.40;0.25
29.00;-9.51;-1.69;5.96;0.00;5.82;0.00;0.00;0.00;0.00;16.18;0.40;0.25
30.00;-4.43;-1.43;1.41;0.00;4.95;0.00;0.00;0.00;0.00;14.53;0.34;0.25
31.00;-4.50;-1.30;1.76;0.00;4.50;0.00;0.00;0.00;0.00;14.14;0.31;0.25
32.00;-6.17;-1.27;3.49;0.00;4.39;0.00;0.00;0.00;0.00;13.65;0.30;0.25
33.00;-3.87;-1.40;0.91;0.00;4.84;0.00;0.00;0.00;0.00;12.68;0.33;0.25
34.00;-2.99;-1.66;0.00;0.51;5.74;0.00;0.00;0.00;0.00;12.43;0.39;0.25
35.00;-2.88;-1.68;0.00;0.66;5.80;0.00;0.00;0.00;0.00;12.54;0.40;0.25
36.00;-2.10;-1.82;0.00;1.73;6.27;0.00;0.00;0.00;0.00;12.69;0.43;0.25
37.00;-2.13;-1.78;0.00;1.62;6.14;0.00;0.00;0.00;0.00;13.08;0.42;0.25
38.00;-2.95;-1.59;0.00;0.39;5.48;0.00;0.00;0.00;0.00;13.44;0.38;0.25
39.00;-3.10;-1.88;0.00;0.85;6.47;0.00;0.00;0.00;0.00;13.53;0.44;0.25
40.00;-3.45;-1.68;0.00;0.08;5.79;0.00;0.00;0.00;0.00;13.72;0.40;0.25
41.00;-3.05;-1.72;0.00;0.58;5.95;0.00;0.00;0.00;0.00;13.74;0.41;0.25
42.00;-2.29;-1.52;0.00;0.91;5.25;0.00;0.00;0.00;0.00;13.87;0.36;0.25
43.00;-2.68;-0.98;0.63;0.00;3.37;0.00;0.00;0.00;0.00;14.07;0.23;0.25
44.00;-3.50;-1.00;1.41;0.00;3.43;0.00;0.00;0.00;0.00;13.90;0.24;0.25
45.00;-4.64;-1.06;2.41;0.00;3.65;0.00;0.00;0.00;0.00;13.51;0.25;0.25
46.00;-3.54;-1.06;1.31;0.00;3.65;0.00;0.00;0.00;0.00;12.84;0.25;0.25
47.00;-2.51;-1.18;0.03;0.00;4.07;0.00;0.00;0.00;0.00;12.48;0.28;0.25
48.00;-2.43;-1.43;0.00;0.57;4.92;0.00;0.00;0.00;0.00;12.47;0.34;0.25
49.00;-2.04;-1.63;0.00;1.38;5.61;0.00;0.00;0.00;0.00;12.59;0.38;0.25
50.00;-1.98;-1.91;0.00;2.02;6.57;0.00;0.00;0.00;0.00;12.91;0.45;0.25
51.00;-2.17;-2.21;0.00;2.49;7.64;0.00;0.00;0.00;0.00;13.36;0.52;0.25
52.00;-2.31;-2.18;0.00;2.27;7.51;0.00;0.00;0.00;0.00;13.92;0.51;0.25
53.00;-2.29;-1.65;0.00;1.19;5.69;0.00;0.00;0.00;0.00;14.43;0.39;0.25
54.00;-2.39;-1.28;0.00;0.31;4.42;0.00;0.00;0.00;0.00;14.70;0.30;0.25
55.00;-2.24;-1.19;0.00;0.26;4.10;0.00;0.00;0.00;0.00;14.77;0.28;0.25
56.00;-4.85;-1.02;2.71;0.00;3.51;0.00;0.00;0.00;0.00;14.83;0.24;0.25
57.00;-7.46;-0.97;5.42;0.00;3.35;0.00;0.00;0.00;0.00;14.08;0.23;0.25
58.00;-5.55;-1.16;3.11;0.00;4.00;0.00;0.00;0.00;0.00;12.57;0.27;0.25
59.00;-4.38;-1.31;1.63;0.00;4.51;0.00;0.00;0.00;0.00;11.71;0.31;0.25
60.00;-4.10;-1.14;1.71;0.00;3.92;0.00;0.00;0.00;0.00;11.25;0.27;0.25
61.00;-3.15;-0.82;1.42;0.00;2.84;0.00;0.00;0.00;0.00;10.78;0.19;0.25
62.00;-4.75;-0.88;2.89;0.00;3.04;0.00;0.00;0.00;0.00;10.38;0.21;0.25
63.00;-4.54;-0.88;2.70;0.00;3.03;0.00;0.00;0.00;0.00;9.58;0.21;0.25
64.00;-2.97;-1.10;0.65;0.00;3.81;0.00;0.00;0.00;0.00;8.83;0.26;0.25
65.00;-4.12;-1.49;0.99;0.00;5.14;0.00;0.00;0.00;0.00;8.65;0.35;0.25
66.00;-4.72;-1.60;1.35;0.00;5.53;0.00;0.00;0.00;0.00;8.38;0.38;0.25
67.00;-2.84;-1.96;0.00;1.27;6.75;0.00;0.00;0.00;0.00;8.00;0.46;0.25
68.00;-4.23;-2.60;0.00;1.24;8.97;0.00;0.00;0.00;0.00;8.29;0.61;0.25
69.00;-5.61;-2.82;0.00;0.32;9.72;0.00;0.00;0.00;0.00;8.57;0.67;0.25
70.00;-3.89;-2.32;0.00;1.00;8.01;0.00;0.00;0.00;0.00;8.64;0.55;0.25
71.00;-2.11;-1.83;0.00;1.74;6.30;0.00;0.00;0.00;0.00;8.87;0.43;0.25
72.00;-2.44;-1.97;0.00;1.71;6.81;0.00;0.00;0.00;0.00;9.26;0.47;0.25
73.00;-3.70;-2.05;0.00;0.61;7.07;0.00;0.00;0.00;0.00;9.64;0.48;0.25
74.00;-4.41;-1.69;0.86;0.00;5.82;0.00;0.00;0.00;0.00;9.78;0.40;0.25
75.00;-4.23;-1.43;1.23;0.00;4.92;0.00;0.00;0.00;0.00;9.54;0.34;0.25
76.00;-3.07;-1.33;0.28;0.00;4.57;0.00;0.00;0.00;0.00;9.20;0.31;0.25
77.00;-2.77;-1.73;0.00;0.87;5.96;0.00;0.00;0.00;0.00;9.12;0.41;0.25
78.00;-2.31;-1.85;0.00;1.59;6.39;0.00;0.00;0.00;0.00;9.32;0.44;0.25
79.00;-4.40;-2.13;0.00;0.09;7.35;0.00;0.00;0.00;0.00;9.67;0.50;0.25
80.00;-6.46;-2.51;1.18;0.00;8.64;0.00;0.00;0.00;0.00;9.69;0.59;0.25
81.00;-4.68;-2.15;0.16;0.00;7.40;0.00;0.00;0.00;0.00;9.37;0.51;0.25
82.00;-3.00;-1.74;0.00;0.66;5.99;0.00;0.00;0.00;0.00;9.32;0.41;0.25
83.00;-2.26;-1.78;0.00;1.48;6.14;0.00;0.00;0.00;0.00;9.47;0.42;0.25
84.00;-1.88;-1.84;0.00;2.00;6.35;0.00;0.00;0.00;0.00;9.80;0.44;0.25
85.00;-1.95;-1.73;0.00;1.70;5.97;0.00;0.00;0.00;0.00;10.25;0.41;0.25
86.00;-2.10;-1.86;0.00;1.81;6.40;0.00;0.00;0.00;0.00;10.63;0.44;0.25
87.00;-2.16;-1.77;0.00;1.55;6.09;0.00;0.00;0.00;0.00;11.04;0.42;0.25
88.00;-1.94;-1.34;0.00;0.87;4.62;0.00;0.00;0.00;0.00;11.39;0.32;0.25
89.00;-1.94;-1.22;0.00;0.62;4.21;0.00;0.00;0.00;0.00;11.58;0.29;0.25
90.00;-2.06;-1.34;0.00;0.77;4.63;0.00;0.00;0.00;0.00;11.73;0.32;0.25
91.00;-2.14;-1.35;0.00;0.69;4.65;0.00;0.00;0.00;0.00;11.90;0.32;0.25
92.00;-2.51;-1.27;0.00;0.16;4.38;0.00;0.00;0.00;0.00;12.05;0.30;0.25
93.00;-2.03;-1.29;0.00;0.68;4.44;0.00;0.00;0.00;0.00;12.09;0.30;0.25
94.00;-2.15;-1.20;0.00;0.37;4.13;0.00;0.00;0.00;0.00;12.24;0.28;0.25
95.00;-2.12;-1.00;0.02;0.00;3.44;0.00;0.00;0.00;0.00;12.33;0.24;0.25
96.00;-2.37;-0.73;0.83;0.00;2.53;0.00;0.00;0.00;0.00;12.32;0.17;0.25
97.00;-2.01;-0.72;0.49;0.00;2.49;0.00;0.00;0.00;0.00;12.09;0.17;0.25
98.00;-1.36;-0.72;0.00;0.15;2.49;0.00;0.00;0.00;0.00;11.95;0.17;0.25
99.00;-1.07;-0.88;0.00;0.77;3.03;0.00;0.00;0.00;0.00;11.99;0.21;0.25
100.00;-2.33;-1.03;0.17;0.00;3.54;0.00;0.00;0.00;0.00;12.16;0.24;0.25
101.00;-1.83;-0.98;0.00;0.22;3.37;0.00;0.00;0.00;0.00;12.11;0.23;0.25
102.00;-0.81;-0.86;0.00;1.00;2.98;0.00;0.00;0.00;0.00;12.16;0.20;0.25
103.00;-0.44;-0.77;0.00;1.19;2.67;0.00;0.00;0.00;0.00;12.39;0.18;0.25
104.00;-0.81;-0.78;0.00;0.83;2.69;0.00;0.00;0.00;0.00;12.66;0.18;0.25
105.00;-0.92;-0.76;0.00;0.68;2.63;0.00;0.00;0.00;0.00;12.84;0.18;0.25
106.00;-0.81;-0.64;0.00;0.53;2.19;0.00;0.00;0.00;0.00;13.00;0.15;0.25
107.00;-1.21;-0.56;0.02;0.00;1.94;0.00;0.00;0.00;0.00;13.12;0.13;0.25
108.00;-1.71;-0.58;0.50;0.00;1.98;0.00;0.00;0.00;0.00;13.11;0.14;0.25
109.00;-1.75;-0.59;0.52;0.00;2.02;0.00;0.00;0.00;0.00;12.97;0.14;0.25
110.00;-1.25;-0.59;0.02;0.00;2.02;0.00;0.00;0.00;0.00;12.83;0.14;0.25
111.00;-0.90;-0.61;0.00;0.39;2.10;0.00;0.00;0.00;0.00;12.82;0.14;0.25
112.00;-1.38;-0.62;0.08;0.00;2.13;0.00;0.00;0.00;0.00;12.91;0.15;0.25
113.00;-1.74;-0.61;0.46;0.00;2.10;0.00;0.00;0.00;0.00;12.89;0.14;0.25
114.00;-1.77;-0.63;0.45;0.00;2.18;0.00;0.00;0.00;0.00;12.76;0.15;0.25
115.00;-2.20;-0.65;0.83;0.00;2.25;0.00;0.00;0.00;0.00;12.64;0.15;0.25
116.00;-3.18;-0.63;1.86;0.00;2.17;0.00;0.00;0.00;0.00;12.41;0.15;0.25
117.00;-3.20;-0.62;1.89;0.00;2.14;0.00;0.00;0.00;0.00;11.89;0.15;0.25
118.00;-1.63;-0.68;0.21;0.00;2.34;0.00;0.00;0.00;0.00;11.36;0.16;0.25
119.00;-0.94;-0.76;0.00;0.66;2.61;0.00;0.00;0.00;0.00;11.31;0.18;0.25
120.00;-2.61;-0.84;0.86;0.00;2.88;0.00;0.00;0.00;0.00;11.45;0.20;0.25
121.00;-6.11;-0.95;4.11;0.00;3.28;0.00;0.00;0.00;0.00;11.22;0.22;0.25
122.00;-4.89;-1.07;2.63;0.00;3.71;0.00;0.00;0.00;0.00;10.07;0.25;0.25
123.00;-2.09;-1.31;0.00;0.66;4.51;0.00;0.00;0.00;0.00;9.34;0.31;0.25
124.00;-7.10;-1.68;3.56;0.00;5.79;0.00;0.00;0.00;0.00;9.49;0.40;0.25
125.00;-9.51;-1.69;5.96;0.00;5.82;0.00;0.00;0.00;0.00;8.50;0.40;0.25
126.00;-4.43;-1.43;1.41;0.00;4.95;0.00;0.00;0.00;0.00;6.85;0.34;0.25
127.00;-4.50;-1.30;1.76;0.00;4.50;0.00;0.00;0.00;0.00;6.46;0.31;0.25
128.00;-6.17;-1.27;3.49;0.00;4.39;0.00;0.00;0.00;0.00;5.97;0.30;0.25
129.00;-3.87;-1.40;0.91;0.00;4.84;0.00;0.00;0.00;0.00;5.00;0.33;0.25
130.00;-2.99;-1.66;0.00;0.51;5.74;0.00;0.00;0.00;0.00;4.75;0.39;0.25
131.00;-2.88;-1.68;0.00;0.66;5.80;0.00;0.00;0.00;0.00;4.86;0.40;0.25
132.00;-2.10;-1.82;0.00;1.73;6.27;0.00;0.00;0.00;0.00;5.01;0.43;0.25
133.00;-2.13;-1.78;0.00;1.62;6.14;0.00;0.00;0.00;0.00;5.40;0.42;0.25
134.00;-2.95;-1.59;0.00;0.39;5.48;0.00;0.00;0.00;0.00;5.76;0.38;0.25
135.00;-3.10;-1.88;0.00;0.85;6.47;0.00;0.00;0.00;0.00;5.85;0.44;0.25
136.00;-3.45;-1.68;0.00;0.08;5.79;0.00;0.00;0.00;0.00;6.04;0.40;0.25
137.00;-3.05;-1.72;0.00;0.58;5.95;0.00;0.00;0.00;0.00;6.06;0.41;0.25
138.00;-2.29;-1.52;0.00;0.91;5.25;0.00;0.00;0.00;0.00;6.19;0.36;0.25
139.00;-2.68;-0.98;0.63;0.00;3.37;0.00;0.00;0.00;0.00;6.39;0.23;0.25
140.00;-3.50;-1.00;1.41;0.00;3.43;0.00;0.00;0.00;0.00;6.22;0.24;0.25
141.00;-4.64;-1.06;2.41;0.00;3.65;0.00;0.00;0.00;0.00;5.83;0.25;0.25
142.00;-3.54;-1.06;1.31;0.00;3.65;0.00;0.00;0.00;0.00;5.16;0.25;0.25
143.00;-2.51;-1.18;0.03;0.00;4.07;0.00;0.00;0.00;0.00;4.79;0.28;0.25
144.00;-2.43;-1.43;0.00;0.57;4.92;0.00;0.00;0.00;0.00;4.79;0.34;0.25
145.00;-2.04;-1.63;0.00;1.38;5.61;0.00;0.00;0.00;0.00;4.91;0.38;0.25
146.00;-1.98;-1.91;0.00;2.02;6.57;0.00;0.00;0.00;0.00;5.22;0.45;0.25
147.00;-2.17;-2.21;0.00;2.49;7.64;0.00;0.00;0.00;0.00;5.68;0.52;0.25
148.00;-2.31;-2.18;0.00;2.27;7.51;0.00;0.00;0.00;0.00;6.24;0.51;0.25
149.00;-2.29;-1.65;0.00;1.19;5.69;0.00;0.00;0.00;0.00;6.75;0.39;0.25
150.00;-2.39;-1.28;0.00;0.31;4.42;0.00;0.00;0.00;0.00;7.02;0.30;0.25
151.00;-2.24;-1.19;0.00;0.26;4.10;0.00;0.00;0.00;0.00;7.09;0.28;0.25
152.00;-4.85;-1.02;2.71;0.00;3.51;0.00;0.00;0.00;0.00;7.15;0.24;0.25
153.00;-7.46;-0.97;5.42;0.00;3.35;0.00;0.00;0.00;0.00;6.39;0.23;0.25
154.00;-5.55;-1.16;3.11;0.00;4.00;0.00;0.00;0.00;0.00;4.89;0.27;0.25
155.00;-4.38;-1.31;1.63;0.00;4.51;0.00;0.00;0.00;0.00;4.03;0.31;0.25
156.00;-4.10;-1.14;1.71;0.00;3.92;0.00;0.00;0.00;0.00;3.57;0.27;0.25
157.00;-3.15;-0.82;1.42;0.00;2.84;0.00;0.00;0.00;0.00;3.10;0.19;0.25
158.00;-4.75;-0.88;2.89;0.00;3.04;0.00;0.00;0.00;0.00;2.70;0.21;0.25
159.00;-4.54;-0.88;2.70;0.00;3.03;0.00;0.00;0.00;0.00;1.90;0.21;0.25
160.00;-2.97;-1.10;0.65;0.00;3.81;0.00;0.00;0.00;0.00;1.15;0.26;0.25
161.00;-4.12;-1.49;0.99;0.00;5.14;0.00;0.00;0.00;0.00;0.97;0.35;0.25
162.00;-4.72;-1.60;0.96;0.00;6.15;0.00;0.18;0.00;0.00;0.70;0.40;0.25
163.00;-2.84;-1.96;0.00;1.27;6.75;0.00;0.00;0.00;0.00;0.43;0.46;0.25
164.00;-4.23;-2.60;0.00;1.24;8.97;0.00;0.00;0.00;0.00;0.72;0.61;0.25
165.00;-5.61;-2.82;0.00;0.32;9.72;0.00;0.00;0.00;0.00;0.99;0.67;0.25
166.00;-3.89;-2.32;0.00;1.00;8.01;0.00;0.00;0.00;0.00;1.07;0.55;0.25
167.00;-2.11;-1.83;0.00;1.74;6.30;0.00;0.00;0.00;0.00;1.29;0.43;0.25
168.00;-2.44;-1.97;0.00;1.71;6.81;0.00;0.00;0.00;0.00;1.68;0.47;0.25
169.00;-3.70;-2.05;0.00;0.61;7.07;0.00;0.00;0.00;0.00;2.07;0.48;0.25
170.00;-4.41;-1.69;0.32;0.00;6.71;0.00;0.26;0.00;0.00;2.21;0.43;0.25
171.00;-4.23;-1.43;0.38;0.00;6.31;0.00;0.40;0.00;0.00;2.12;0.38;0.25
172.00;-3.07;-1.33;0.12;0.00;4.84;0.00;0.08;0.00;0.00;2.01;0.32;0.25
173.00;-2.77;-1.73;0.00;0.87;5.96;0.00;0.00;0.00;0.00;1.98;0.41;0.25
174.00;-2.31;-1.85;0.00;1.59;6.39;0.00;0.00;0.00;0.00;2.17;0.44;0.25
175.00;-4.40;-2.13;0.00;0.09;7.35;0.00;0.00;0.00;0.00;2.53;0.50;0.25
176.00;-6.46;-2.51;0.51;0.00;9.75;0.00;0.32;0.00;0.00;2.55;0.63;0.25
177.00;-4.68;-2.15;0.08;0.00;7.54;0.00;0.04;0.00;0.00;2.41;0.51;0.25
178.00;-3.00;-1.74;0.00;0.66;5.99;0.00;0.00;0.00;0.00;2.39;0.41;0.25
179.00;-2.26;-1.78;0.00;1.48;6.14;0.00;0.00;0.00;0.00;2.54;0.42;0.25
180.00;-1.88;-1.84;0.00;2.00;6.35;0.00;0.00;0.00;0.00;2.87;0.44;0.25
181.00;-1.95;-1.73;0.00;1.70;5.97;0.00;0.00;0.00;0.00;3.32;0.41;0.25
182.00;-2.10;-1.86;0.00;1.81;6.40;0.00;0.00;0.00;0.00;3.70;0.44;0.25
183.00;-2.16;-1.77;0.00;1.55;6.09;0.00;0.00;0.00;0.00;4.11;0.42;0.25
184.00;-1.94;-1.34;0.00;0.87;4.62;0.00;0.00;0.00;0.00;4.46;0.32;0.25
185.00;-1.94;-1.22;0.00;0.62;4.21;0.00;0.00;0.00;0.00;4.65;0.29;0.25
186.00;-2.06;-1.34;0.00;0.77;4.63;0.00;0.00;0.00;0.00;4.79;0.32;0.25
187.00;-2.14;-1.35;0.00;0.69;4.65;0.00;0.00;0.00;0.00;4.97;0.32;0.25
188.00;-2.51;-1.27;0.00;0.16;4.38;0.00;0.00;0.00;0.00;5.12;0.30;0.25
189.00;-2.03;-1.29;0.00;0.68;4.44;0.00;0.00;0.00;0.00;5.16;0.30;0.25
190.00;-2.15;-1.20;0.00;0.37;4.13;0.00;0.00;0.00;0.00;5.31;0.28;0.25
191.00;-2.12;-1.00;0.01;0.00;3.45;0.00;0.01;0.00;0.00;5.39;0.24;0.25
192.00;-2.37;-0.73;0.37;0.00;3.29;0.00;0.22;0.00;0.00;5.39;0.20;0.25
193.00;-2.01;-0.72;0.21;0.00;2.94;0.00;0.13;0.00;0.00;5.29;0.19;0.25
194.00;-1.36;-0.72;0.00;0.15;2.49;0.00;0.00;0.00;0.00;5.23;0.17;0.25
195.00;-1.07;-0.88;0.00;0.77;3.03;0.00;0.00;0.00;0.00;5.26;0.21;0.25
196.00;-2.33;-1.03;0.07;0.00;3.70;0.00;0.05;0.00;0.00;5.44;0.25;0.25
197.00;-1.83;-0.98;0.00;0.22;3.37;0.00;0.00;0.00;0.00;5.42;0.23;0.25
198.00;-0.81;-0.86;0.00;1.00;2.98;0.00;0.00;0.00;0.00;5.47;0.20;0.25
199.00;-0.44;-0.77;0.00;1.19;2.67;0.00;0.00;0.00;0.00;5.69;0.18;0.25
200.00;-0.81;-0.78;0.00;0.83;2.69;0.00;0.00;0.00;0.00;5.96;0.18;0.25
201.00;-0.92;-0.76;0.00;0.68;2.63;0.00;0.00;0.00;0.00;6.15;0.18;0.25
202.00;-0.81;-0.64;0.00;0.53;2.19;0.00;0.00;0.00;0.00;6.30;0.15;0.25
203.00;-1.21;-0.56;0.01;0.00;1.96;0.00;0.01;0.00;0.00;6.42;0.13;0.25
204.00;-1.71;-0.58;0.19;0.00;2.50;0.00;0.15;0.00;0.00;6.42;0.15;0.25
205.00;-1.75;-0.59;0.20;0.00;2.54;0.00;0.15;0.00;0.00;6.36;0.16;0.25
206.00;-1.25;-0.59;0.01;0.00;2.04;0.00;0.00;0.00;0.00;6.31;0.14;0.25
207.00;-0.90;-0.61;0.00;0.39;2.10;0.00;0.00;0.00;0.00;6.31;0.14;0.25
208.00;-1.38;-0.62;0.04;0.00;2.20;0.00;0.02;0.00;0.00;6.39;0.15;0.25
209.00;-1.74;-0.61;0.19;0.00;2.54;0.00;0.13;0.00;0.00;6.38;0.16;0.25
210.00;-1.77;-0.63;0.18;0.00;2.61;0.00;0.12;0.00;0.00;6.33;0.16;0.25
211.00;-2.20;-0.65;0.33;0.00;3.07;0.00;0.24;0.00;0.00;6.28;0.18;0.25
212.00;-3.18;-0.63;0.68;0.00;4.11;0.00;0.56;0.00;0.00;6.19;0.21;0.25
213.00;-3.20;-0.62;0.69;0.00;4.11;0.00;0.57;0.00;0.00;6.00;0.21;0.25
214.00;-1.63;-0.68;0.09;0.00;2.52;0.00;0.05;0.00;0.00;5.81;0.17;0.25
215.00;-0.94;-0.76;0.00;0.66;2.61;0.00;0.00;0.00;0.00;5.78;0.18;0.25
216.00;-2.61;-0.84;0.38;0.00;3.67;0.00;0.23;0.00;0.00;5.93;0.22;0.25
217.00;-6.11;-0.95;1.65;0.00;7.31;0.00;1.17;0.00;0.00;5.83;0.35;0.25
218.00;-4.89;-1.07;1.16;0.00;6.12;0.00;0.70;0.00;0.00;5.37;0.33;0.25
219.00;-2.09;-1.31;0.00;0.66;4.51;0.00;0.00;0.00;0.00;5.05;0.31;0.25
220.00;-7.10;-1.68;1.72;0.00;8.82;0.00;0.88;0.00;0.00;5.20;0.49;0.25
221.00;-9.51;-1.69;3.00;0.00;10.67;0.00;1.41;0.00;0.00;4.72;0.56;0.25
222.00;-4.43;-1.43;0.74;0.00;6.05;0.00;0.32;0.00;0.00;3.89;0.37;0.25
223.00;-4.50;-1.30;0.93;0.00;5.85;0.00;0.39;0.00;0.00;3.68;0.35;0.25
224.00;-6.17;-1.27;1.88;0.00;7.03;0.00;0.77;0.00;0.00;3.42;0.39;0.25
225.00;-3.87;-1.40;0.52;0.00;5.49;0.00;0.19;0.00;0.00;2.90;0.35;0.25
226.00;-2.99;-1.66;0.00;0.51;5.74;0.00;0.00;0.00;0.00;2.76;0.39;0.25
227.00;-2.88;-1.68;0.00;0.66;5.80;0.00;0.00;0.00;0.00;2.87;0.40;0.25
228.00;-2.10;-1.82;0.00;1.73;6.27;0.00;0.00;0.00;0.00;3.02;0.43;0.25
229.00;-2.13;-1.78;0.00;1.62;6.14;0.00;0.00;0.00;0.00;3.41;0.42;0.25
230.00;-2.95;-1.59;0.00;0.39;5.48;0.00;0.00;0.00;0.00;3.77;0.38;0.25
231.00;-3.10;-1.88;0.00;0.85;6.47;0.00;0.00;0.00;0.00;3.86;0.44;0.25
232.00;-3.45;-1.68;0.00;0.08;5.79;0.00;0.00;0.00;0.00;4.05;0.40;0.25
233.00;-3.05;-1.72;0.00;0.58;5.95;0.00;0.00;0.00;0.00;4.07;0.41;0.25
234.00;-2.29;-1.52;0.00;0.91;5.25;0.00;0.00;0.00;0.00;4.20;0.36;0.25
235.00;-2.68;-0.98;0.37;0.00;3.78;0.00;0.12;0.00;0.00;4.41;0.24;0.25
236.00;-3.50;-1.00;0.95;0.00;4.18;0.00;0.22;0.00;0.00;4.30;0.26;0.25
237.00;-4.64;-1.06;1.77;0.00;4.69;0.00;0.30;0.00;0.00;4.04;0.28;0.25
238.00;-3.54;-1.06;0.91;0.00;4.31;0.00;0.19;0.00;0.00;3.54;0.27;0.25
239.00;-2.51;-1.18;0.02;0.00;4.09;0.00;0.01;0.00;0.00;3.29;0.28;0.25
240.00;-2.43;-1.43;0.00;0.57;4.92;0.00;0.00;0.00;0.00;3.29;0.34;0.25
241.00;-2.04;-1.63;0.00;1.38;5.61;0.00;0.00;0.00;0.00;3.42;0.38;0.25
242.00;-1.98;-1.91;0.00;2.02;6.57;0.00;0.00;0.00;0.00;3.73;0.45;0.25
243.00;-2.17;-2.21;0.00;2.49;7.64;0.00;0.00;0.00;0.00;4.18;0.52;0.25
244.00;-2.31;-2.18;0.00;2.27;7.51;0.00;0.00;0.00;0.00;4.74;0.51;0.25
245.00;-2.29;-1.65;0.00;1.19;5.69;0.00;0.00;0.00;0.00;5.25;0.39;0.25
246.00;-2.39;-1.28;0.00;0.31;4.42;0.00;0.00;0.00;0.00;5.52;0.30;0.25
247.00;-2.24;-1.19;0.00;0.26;4.10;0.00;0.00;0.00;0.00;5.59;0.28;0.25
248.00;-4.85;-1.02;2.22;0.00;4.31;0.00;0.23;0.00;0.00;5.65;0.27;0.25
249.00;-7.46;-0.97;4.85;0.00;4.28;0.00;0.27;0.00;0.00;5.03;0.26;0.25
250.00;-5.55;-1.16;2.61;0.00;4.82;0.00;0.24;0.00;0.00;3.69;0.30;0.25
251.00;-4.38;-1.31;1.28;0.00;5.09;0.00;0.17;0.00;0.00;2.96;0.33;0.25
252.00;-4.10;-1.14;1.33;0.00;4.53;0.00;0.18;0.00;0.00;2.61;0.29;0.25
253.00;-3.15;-0.82;1.07;0.00;3.42;0.00;0.17;0.00;0.00;2.24;0.21;0.25
254.00;-4.75;-0.88;2.40;0.00;3.84;0.00;0.23;0.00;0.00;1.94;0.23;0.25
255.00;-4.54;-0.88;2.25;0.00;3.77;0.00;0.21;0.00;0.00;1.27;0.23;0.25
256.00;-2.97;-1.10;0.45;0.00;4.13;0.00;0.09;0.00;0.00;0.65;0.27;0.25
257.00;-4.12;-1.49;0.76;0.00;5.51;0.00;0.11;0.00;0.00;0.52;0.36;0.25
258.00;-4.72;-1.60;0.39;0.00;7.09;0.00;0.45;0.00;0.00;0.31;0.43;0.25
259.00;-2.84;-1.96;0.00;1.27;6.75;0.00;0.00;0.00;0.00;0.20;0.46;0.25
260.00;-4.23;-2.60;0.00;1.24;8.97;0.00;0.00;0.00;0.00;0.49;0.61;0.25
261.00;-5.61;-2.82;0.00;0.32;9.72;0.00;0.00;0.00;0.00;0.77;0.67;0.25
262.00;-3.89;-2.32;0.00;1.00;8.01;0.00;0.00;0.00;0.00;0.84;0.55;0.25
263.00;-2.11;-1.83;0.00;1.74;6.30;0.00;0.00;0.00;0.00;1.06;0.43;0.25
264.00;-2.44;-1.97;0.00;1.71;6.81;0.00;0.00;0.00;0.00;1.46;0.47;0.25
265.00;-3.70;-2.05;0.00;0.61;7.07;0.00;0.00;0.00;0.00;1.84;0.48;0.25
266.00;-4.41;-1.69;0.28;0.00;6.77;0.00;0.27;0.00;0.00;1.98;0.43;0.25
267.00;-4.23;-1.43;0.32;0.00;6.40;0.00;0.43;0.00;0.00;1.90;0.38;0.25
268.00;-3.07;-1.33;0.12;0.00;4.85;0.00;0.08;0.00;0.00;1.81;0.32;0.25
269.00;-2.77;-1.73;0.00;0.87;5.96;0.00;0.00;0.00;0.00;1.78;0.41;0.25
270.00;-2.31;-1.85;0.00;1.59;6.39;0.00;0.00;0.00;0.00;1.97;0.44;0.25
271.00;-4.40;-2.13;0.00;0.09;7.35;0.00;0.00;0.00;0.00;2.33;0.50;0.25
272.00;-6.46;-2.51;0.45;0.00;9.84;0.00;0.35;0.00;0.00;2.35;0.63;0.25
273.00;-4.68;-2.15;0.08;0.00;7.55;0.00;0.04;0.00;0.00;2.22;0.51;0.25
274.00;-3.00;-1.74;0.00;0.66;5.99;0.00;0.00;0.00;0.00;2.20;0.41;0.25
275.00;-2.26;-1.78;0.00;1.48;6.14;0.00;0.00;0.00;0.00;2.35;0.42;0.25
276.00;-1.88;-1.84;0.00;2.00;6.35;0.00;0.00;0.00;0.00;2.68;0.44;0.25
277.00;-1.95;-1.73;0.00;1.70;5.97;0.00;0.00;0.00;0.00;3.13;0.41;0.25
278.00;-2.10;-1.86;0.00;1.81;6.40;0.00;0.00;0.00;0.00;3.51;0.44;0.25
279.00;-2.16;-1.77;0.00;1.55;6.09;0.00;0.00;0.00;0.00;3.92;0.42;0.25
280.00;-1.94;-1.34;0.00;0.87;4.62;0.00;0.00;0.00;0.00;4.27;0.32;0.25
281.00;-1.94;-1.22;0.00;0.62;4.21;0.00;0.00;0.00;0.00;4.47;0.29;0.25
282.00;-2.06;-1.34;0.00;0.77;4.63;0.00;0.00;0.00;0.00;4.61;0.32;0.25
283.00;-2.14;-1.35;0.00;0.69;4.65;0.00;0.00;0.00;0.00;4.78;0.32;0.25
284.00;-2.51;-1.27;0.00;0.16;4.38;0.00;0.00;0.00;0.00;4.94;0.30;0.25
285.00;-2.03;-1.29;0.00;0.68;4.44;0.00;0.00;0.00;0.00;4.97;0.30;0.25
286.00;-2.15;-1.20;0.00;0.37;4.13;0.00;0.00;0.00;0.00;5.13;0.28;0.25
287.00;-2.12;-1.00;0.01;0.00;3.45;0.00;0.01;0.00;0.00;5.21;0.24;0.25
288.00;-2.37;-0.73;0.35;0.00;3.31;0.00;0.23;0.00;0.00;5.21;0.20;0.25
289.00;-2.01;-0.72;0.20;0.00;2.96;0.00;0.14;0.00;0.00;5.11;0.19;0.25
290.00;-1.36;-0.72;0.00;0.15;2.49;0.00;0.00;0.00;0.00;5.05;0.17;0.25
291.00;-1.07;-0.88;0.00;0.77;3.03;0.00;0.00;0.00;0.00;5.09;0.21;0.25
292.00;-2.33;-1.03;0.07;0.00;3.70;0.00;0.05;0.00;0.00;5.26;0.25;0.25
293.00;-1.83;-0.98;0.00;0.22;3.37;0.00;0.00;0.00;0.00;5.24;0.23;0.25
294.00;-0.81;-0.86;0.00;1.00;2.98;0.00;0.00;0.00;0.00;5.29;0.20;0.25
295.00;-0.44;-0.77;0.00;1.19;2.67;0.00;0.00;0.00;0.00;5.52;0.18;0.25
296.00;-0.81;-0.78;0.00;0.83;2.69;0.00;0.00;0.00;0.00;5.78;0.18;0.25
297.00;-0.92;-0.76;0.00;0.68;2.63;0.00;0.00;0.00;0.00;5.97;0.18;0.25
298.00;-0.81;-0.64;0.00;0.53;2.19;0.00;0.00;0.00;0.00;6.12;0.15;0.25
299.00;-1.21;-0.56;0.01;0.00;1.96;0.00;0.01;0.00;0.00;6.24;0.13;0.25
300.00;-1.71;-0.58;0.19;0.00;2.50;0.00;0.15;0.00;0.00;6.24;0.15;0.25
301.00;-1.75;-0.59;0.19;0.00;2.55;0.00;0.15;0.00;0.00;6.19;0.16;0.25
302.00;-1.25;-0.59;0.01;0.00;2.04;0.00;0.00;0.00;0.00;6.13;0.14;0.25
303.00;-0.90;-0.61;0.00;0.39;2.10;0.00;0.00;0.00;0.00;6.13;0.14;0.25
304.00;-1.38;-0.62;0.03;0.00;2.20;0.00;0.02;0.00;0.00;6.22;0.15;0.25
305.00;-1.74;-0.61;0.18;0.00;2.55;0.00;0.13;0.00;0.00;6.21;0.16;0.25
306.00;-1.77;-0.63;0.18;0.00;2.61;0.00;0.13;0.00;0.00;6.16;0.16;0.25
307.00;-2.20;-0.65;0.32;0.00;3.08;0.00;0.24;0.00;0.00;6.11;0.18;0.25
308.00;-3.18;-0.63;0.66;0.00;4.14;0.00;0.57;0.00;0.00;6.02;0.21;0.25
309.00;-3.20;-0.62;0.67;0.00;4.15;0.00;0.58;0.00;0.00;5.83;0.21;0.25
310.00;-1.63;-0.68;0.09;0.00;2.52;0.00;0.05;0.00;0.00;5.65;0.17;0.25
311.00;-0.94;-0.76;0.00;0.66;2.61;0.00;0.00;0.00;0.00;5.62;0.18;0.25
312.00;-2.61;-0.84;0.37;0.00;3.68;0.00;0.23;0.00;0.00;5.77;0.22;0.25
313.00;-6.11;-0.95;1.57;0.00;7.44;0.00;1.21;0.00;0.00;5.67;0.36;0.25
314.00;-4.89;-1.07;1.11;0.00;6.19;0.00;0.72;0.00;0.00;5.23;0.33;0.25
315.00;-2.09;-1.31;0.00;0.66;4.51;0.00;0.00;0.00;0.00;4.92;0.31;0.25
316.00;-7.10;-1.68;1.64;0.00;8.94;0.00;0.91;0.00;0.00;5.07;0.50;0.25
317.00;-9.51;-1.69;2.81;0.00;10.98;0.00;1.50;0.00;0.00;4.61;0.57;0.25
318.00;-4.43;-1.43;0.72;0.00;6.07;0.00;0.33;0.00;0.00;3.83;0.38;0.25
319.00;-4.50;-1.30;0.91;0.00;5.88;0.00;0.40;0.00;0.00;3.63;0.35;0.25
320.00;-6.17;-1.27;1.81;0.00;7.14;0.00;0.80;0.00;0.00;3.38;0.39;0.25
321.00;-3.87;-1.40;0.51;0.00;5.50;0.00;0.19;0.00;0.00;2.88;0.35;0.25
322.00;-2.99;-1.66;0.00;0.51;5.74;0.00;0.00;0.00;0.00;2.73;0.39;0.25
323.00;-2.88;-1.68;0.00;0.66;5.80;0.00;0.00;0.00;0.00;2.85;0.40;0.25
324.00;-2.10;-1.82;0.00;1.73;6.27;0.00;0.00;0.00;0.00;3.00;0.43;0.25
325.00;-2.13;-1.78;0.00;1.62;6.14;0.00;0.00;0.00;0.00;3.39;0.42;0.25
326.00;-2.95;-1.59;0.00;0.39;5.48;0.00;0.00;0.00;0.00;3.75;0.38;0.25
327.00;-3.10;-1.88;0.00;0.85;6.47;0.00;0.00;0.00;0.00;3.84;0.44;0.25
328.00;-3.45;-1.68;0.00;0.08;5.79;0.00;0.00;0.00;0.00;4.03;0.40;0.25
329.00;-3.05;-1.72;0.00;0.58;5.95;0.00;0.00;0.00;0.00;4.05;0.41;0.25
330.00;-2.29;-1.52;0.00;0.91;5.25;0.00;0.00;0.00;0.00;4.18;0.36;0.25
331.00;-2.68;-0.98;0.37;0.00;3.79;0.00;0.12;0.00;0.00;4.38;0.24;0.25
332.00;-3.50;-1.00;0.94;0.00;4.19;0.00;0.22;0.00;0.00;4.28;0.26;0.25
333.00;-4.64;-1.06;1.76;0.00;4.72;0.00;0.31;0.00;0.00;4.02;0.28;0.25
334.00;-3.54;-1.06;0.90;0.00;4.32;0.00;0.19;0.00;0.00;3.53;0.27;0.25
335.00;-2.51;-1.18;0.02;0.00;4.09;0.00;0.01;0.00;0.00;3.28;0.28;0.25
336.00;-2.43;-1.43;0.00;0.57;4.92;0.00;0.00;0.00;0.00;3.27;0.34;0.25
337.00;-2.04;-1.63;0.00;1.38;5.61;0.00;0.00;0.00;0.00;3.40;0.38;0.25
338.00;-1.98;-1.91;0.00;2.02;6.57;0.00;0.00;0.00;0.00;3.71;0.45;0.25
339.00;-2.17;-2.21;0.00;2.49;7.64;0.00;0.00;0.00;0.00;4.17;0.52;0.25
340.00;-2.31;-2.18;0.00;2.27;7.51;0.00;0.00;0.00;0.00;4.73;0.51;0.25
341.00;-2.29;-1.65;0.00;1.19;5.69;0.00;0.00;0.00;0.00;5.24;0.39;0.25
342.00;-2.39;-1.28;0.00;0.31;4.42;0.00;0.00;0.00;0.00;5.50;0.30;0.25
343.00;-2.24;-1.19;0.00;0.26;4.10;0.00;0.00;0.00;0.00;5.57;0.28;0.25
344.00;-4.85;-1.02;2.21;0.00;4.33;0.00;0.24;0.00;0.00;5.63;0.27;0.25
345.00;-7.46;-0.97;4.84;0.00;4.30;0.00;0.28;0.00;0.00;5.02;0.26;0.25
346.00;-5.55;-1.16;2.60;0.00;4.83;0.00;0.24;0.00;0.00;3.68;0.30;0.25
347.00;-4.38;-1.31;1.27;0.00;5.10;0.00;0.17;0.00;0.00;2.95;0.33;0.25
348.00;-4.10;-1.14;1.33;0.00;4.54;0.00;0.18;0.00;0.00;2.60;0.29;0.25
349.00;-3.15;-0.82;1.06;0.00;3.42;0.00;0.17;0.00;0.00;2.23;0.21;0.25
350.00;-4.75;-0.88;2.40;0.00;3.85;0.00;0.24;0.00;0.00;1.94;0.23;0.25
351.00;-4.54;-0.88;2.24;0.00;3.78;0.00;0.22;0.00;0.00;1.27;0.23;0.25
352.00;-2.97;-1.10;0.45;0.00;4.13;0.00;0.09;0.00;0.00;0.65;0.27;0.25
353.00;-4.12;-1.49;0.76;0.00;5.52;0.00;0.11;0.00;0.00;0.52;0.36;0.25
354.00;-4.72;-1.60;0.39;0.00;7.09;0.00;0.45;0.00;0.00;0.31;0.43;0.25
355.00;-2.84;-1.96;0.00;1.27;6.75;0.00;0.00;0.00;0.00;0.20;0.46;0.25
356.00;-4.23;-2.60;0.00;1.24;8.97;0.00;0.00;0.00;0.00;0.49;0.61;0.25
357.00;-5.61;-2.82;0.00;0.32;9.72;0.00;0.00;0.00;0.00;0.77;0.67;0.25
358.00;-3.89;-2.32;0.00;1.00;8.01;0.00;0.00;0.00;0.00;0.84;0.55;0.25
359.00;-2.11;-1.83;0.00;1.74;6.30;0.00;0.00;0.00;0.00;1.06;0.43;0.25
360.00;-2.44;-1.97;0.00;1.71;6.81;0.00;0.00;0.00;0.00;1.46;0.47;0.25
361.00;-3.70;-2.05;0.00;0.61;7.07;0.00;0.00;0.00;0.00;1.84;0.48;0.25
362.00;-4.41;-1.69;0.28;0.00;6.77;0.00;0.27;0.00;0.00;1.98;0.43;0.25
363.00;-4.23;-1.43;0.32;0.00;6.40;0.00;0.43;0.00;0.00;1.90;0.38;0.25
364.00;-3.07;-1.33;0.12;0.00;4.85;0.00;0.08;0.00;0.00;1.81;0.32;0.25
365.00;-2.77;-1.73;0.00;0.87;5.96;0.00;0.00;0.00;0.00;1.78;0.41;0.25
366.00;-2.31;-1.85;0.00;1.59;6.39;0.00;0.00;0.00;0.00;1.97;0.44;0.25
367.00;-4.40;-2.13;0.00;0.09;7.35;0.00;0.00;0.00;0.00;2.33;0.50;0.25
368.00;-6.46;-2.51;0.45;0.00;9.84;0.00;0.35;0.00;0.00;2.35;0.63;0.25
369.00;-4.68;-2.15;0.08;0.00;7.55;0.00;0.04;0.00;0.00;2.22;0.51;0.25
370.00;-3.00;-1.74;0.00;0.66;5.99;0.00;0.00;0.00;0.00;2.20;0.41;0.25
371.00;-2.26;-1.78;0.00;1.48;6.14;0.00;0.00;0.00;0.00;2.35;0.42;0.25
372.00;-1.88;-1.84;0.00;2.00;6.35;0.00;0.00;0.00;0.00;2.68;0.44;0.25
373.00;-1.95;-1.73;0.00;1.70;5.97;0.00;0.00;0.00;0.00;3.13;0.41;0.25
374.00;-2.10;-1.86;0.00;1.81;6.40;0.00;0.00;0.00;0.00;3.51;0.44;0.25
375.00;-2.16;-1.77;0.00;1.55;6.09;0.00;0.00;0.00;0.00;3.92;0.42;0.25
376.00;-1.94;-1.34;0.00;0.87;4.62;0.00;0.00;0.00;0.00;4.27;0.32;0.25
377.00;-1.94;-1.22;0.00;0.62;4.21;0.00;0.00;0.00;0.00;4.47;0.29;0.25
378.00;-2.06;-1.34;0.00;0.77;4.63;0.00;0.00;0.00;0.00;4.61;0.32;0.25
379.00;-2.14;-1.35;0.00;0.69;4.65;0.00;0.00;0.00;0.00;4.78;0.32;0.25
380.00;-2.51;-1.27;0.00;0.16;4.38;0.00;0.00;0.00;0.00;4.94;0.30;0.25
381.00;-2.03;-1.29;0.00;0.68;4.44;0.00;0.00;0.00;0.00;4.97;0.30;0.25
382.00;-2.15;-1.20;0.00;0.37;4.13;0.00;0.00;0.00;0.00;5.13;0.28;0.25
383.00;-2.12;-1.00;0.01;0.00;3.45;0.00;0.01;0.00;0.00;5.21;0.24;0.25
384.00;-2.37;-0.73;0.35;0.00;3.31;0.00;0.23;0.00;0.00;5.20;0.20;0.25
385.00;-2.01;-0.72;0.20;0.00;2.96;0.00;0.14;0.00;0.00;5.11;0.19;0.25
386.00;-1.36;-0.72;0.00;0.15;2.49;0.00;0.00;0.00;0.00;5.05;0.17;0.25
387.00;-1.07;-0.88;0.00;0.77;3.03;0.00;0.00;0.00;0.00;5.09;0.21;0.25
388.00;-2.33;-1.03;0.07;0.00;3.70;0.00;0.05;0.00;0.00;5.26;0.25;0.25
389.00;-1.83;-0.98;0.00;0.22;3.37;0.00;0.00;0.00;0.00;5.24;0.23;0.25
390.00;-0.81;-0.86;0.00;1.00;2.98;0.00;0.00;0.00;0.00;5.29;0.20;0.25
391.00;-0.44;-0.77;0.00;1.19;2.67;0.00;0.00;0.00;0.00;5.51;0.18;0.25
392.00;-0.81;-0.78;0.00;0.83;2.69;0.00;0.00;0.00;0.00;5.78;0.18;0.25
393.00;-0.92;-0.76;0.00;0.68;2.63;0.00;0.00;0.00;0.00;5.97;0.18;0.25
394.00;-0.81;-0.64;0.00;0.53;2.19;0.00;0.00;0.00;0.00;6.12;0.15;0.25
395.00;-1.21;-0.56;0.01;0.00;1.96;0.00;0.01;0.00;0.00;6.24;0.13;0.25
396.00;-1.71;-0.58;0.19;0.00;2.50;0.00;0.15;0.00;0.00;6.24;0.15;0.25
397.00;-1.75;-0.59;0.19;0.00;2.55;0.00;0.15;0.00;0.00;6.19;0.16;0.25
398.00;-1.25;-0.59;0.01;0.00;2.04;0.00;0.00;0.00;0.00;6.13;0.14;0.25
399.00;-0.90;-0.61;0.00;0.39;2.10;0.00;0.00;0.00;0.00;6.13;0.14;0.25
400.00;-1.38;-0.62;0.03;0.00;2.20;0.00;0.02;0.00;0.00;6.22;0.15;0.25
401.00;-1.74;-0.61;0.18;0.00;2.55;0.00;0.13;0.00;0.00;6.21;0.16;0.25
402.00;-1.77;-0.63;0.18;0.00;2.61;0.00;0.13;0.00;0.00;6.16;0.16;0.25
403.00;-2.20;-0.65;0.32;0.00;3.08;0.00;0.24;0.00;0.00;6.10;0.18;0.25
404.00;-3.18;-0.63;0.66;0.00;4.14;0.00;0.57;0.00;0.00;6.02;0.21;0.25
405.00;-3.20;-0.62;0.67;0.00;4.15;0.00;0.58;0.00;0.00;5.83;0.21;0.25
406.00;-1.63;-0.68;0.09;0.00;2.52;0.00;0.05;0.00;0.00;5.65;0.17;0.25
407.00;-0.94;-0.76;0.00;0.66;2.61;0.00;0.00;0.00;0.00;5.62;0.18;0.25
408.00;-2.61;-0.84;0.37;0.00;3.68;0.00;0.23;0.00;0.00;5.77;0.22;0.25
409.00;-6.11;-0.95;1.57;0.00;7.44;0.00;1.21;0.00;0.00;5.67;0.36;0.25
410.00;-4.89;-1.07;1.11;0.00;6.19;0.00;0.72;0.00;0.00;5.23;0.33;0.25
411.00;-2.09;-1.31;0.00;0.66;4.51;0.00;0.00;0.00;0.00;4.92;0.31;0.25
412.00;-7.10;-1.68;1.64;0.00;8.94;0.00;0.91;0.00;0.00;5.07;0.50;0.25
413.00;-9.51;-1.69;2.81;0.00;10.98;0.00;1.50;0.00;0.00;4.61;0.57;0.25
414.00;-4.43;-1.43;0.72;0.00;6.07;0.00;0.33;0.00;0.00;3.83;0.38;0.25
415.00;-4.50;-1.30;0.91;0.00;5.88;0.00;0.40;0.00;0.00;3.63;0.35;0.25
416.00;-6.17;-1.27;1.81;0.00;7.14;0.00;0.80;0.00;0.00;3.38;0.39;0.25
417.00;-3.87;-1.40;0.51;0.00;5.50;0.00;0.19;0.00;0.00;2.88;0.35;0.25
418.00;-2.99;-1.66;0.00;0.51;5.74;0.00;0.00;0.00;0.00;2.73;0.39;0.25
419.00;-2.88;-1.68;0.00;0.66;5.80;0.00;0.00;0.00;0.00;2.85;0.40;0.25
420.00;-2.10;-1.82;0.00;1.73;6.27;0.00;0.00;0.00;0.00;3.00;0.43;0.25
421.00;-2.13;-1.78;0.00;1.62;6.14;0.00;0.00;0.00;0.00;3.39;0.42;0.25
422.00;-2.95;-1.59;0.00;0.39;5.48;0.00;0.00;0.00;0.00;3.75;0.38;0.25
423.00;-3.10;-1.88;0.00;0.85;6.47;0.00;0.00;0.00;0.00;3.84;0.44;0.25
424.00;-3.45;-1.68;0.00;0.08;5.79;0.00;0.00;0.00;0.00;4.03;0.40;0.25
425.00;-3.05;-1.72;0.00;0.58;5.95;0.00;0.00;0.00;0.00;4.05;0.41;0.25
426.00;-2.29;-1.52;0.00;0.91;5.25;0.00;0.00;0.00;0.00;4.18;0.36;0.25
427.00;-2.68;-0.98;0.37;0.00;3.79;0.00;0.12;0.00;0.00;4.38;0.24;0.25
428.00;-3.50;-1.00;0.94;0.00;4.19;0.00;0.22;0.00;0.00;4.28;0.26;0.25
429.00;-4.64;-1.06;1.76;0.00;4.72;0.00;0.31;0.00;0.00;4.02;0.28;0.25
430.00;-3.54;-1.06;0.90;0.00;4.32;0.00;0.19;0.00;0.00;3.53;0.27;0.25
431.00;-2.51;-1.18;0.02;0.00;4.09;0.00;0.01;0.00;0.00;3.28;0.28;0.25
432.00;-2.43;-1.43;0.00;0.57;4.92;0.00;0.00;0.00;0.00;3.27;0.34;0.25
433.00;-2.04;-1.63;0.00;1.38;5.61;0.00;0.00;0.00;0.00;3.40;0.38;0.25
434.00;-1.98;-1.91;0.00;2.02;6.57;0.00;0.00;0.00;0.00;3.71;0.45;0.25
435.00;-2.17;-2.21;0.00;2.49;7.64;0.00;0.00;0.00;0.00;4.17;0.52;0.25
436.00;-2.31;-2.18;0.00;2.27;7.51;0.00;0.00;0.00;0.00;4.73;0.51;0.25
437.00;-2.29;-1.65;0.00;1.19;5.69;0.00;0.00;0.00;0.00;5.24;0.39;0.25
438.00;-2.39;-1.28;0.00;0.31;4.42;0.00;0.00;0.00;0.00;5.50;0.30;0.25
439.00;-2.24;-1.19;0.00;0.26;4.10;0.00;0.00;0.00;0.00;5.57;0.28;0.25
440.00;-4.85;-1.02;2.21;0.00;4.33;0.00;0.24;0.00;0.00;5.63;0.27;0.25
441.00;-7.46;-0.97;4.84;0.00;4.30;0.00;0.28;0.00;0.00;5.02;0.26;0.25
442.00;-5.55;-1.16;2.60;0.00;4.83;0.00;0.24;0.00;0.00;3.68;0.30;0.25
443.00;-4.38;-1.31;1.27;0.00;5.10;0.00;0.17;0.00;0.00;2.95;0.33;0.25
444.00;-4.10;-1.14;1.33;0.00;4.54;0.00;0.18;0.00;0.00;2.60;0.29;0.25
445.00;-3.15;-0.82;1.06;0.00;3.42;0.00;0.17;0.00;0.00;2.23;0.21;0.25
446.00;-4.75;-0.88;2.40;0.00;3.85;0.00;0.24;0.00;0.00;1.94;0.23;0.25
447.00;-4.54;-0.88;2.24;0.00;3.78;0.00;0.22;0.00;0.00;1.27;0.23;0.25
448.00;-2.97;-1.10;0.45;0.00;4.13;0.00;0.09;0.00;0.00;0.65;0.27;0.25
449.00;-4.12;-1.49;0.76;0.00;5.52;0.00;0.11;0.00;0.00;0.52;0.36;0.25
450.00;-4.72;-1.60;0.39;0.00;7.09;0.00;0.45;0.00;0.00;0.31;0.43;0.25
451.00;-2.84;-1.96;0.00;1.27;6.75;0.00;0.00;0.00;0.00;0.20;0.46;0.25
452.00;-4.23;-2.60;0.00;1.24;8.97;0.00;0.00;0.00;0.00;0.49;0.61;0.25
453.00;-5.61;-2.82;0.00;0.32;9.72;0.00;0.00;0.00;0.00;0.77;0.67;0.25
454.00;-3.89;-2.32;0.00;1.00;8.01;0.00;0.00;0.00;0.00;0.84;0.55;0.25
455.00;-2.11;-1.83;0.00;1.74;6.30;0.00;0.00;0.00;0.00;1.06;0.43;0.25
456.00;-2.44;-1.97;0.00;1.71;6.81;0.00;0.00;0.00;0.00;1.46;0.47;0.25
457.00;-3.70;-2.05;0.00;0.61;7.07;0.00;0.00;0.00;0.00;1.84;0.48;0.25
458.00;-4.41;-1.69;0.28;0.00;6.77;0.00;0.27;0.00;0.00;1.98;0.43;0.25
459.00;-4.23;-1.43;0.32;0.00;6.40;0.00;0.43;0.00;0.00;1.90;0.38;0.25
460.00;-3.07;-1.33;0.12;0.00;4.85;0.00;0.08;0.00;0.00;1.81;0.32;0.25
461.00;-2.77;-1.73;0.00;0.87;5.96;0.00;0.00;0.00;0.00;1.78;0.41;0.25
462.00;-2.31;-1.85;0.00;1.59;6.39;0.00;0.00;0.00;0.00;1.97;0.44;0.25
463.00;-4.40;-2.13;0.00;0.09;7.35;0.00;0.00;0.00;0.00;2.33;0.50;0.25
464.00;-6.46;-2.51;0.45;0.00;9.84;0.00;0.35;0.00;0.00;2.35;0.63;0.25
465.00;-4.68;-2.15;0.08;0.00;7.55;0.00;0.04;0.00;0.00;2.22;0.51;0.25
466.00;-3.00;-1.74;0.00;0.66;5.99;0.00;0.00;0.00;0.00;2.20;0.41;0.25
467.00;-2.26;-1.78;0.00;1.48;6.14;0.00;0.00;0.00;0.00;2.35;0.42;0.25
468.00;-1.88;-1.84;0.00;2.00;6.35;0.00;0.00;0.00;0.00;2.68;0.44;0.25
469.00;-1.95;-1.73;0.00;1.70;5.97;0.00;0.00;0.00;0.00;3.13;0.41;0.25
470.00;-2.10;-1.86;0.00;1.81;6.40;0.00;0.00;0.00;0.00;3.51;0.44;0.25
471.00;-2.16;-1.77;0.00;1.55;6.09;0.00;0.00;0.00;0.00;3.92;0.42;0.25
472.00;-1.94;-1.34;0.00;0.87;4.62;0.00;0.00;0.00;0.00;4.27;0.32;0.25
473.00;-1.94;-1.22;0.00;0.62;4.21;0.00;0.00;0.00;0.00;4.47;0.29;0.25
474.00;-2.06;-1.34;0.00;0.77;4.63;0.00;0.00;0.00;0.00;4.61;0.32;0.25
475.00;-2.14;-1.35;0.00;0.69;4.65;0.00;0.00;0.00;0.00;4.78;0.32;0.25
476.00;-2.51;-1.27;0.00;0.16;4.38;0.00;0.00;0.00;0.00;4.94;0.30;0.25
477.00;-2.03;-1.29;0.00;0.68;4.44;0.00;0.00;0.00;0.00;4.97;0.30;0.25
478.00;-2.15;-1.20;0.00;0.37;4.13;0.00;0.00;0.00;0.00;5.13;0.28;0.25
479.00;-2.12;-1.00;0.01;0.00;3.45;0.00;0.01;0.00;0.00;5.21;0.24;0.25
480.00;-2.37;-0.73;0.35;0.00;3.31;0.00;0.23;0.00;0.00;5.20;0.20;0.25
481.00;-2.01;-0.72;0.20;0.00;2.96;0.00;0.14;0.00;0.00;5.11;0.19;0.25
482.00;-1.36;-0.72;0.00;0.15;2.49;0.00;0.00;0.00;0.00;5.05;0.17;0.25
483.00;-1.07;-0.88;0.00;0.77;3.03;0.00;0.00;0.00;0.00;5.09;0.21;0.25
484.00;-2.33;-1.03;0.07;0.00;3.70;0.00;0.05;0.00;0.00;5.26;0.25;0.25
485.00;-1.83;-0.98;0.00;0.22;3.37;0.00;0.00;0.00;0.00;5.24;0.23;0.25
486.00;-0.81;-0.86;0.00;1.00;2.98;0.00;0.00;0.00;0.00;5.29;0.20;0.25
487.00;-0.44;-0.77;0.00;1.19;2.67;0.00;0.00;0.00;0.00;5.51;0.18;0.25
488.00;-0.81;-0.78;0.00;0.83;2.69;0.00;0.00;0.00;0.00;5.78;0.18;0.25
489.00;-0.92;-0.76;0.00;0.68;2.63;0.00;0.00;0.00;0.00;5.97;0.18;0.25
490.00;-0.81;-0.64;0.00;0.53;2.19;0.00;0.00;0.00;0.00;6.12;0.15;0.25
491.00;-1.21;-0.56;0.01;0.00;1.96;0.00;0.01;0.00;0.00;6.24;0.13;0.25
492.00;-1.71;-0.58;0.19;0.00;2.50;0.00;0.15;0.00;0.00;6.24;0.15;0.25
493.00;-1.75;-0.59;0.19;0.00;2.55;0.00;0.15;0.00;0.00;6.19;0.16;0.25
494.00;-1.25;-0.59;0.01;0.00;2.04;0.00;0.00;0.00;0.00;6.13;0.14;0.25
495.00;-0.90;-0.61;0.00;0.39;2.10;0.00;0.00;0.00;0.00;6.13;0.14;0.25
496.00;-1.38;-0.62;0.03;0.00;2.20;0.00;0.02;0.00;0.00;6.22;0.15;0.25
497.00;-1.74;-0.61;0.18;0.00;2.55;0.00;0.13;0.00;0.00;6.21;0.16;0.25
498.00;-1.77;-0.63;0.18;0.00;2.61;0.00;0.13;0.00;0.00;6.16;0.16;0.25
499.00;-2.20;-0.65;0.32;0.00;3.08;0.00;0.24;0.00;0.00;6.10;0.18;0.25
500.00;-3.18;-0.63;0.66;0.00;4.14;0.00;0.57;0.00;0.00;6.02;0.21;0.25
501.00;-3.20;-0.62;0.67;0.00;4.15;0.00;0.58;0.00;0.00;5.83;0.21;0.25
502.00;-1.63;-0.68;0.09;0.00;2.52;0.00;0.05;0.00;0.00;5.65;0.17;0.25
503.00;-0.94;-0.76;0.00;0.66;2.61;0.00;0.00;0.00;0.00;5.62;0.18;0.25
504.00;-2.61;-0.84;0.37;0.00;3.68;0.00;0.23;0.00;0.00;5.77;0.22;0.25
505.00;-6.11;-0.95;1.57;0.00;7.44;0.00;1.21;0.00;0.00;5.67;0.36;0.25
506.00;-4.89;-1.07;1.11;0.00;6.19;0.00;0.72;0.00;0.00;5.23;0.33;0.25
507.00;-2.09;-1.31;0.00;0.66;4.51;0.00;0.00;0.00;0.00;4.92;0.31;0.25
508.00;-7.10;-1.68;1.64;0.00;8.94;0.00;0.91;0.00;0.00;5.07;0.50;0.25
509.00;-9.51;-1.69;2.81;0.00;10.98;0.00;1.50;0.00;0.00;4.61;0.57;0.25
510.00;-4.43;-1.43;0.72;0.00;6.07;0.00;0.33;0.00;0.00;3.83;0.38;0.25
511.00;-4.50;-1.30;0.91;0.00;5.88;0.00;0.40;0.00;0.00;3.63;0.35;0.25
512.00;-6.17;-1.27;1.81;0.00;7.14;0.00;0.80;0.00;0.00;3.38;0.39;0.25
513.00;-3.87;-1.40;0.51;0.00;5.50;0.00;0.19;0.00;0.00;2.88;0.35;0.25
514.00;-2.99;-1.66;0.00;0.51;5.74;0.00;0.00;0.00;0.00;2.73;0.39;0.25
515.00;-2.88;-1.68;0.00;0.66;5.80;0.00;0.00;0.00;0.00;2.85;0.40;0.25
516.00;-2.10;-1.82;0.00;1.73;6.27;0.00;0.00;0.00;0.00;3.00;0.43;0.25
517.00;-2.13;-1.78;0.00;1.62;6.14;0.00;0.00;0.00;0.00;3.39;0.42;0.25
518.00;-2.95;-1.59;0.00;0.39;5.48;0.00;0.00;0.00;0.00;3.75;0.38;0.25
519.00;-3.10;-1.88;0.00;0.85;6.47;0.00;0.00;0.00;0.00;3.84;0.44;0.25
520.00;-3.45;-1.68;0.00;0.08;5.79;0.00;0.00;0.00;0.00;4.03;0.40;0.25
521.00;-3.05;-1.72;0.00;0.58;5.95;0.00;0.00;0.00;0.00;4.05;0.41;0.25
522.00;-2.29;-1.52;0.00;0.91;5.25;0.00;0.00;0.00;0.00;4.18;0.36;0.25
523.00;-2.68;-0.98;0.37;0.00;3.79;0.00;0.12;0.00;0.00;4.38;0.24;0.25
524.00;-3.50;-1.00;0.94;0.00;4.19;0.00;0.22;0.00;0.00;4.28;0.26;0.25
525.00;-4.64;-1.06;1.76;0.00;4.72;0.00;0.31;0.00;0.00;4.02;0.28;0.25
526.00;-3.54;-1.06;0.90;0.00;4.32;0.00;0.19;0.00;0.00;3.53;0.27;0.25
527.00;-2.51;-1.18;0.02;0.00;4.09;0.00;0.01;0.00;0.00;3.28;0.28;0.25
528.00;-2.43;-1.43;0.00;0.57;4.92;0.00;0.00;0.00;0.00;3.27;0.34;0.25
529.00;-2.04;-1.63;0.00;1.38;5.61;0.00;0.00;0.00;0.00;3.40;0.38;0.25
530.00;-1.98;-1.91;0.00;2.02;6.57;0.00;0.00;0.00;0.00;3.71;0.45;0.25
531.00;-2.17;-2.21;0.00;2.49;7.64;0.00;0.00;0.00;0.00;4.17;0.52;0.25
532.00;-2.31;-2.18;0.00;2.27;7.51;0.00;0.00;0.00;0.00;4.73;0.51;0.25
533.00;-2.29;-1.65;0.00;1.19;5.69;0.00;0.00;0.00;0.00;5.24;0.39;0.25
534.00;-2.39;-1.28;0.00;0.31;4.42;0.00;0.00;0.00;0.00;5.50;0.30;0.25
535.00;-2.24;-1.19;0.00;0.26;4.10;0.00;0.00;0.00;0.00;5.57;0.28;0.25
536.00;-4.85;-1.02;2.21;0.00;4.33;0.00;0.24;0.00;0.00;5.63;0.27;0.25
537.00;-7.46;-0.97;4.84;0.00;4.30;0.00;0.28;0.00;0.00;5.02;0.26;0.25
538.00;-5.55;-1.16;2.60;0.00;4.83;0.00;0.24;0.00;0.00;3.68;0.30;0.25
539.00;-4.38;-1.31;1.27;0.00;5.10;0.00;0.17;0.00;0.00;2.95;0.33;0.25
540.00;-4.10;-1.14;1.33;0.00;4.54;0.00;0.18;0.00;0.00;2.60;0.29;0.25
541.00;-3.15;-0.82;1.06;0.00;3.42;0.00;0.17;0.00;0.00;2.23;0.21;0.25
542.00;-4.75;-0.88;2.40;0.00;3.85;0.00;0.24;0.00;0.00;1.94;0.23;0.25
543.00;-4.54;-0.88;2.24;0.00;3.78;0.00;0.22;0.00;0.00;1.27;0.23;0.25
544.00;-2.97;-1.10;0.45;0.00;4.13;0.00;0.09;0.00;0.00;0.65;0.27;0.25
545.00;-4.12;-1.49;0.76;0.00;5.52;0.00;0.11;0.00;0.00;0.52;0.36;0.25
546.00;-4.72;-1.60;0.39;0.00;7.09;0.00;0.45;0.00;0.00;0.31;0.43;0.25
547.00;-2.84;-1.96;0.00;1.27;6.75;0.00;0.00;0.00;0.00;0.20;0.46;0.25
548.00;-4.23;-2.60;0.00;1.24;8.97;0.00;0.00;0.00;0.00;0.49;0.61;0.25
549.00;-5.61;-2.82;0.00;0.32;9.72;0.00;0.00;0.00;0.00;0.77;0.67;0.25
550.00;-3.89;-2.32;0.00;1.00;8.01;0.00;0.00;0.00;0.00;0.84;0.55;0.25
551.00;-2.11;-1.83;0.00;1.74;6.30;0.00;0.00;0.00;0.00;1.06;0.43;0.25
552.00;-2.44;-1.97;0.00;1.71;6.81;0.00;0.00;0.00;0.00;1.46;0.47;0.25
553.00;-3.70;-2.05;0.00;0.61;7.07;0.00;0.00;0.00;0.00;1.84;0.48;0.25
554.00;-4.41;-1.69;0.28;0.00;6.77;0.00;0.27;0.00;0.00;1.98;0.43;0.25
555.00;-4.23;-1.43;0.32;0.00;6.40;0.00;0.43;0.00;0.00;1.90;0.38;0.25
556.00;-3.07;-1.33;0.12;0.00;4.85;0.00;0.08;0.00;0.00;1.81;0.32;0.25
557.00;-2.77;-1.73;0.00;0.87;5.96;0.00;0.00;0.00;0.00;1.78;0.41;0.25
558.00;-2.31;-1.85;0.00;1.59;6.39;0.00;0.00;0.00;0.00;1.97;0.44;0.25
559.00;-4.40;-2.13;0.00;0.09;7.35;0.00;0.00;0.00;0.00;2.33;0.50;0.25
560.00;-6.46;-2.51;0.45;0.00;9.84;0.00;0.35;0.00;0.00;2.35;0.63;0.25
561.00;-4.68;-2.15;0.08;0.00;7.55;0.00;0.04;0.00;0.00;2.22;0.51;0.25
562.00;-3.00;-1.74;0.00;0.66;5.99;0.00;0.00;0.00;0.00;2.20;0.41;0.25
563.00;-2.26;-1.78;0.00;1.48;6.14;0.00;0.00;0.00;0.00;2.35;0.42;0.25
564.00;-1.88;-1.84;0.00;2.00;6.35;0.00;0.00;0.00;0.00;2.68;0.44;0.25
565.00;-1.95;-1.73;0.00;1.70;5.97;0.00;0.00;0.00;0.00;3.13;0.41;0.25
566.00;-2.10;-1.86;0.00;1.81;6.40;0.00;0.00;0.00;0.00;3.51;0.44;0.25
567.00;-2.16;-1.77;0.00;1.55;6.09;0.00;0.00;0.00;0.00;3.92;0.42;0.25
568.00;-1.94;-1.34;0.00;0.87;4.62;0.00;0.00;0.00;0.00;4.27;0.32;0.25
569.00;-1.94;-1.22;0.00;0.62;4.21;0.00;0.00;0.00;0.00;4.47;0.29;0.25
570.00;-2.06;-1.34;0.00;0.77;4.63;0.00;0.00;0.00;0.00;4.61;0.32;0.25
571.00;-2.14;-1.35;0.00;0.69;4.65;0.00;0.00;0.00;0.00;4.78;0.32;0.25
572.00;-2.51;-1.27;0.00;0.16;4.38;0.00;0.00;0.00;0.00;4.94;0.30;0.25
573.00;-2.03;-1.29;0.00;0.68;4.44;0.00;0.00;0.00;0.00;4.97;0.30;0.25
574.00;-2.15;-1.20;0.00;0.37;4.13;0.00;0.00;0.00;0.00;5.13;0.28;0.25
575.00;-2.12;-1.00;0.01;0.00;3.45;0.00;0.01;0.00;0.00;5.21;0.24;0.25
576.00;-2.37;-0.73;0.35;0.00;3.31;0.00;0.23;0.00;0.00;5.20;0.20;0.25
577.00;-2.01;-0.72;0.20;0.00;2.96;0.00;0.14;0.00;0.00;5.11;0.19;0.25
578.00;-1.36;-0.72;0.00;0.15;2.49;0.00;0.00;0.00;0.00;5.05;0.17;0.25
579.00;-1.07;-0.88;0.00;0.77;3.03;0.00;0.00;0.00;0.00;5.09;0.21;0.25
580.00;-2.33;-1.03;0.07;0.00;3.70;0.00;0.05;0.00;0.00;5.26;0.25;0.25
581.00;-1.83;-0.98;0.00;0.22;3.37;0.00;0.00;0.00;0.00;5.24;0.23;0.25
582.00;-0.81;-0.86;0.00;1.00;2.98;0.00;0.00;0.00;0.00;5.29;0.20;0.25
583.00;-0.44;-0.77;0.00;1.19;2.67;0.00;0.00;0.00;0.00;5.51;0.18;0.25
584.00;-0.81;-0.78;0.00;0.83;2.69;0.00;0.00;0.00;0.00;5.78;0.18;0.25
585.00;-0.92;-0.76;0.00;0.68;2.63;0.00;0.00;0.00;0.00;5.97;0.18;0.25
586.00;-0.81;-0.64;0.00;0.53;2.19;0.00;0.00;0.00;0.00;6.12;0.15;0.25
587.00;-1.21;-0.56;0.01;0.00;1.96;0.00;0.01;0.00;0.00;6.24;0.13;0.25
588.00;-1.71;-0.58;0.19;0.00;2.50;0.00;0.15;0.00;0.00;6.24;0.15;0.25
589.00;-1.75;-0.59;0.19;0.00;2.55;0.00;0.15;0.00;0.00;6.19;0.16;0.25
590.00;-1.25;-0.59;0.01;0.00;2.04;0.00;0.00;0.00;0.00;6.13;0.14;0.25
591.00;-0.90;-0.61;0.00;0.39;2.10;0.00;0.00;0.00;0.00;6.13;0.14;0.25
592.00;-1.38;-0.62;0.03;0.00;2.20;0.00;0.02;0.00;0.00;6.22;0.15;0.25
593.00;-1.74;-0.61;0.18;0.00;2.55;0.00;0.13;0.00;0.00;6.21;0.16;0.25
594.00;-1.77;-0.63;0.18;0.00;2.61;0.00;0.13;0.00;0.00;6.16;0.16;0.25
595.00;-2.20;-0.65;0.32;0.00;3.08;0.00;0.24;0.00;0.00;6.10;0.18;0.25
596.00;-3.18;-0.63;0.66;0.00;4.14;0.00;0.57;0.00;0.00;6.02;0.21;0.25
597.00;-3.20;-0.62;0.67;0.00;4.15;0.00;0.58;0.00;0.00;5.83;0.21;0.25
598.00;-1.63;-0.68;0.09;0.00;2.52;0.00;0.05;0.00;0.00;5.65;0.17;0.25
599.00;-0.94;-0.76;0.00;0.66;2.61;0.00;0.00;0.00;0.00;5.62;0.18;0.25
600.00;-2.61;-0.84;0.37;0.00;3.68;0.00;0.23;0.00;0.00;5.77;0.22;0.25
601.00;-6.11;-0.95;1.57;0.00;7.44;0.00;1.21;0.00;0.00;5.67;0.36;0.25
602.00;-4.89;-1.07;1.11;0.00;6.19;0.00;0.72;0.00;0.00;5.23;0.33;0.25
603.00;-2.09;-1.31;0.00;0.66;4.51;0.00;0.00;0.00;0.00;4.92;0.31;0.25
604.00;-7.10;-1.68;1.64;0.00;8.94;0.00;0.91;0.00;0.00;5.07;0.50;0.25
605.00;-9.51;-1.69;2.81;0.00;10.98;0.00;1.50;0.00;0.00;4.61;0.57;0.25
606.00;-4.43;-1.43;0.72;0.00;6.07;0.00;0.33;0.00;0.00;3.83;0.38;0.25
607.00;-4.50;-1.30;0.91;0.00;5.88;0.00;0.40;0.00;0.00;3.63;0.35;0.25
608.00;-6.17;-1.27;1.81;0.00;7.14;0.00;0.80;0.00;0.00;3.38;0.39;0.25
609.00;-3.87;-1.40;0.51;0.00;5.50;0.00;0.19;0.00;0.00;2.88;0.35;0.25
610.00;-2.99;-1.66;0.00;0.51;5.74;0.00;0.00;0.00;0.00;2.73;0.39;0.25
611.00;-2.88;-1.68;0.00;0.66;5.80;0.00;0.00;0.00;0.00;2.85;0.40;0.25
612.00;-2.10;-1.82;0.00;1.73;6.27;0.00;0.00;0.00;0.00;3.00;0.43;0.25
613.00;-2.13;-1.78;0.00;1.62;6.14;0.00;0.00;0.00;0.00;3.39;0.42;0.25
614.00;-2.95;-1.59;0.00;0.39;5.48;0.00;0.00;0.00;0.00;3.75;0.38;0.25
615.00;-3.10;-1.88;0.00;0.85;6.47;0.00;0.00;0.00;0.00;3.84;0.44;0.25
616.00;-3.45;-1.68;0.00;0.08;5.79;0.00;0.00;0.00;0.00;4.03;0.40;0.25
617.00;-3.05;-1.72;0.00;0.58;5.95;0.00;0.00;0.00;0.00;4.05;0.41;0.25
618.00;-2.29;-1.52;0.00;0.91;5.25;0.00;0.00;0.00;0.00;4.18;0.36;0.25
619.00;-2.68;-0.98;0.37;0.00;3.79;0.00;0.12;0.00;0.00;4.38;0.24;0.25
620.00;-3.50;-1.00;0.94;0.00;4.19;0.00;0.22;0.00;0.00;4.28;0.26;0.25
621.00;-4.64;-1.06;1.76;0.00;4.72;0.00;0.31;0.00;0.00;4.02;0.28;0.25
622.00;-3.54;-1.06;0.90;0.00;4.32;0.00;0.19;0.00;0.00;3.53;0.27;0.25
623.00;-2.51;-1.18;0.02;0.00;4.09;0.00;0.01;0.00;0.00;3.28;0.28;0.25
624.00;-2.43;-1.43;0.00;0.57;4.92;0.00;0.00;0.00;0.00;3.27;0.34;0.25
625.00;-2.04;-1.63;0.00;1.38;5.61;0.00;0.00;0.00;0.00;3.40;0.38;0.25
626.00;-1.98;-1.91;0.00;2.02;6.57;0.00;0.00;0.00;0.00;3.71;0.45;0.25
627.00;-2.17;-2.21;0.00;2.49;7.64;0.00;0.00;0.00;0.00;4.17;0.52;0.25
628.00;-2.31;-2.18;0.00;2.27;7.51;0.00;0.00;0.00;0.00;4.73;0.51;0.25
629.00;-2.29;-1.65;0.00;1.19;5.69;0.00;0.00;0.00;0.00;5.24;0.39;0.25
630.00;-2.39;-1.28;0.00;0.31;4.42;0.00;0.00;0.00;0.00;5.50;0.30;0.25
631.00;-2.24;-1.19;0.00;0.26;4.10;0.00;0.00;0.00;0.00;5.57;0.28;0.25
632.00;-4.85;-1.02;2.21;0.00;4.33;0.00;0.24;0.00;0.00;5.63;0.27;0.25
633.00;-7.46;-0.97;4.84;0.00;4.30;0.00;0.28;0.00;0.00;5.02;0.26;0.25
634.00;-5.55;-1.16;2.60;0.00;4.83;0.00;0.24;0.00;0.00;3.68;0.30;0.25
635.00;-4.38;-1.31;1.27;0.00;5.10;0.00;0.17;0.00;0.00;2.95;0.33;0.25
636.00;-4.10;-1.14;1.33;0.00;4.54;0.00;0.18;0.00;0.00;2.60;0.29;0.25
637.00;-3.15;-0.82;1.06;0.00;3.42;0.00;0.17;0.00;0.00;2.23;0.21;0.25
638.00;-4.75;-0.88;2.40;0.00;3.85;0.00;0.24;0.00;0.00;1.94;0.23;0.25
639.00;-4.54;-0.88;2.24;0.00;3.78;0.00;0.22;0.00;0.00;1.27;0.23;0.25
640.00;-2.97;-1.10;0.45;0.00;4.13;0.00;0.09;0.00;0.00;0.65;0.27;0.25
641.00;-4.12;-1.49;0.76;0.00;5.52;0.00;0.11;0.00;0.00;0.52;0.36;0.25
642.00;-4.72;-1.60;0.39;0.00;7.09;0.00;0.45;0.00;0.00;0.31;0.43;0.25
643.00;-2.84;-1.96;0.00;1.27;6.75;0.00;0.00;0.00;0.00;0.20;0.46;0.25
644.00;-4.23;-2.60;0.00;1.24;8.97;0.00;0.00;0.00;0.00;0.49;0.61;0.25
645.00;-5.61;-2.82;0.00;0.32;9.72;0.00;0.00;0.00;0.00;0.77;0.67;0.25
646.00;-3.89;-2.32;0.00;1.00;8.01;0.00;0.00;0.00;0.00;0.84;0.55;0.25
647.00;-2.11;-1.83;0.00;1.74;6.30;0.00;0.00;0.00;0.00;1.06;0.43;0.25
648.00;-2.44;-1.97;0.00;1.71;6.81;0.00;0.00;0.00;0.00;1.46;0.47;0.25
649.00;-3.70;-2.05;0.00;0.61;7.07;0.00;0.00;0.00;0.00;1.84;0.48;0.25
650.00;-4.41;-1.69;0.28;0.00;6.77;0.00;0.27;0.00;0.00;1.98;0.43;0.25
651.00;-4.23;-1.43;0.32;0.00;6.40;0.00;0.43;0.00;0.00;1.90;0.38;0.25
652.00;-3.07;-1.33;0.12;0.00;4.85;0.00;0.08;0.00;0.00;1.81;0.32;0.25
653.00;-2.77;-1.73;0.00;0.87;5.96;0.00;0.00;0.00;0.00;1.78;0.41;0.25
654.00;-2.31;-1.85;0.00;1.59;6.39;0.00;0.00;0.00;0.00;1.97;0.44;0.25
655.00;-4.40;-2.13;0.00;0.09;7.35;0.00;0.00;0.00;0.00;2.33;0.50;0.25
656.00;-6.46;-2.51;0.45;0.00;9.84;0.00;0.35;0.00;0.00;2.35;0.63;0.25
657.00;-4.68;-2.15;0.08;0.00;7.55;0.00;0.04;0.00;0.00;2.22;0.51;0.25
658.00;-3.00;-1.74;0.00;0.66;5.99;0.00;0.00;0.00;0.00;2.20;0.41;0.25
659.00;-2.26;-1.78;0.00;1.48;6.14;0.00;0.00;0.00;0.00;2.35;0.42;0.25
660.00;-1.88;-1.84;0.00;2.00;6.35;0.00;0.00;0.00;0.00;2.68;0.44;0.25
661.00;-1.95;-1.73;0.00;1.70;5.97;0.00;0.00;0.00;0.00;3.13;0.41;0.25
662.00;-2.10;-1.86;0.00;1.81;6.40;0.00;0.00;0.00;0.00;3.51;0.44;0.25
663.00;-2.16;-1.77;0.00;1.55;6.09;0.00;0.00;0.00;0.00;3.92;0.42;0.25
664.00;-1.94;-1.34;0.00;0.87;4.62;0.00;0.00;0.00;0.00;4.27;0.32;0.25
665.00;-1.94;-1.22;0.00;0.62;4.21;0.00;0.00;0.00;0.00;4.47;0.29;0.25
666.00;-2.06;-1.34;0.00;0.77;4.63;0.00;0.00;0.00;0.00;4.61;0.32;0.25
667.00;-2.14;-1.35;0.00;0.69;4.65;0.00;0.00;0.00;0.00;4.78;0.32;0.25
668.00;-2.51;-1.27;0.00;0.16;4.38;0.00;0.00;0.00;0.00;4.94;0.30;0.25
669.00;-2.03;-1.29;0.00;0.68;4.44;0.00;0.00;0.00;0.00;4.97;0.30;0.25
670.00;-2.15;-1.20;0.00;0.37;4.13;0.00;0.00;0.00;0.00;5.13;0.28;0.25
671.00;-2.12;-1.00;0.01;0.00;3.45;0.00;0.01;0.00;0.00;5.21;0.24;0.25