timeStep;demandHeat;demandElectricity;SolarThermic5;ThermalStorage5Discharge;ThermalStorage5Charge;CHP5;ElecBuy;ElecSell;ThermalStorage5SOC;Cost;CO2;Price;positiveDemandHeat;positiveDemandHeatTotal;positiveDemandElectricity;plusSolarThermic5;plusThermalStorage5Discharge;plusThermalStorage5Charge;plusCHP5;plusElecBuy;plusElecSell
0.00;-11.21;-2.20;0.00;11.21;0.00;0.00;2.20;0.00;20.00;0.03;0.26;0.05;11.21;11.21;2.20;0.00;10.09;0.00;0.00;2.20;-0.00
1.00;-12.19;-2.22;0.00;12.19;0.00;0.00;2.22;0.00;16.89;0.03;0.26;0.05;12.19;12.19;2.22;0.00;10.97;0.00;0.00;2.22;-0.00
2.00;-8.89;-2.38;0.00;8.89;0.00;0.00;2.38;0.00;13.50;0.03;0.28;0.05;8.89;8.89;2.38;0.00;8.00;0.00;0.00;2.38;-0.00
3.00;-8.07;-2.67;0.00;6.34;0.00;2.88;1.87;0.00;11.03;0.07;0.37;0.05;8.07;8.07;2.67;0.00;5.71;0.00;1.73;1.87;-0.00
4.00;-12.35;-2.82;0.00;8.49;0.00;6.44;1.02;0.00;9.27;0.12;0.45;0.05;12.35;12.35;2.82;0.00;7.64;0.00;3.86;1.02;-0.00
5.00;-14.92;-2.76;0.00;9.50;0.00;9.03;0.23;0.00;6.91;0.16;0.48;0.05;14.92;14.92;2.76;0.00;8.55;0.00;5.42;0.23;-0.00
6.00;-11.45;-2.54;0.00;3.65;0.00;12.99;0.00;1.10;4.27;0.22;0.66;0.05;11.45;11.45;2.54;0.00;3.29;0.00;7.79;0.00;-1.10
7.00;-7.82;-2.40;0.00;1.19;0.00;11.05;0.00;0.69;3.26;0.18;0.56;0.05;7.82;7.82;2.40;0.00;1.07;0.00;6.63;0.00;-0.69
8.00;-9.78;-2.37;0.00;1.61;0.00;13.62;0.00;1.44;2.93;0.22;0.69;0.05;9.78;9.78;2.37;0.00;1.45;0.00;8.17;0.00;-1.44
9.00;-13.53;-2.39;0.00;1.77;0.00;19.59;0.00;3.09;2.48;0.32;0.99;0.05;13.53;13.53;2.39;0.00;1.60;0.00;11.75;0.00;-3.09
10.00;-11.61;-2.25;0.00;0.89;0.00;17.87;0.00;2.75;1.99;0.29;0.90;0.05;11.61;11.61;2.25;0.00;0.80;0.00;10.72;0.00;-2.75
11.00;-8.36;-2.07;0.00;0.64;0.00;12.87;0.00;1.54;1.74;0.21;0.65;0.05;8.36;8.36;2.07;0.00;0.57;0.00;7.72;0.00;-1.54
12.00;-9.78;-2.07;0.00;0.61;0.00;15.27;0.00;2.21;1.56;0.25;0.77;0.05;9.78;9.78;2.07;0.00;0.55;0.00;9.16;0.00;-2.21
13.00;-15.46;-2.23;0.00;0.65;0.00;24.68;0.00;4.68;1.39;0.39;1.25;0.05;15.46;15.46;2.23;0.00;0.59;0.00;14.81;0.00;-4.68
14.00;-13.84;-2.28;0.00;0.55;0.00;22.15;0.00;3.92;1.21;0.35;1.12;0.05;13.84;13.84;2.28;0.00;0.49;0.00;13.29;0.00;-3.92
15.00;-10.09;-2.16;0.00;0.44;0.00;16.08;0.00;2.34;1.06;0.26;0.81;0.05;10.09;10.09;2.16;0.00;0.40;0.00;9.65;0.00;-2.34
16.00;-10.05;-2.10;0.00;0.35;0.00;16.17;0.00;2.43;0.93;0.26;0.82;0.05;10.05;10.05;2.10;0.00;0.32;0.00;9.70;0.00;-2.43
17.00;-10.52;-2.09;0.00;0.29;0.00;17.06;0.00;2.69;0.84;0.28;0.86;0.05;10.52;10.52;2.09;0.00;0.26;0.00;10.24;0.00;-2.69
18.00;-9.70;-2.11;0.00;0.24;0.00;15.76;0.00;2.31;0.76;0.26;0.80;0.05;9.70;9.70;2.11;0.00;0.22;0.00;9.46;0.00;-2.31
19.00;-11.82;-2.13;0.00;0.25;0.00;19.29;0.00;3.27;0.69;0.31;0.97;0.05;11.82;11.82;2.13;0.00;0.23;0.00;11.57;0.00;-3.27
20.00;-15.52;-2.10;0.00;0.25;0.00;25.46;0.00;5.02;0.62;0.40;1.29;0.05;15.52;15.52;2.10;0.00;0.22;0.00;15.28;0.00;-5.02
21.00;-13.98;-2.14;0.00;0.24;0.00;22.90;0.00;4.27;0.55;0.37;1.16;0.05;13.98;13.98;2.14;0.00;0.21;0.00;13.74;0.00;-4.27
22.00;-13.56;-2.22;0.00;0.19;0.00;22.28;0.00;4.01;0.49;0.36;1.13;0.05;13.56;13.56;2.22;0.00;0.17;0.00;13.37;0.00;-4.01
23.00;-10.40;-2.25;0.00;0.18;0.00;17.05;0.00;2.52;0.43;0.28;0.86;0.05;10.40;10.40;2.25;0.00;0.16;0.00;10.23;0.00;-2.52
24.00;-8.66;-2.37;0.02;0.15;0.00;14.15;0.00;1.59;0.38;0.23;0.71;0.05;8.66;8.66;2.37;0.02;0.13;0.00;8.49;0.00;-1.59
25.00;-12.41;-2.73;0.11;0.14;0.00;20.28;0.00;2.94;0.34;0.33;1.02;0.05;12.41;12.41;2.73;0.11;0.12;0.00;12.17;0.00;-2.94
26.00;-16.10;-2.99;0.24;0.13;0.00;26.23;0.00;4.35;0.30;0.42;1.32;0.05;16.10;16.10;2.99;0.24;0.11;0.00;15.74;0.00;-4.35
27.00;-16.15;-3.21;0.37;0.11;0.00;26.12;0.00;4.10;0.27;0.42;1.32;0.05;16.15;16.15;3.21;0.37;0.10;0.00;15.67;0.00;-4.10
28.00;-19.64;-3.63;0.51;0.10;0.00;31.71;0.00;5.25;0.24;0.51;1.60;0.05;19.64;19.64;3.63;0.51;0.09;0.00;19.03;0.00;-5.25
29.00;-19.02;-3.56;0.69;0.09;0.00;30.39;0.00;4.96;0.21;0.49;1.53;0.05;19.02;19.02;3.56;0.69;0.08;0.00;18.24;0.00;-4.96
30.00;-9.98;-3.19;1.09;0.07;0.00;14.68;0.00;0.93;0.18;0.25;0.74;0.05;9.98;9.98;3.19;1.09;0.06;0.00;8.81;0.00;-0.93
31.00;-15.33;-2.91;1.18;0.07;0.00;23.46;0.00;3.66;0.17;0.38;1.18;0.05;15.33;15.33;2.91;1.18;0.06;0.00;14.08;0.00;-3.66
32.00;-18.71;-2.81;1.21;0.06;0.00;29.05;0.00;5.33;0.15;0.46;1.47;0.05;18.71;18.71;2.81;1.21;0.06;0.00;17.43;0.00;-5.33
33.00;-14.28;-3.08;1.01;0.05;0.00;22.04;0.00;3.10;0.13;0.36;1.11;0.05;14.28;14.28;3.08;1.01;0.05;0.00;13.22;0.00;-3.10
34.00;-15.28;-3.49;0.90;0.07;0.00;23.85;0.00;3.18;0.11;0.39;1.20;0.05;15.28;15.28;3.49;0.90;0.06;0.00;14.31;0.00;-3.18
35.00;-15.05;-3.66;0.73;0.04;0.00;23.80;0.00;3.01;0.10;0.39;1.20;0.05;15.05;15.05;3.66;0.73;0.04;0.00;14.28;0.00;-3.01
36.00;-11.13;-3.78;0.78;0.04;0.00;17.19;0.00;1.04;0.08;0.29;0.87;0.05;11.13;11.13;3.78;0.78;0.03;0.00;10.32;0.00;-1.04
37.00;-7.89;-3.67;1.00;0.00;0.00;11.48;0.46;0.00;0.07;0.20;0.63;0.05;7.89;7.89;3.67;1.00;0.00;0.00;6.89;0.46;-0.00
38.00;-12.49;-3.47;1.27;0.03;0.00;18.66;0.00;1.76;0.07;0.31;0.94;0.05;12.49;12.49;3.47;1.27;0.03;0.00;11.19;0.00;-1.76
39.00;-14.59;-3.67;1.40;0.03;0.00;21.93;0.00;2.47;0.06;0.36;1.11;0.05;14.59;14.59;3.67;1.40;0.03;0.00;13.16;0.00;-2.47
40.00;-8.66;-3.55;1.37;0.00;0.00;12.14;0.15;0.00;0.06;0.21;0.63;0.05;8.66;8.66;3.55;1.37;0.00;0.00;7.28;0.15;-0.00
41.00;-12.06;-3.64;1.44;0.02;0.00;17.65;0.00;1.30;0.06;0.29;0.89;0.05;12.06;12.06;3.64;1.44;0.02;0.00;10.59;0.00;-1.30
42.00;-15.83;-3.17;1.18;0.02;0.00;24.38;0.00;3.66;0.05;0.39;1.23;0.05;15.83;15.83;3.17;1.18;0.02;0.00;14.63;0.00;-3.66
43.00;-14.42;-2.72;1.23;0.04;0.00;21.91;0.00;3.42;0.04;0.35;1.11;0.05;14.42;14.42;2.72;1.23;0.04;0.00;13.15;0.00;-3.42
44.00;-10.75;-3.25;1.16;0.12;0.00;15.78;0.00;1.17;0.03;0.26;0.80;0.05;10.75;10.75;3.25;1.16;0.10;0.00;9.47;0.00;-1.17
45.00;-9.69;-3.93;1.50;0.00;0.00;13.66;0.11;0.00;0.00;0.24;0.70;0.11;9.69;9.69;3.93;1.50;0.00;0.00;8.20;0.11;-0.00
46.00;-13.92;-4.58;2.23;0.00;0.00;19.48;0.00;0.88;0.00;0.31;0.98;0.18;13.92;13.92;4.58;2.23;0.00;0.00;11.69;0.00;-0.88
47.00;-13.20;-4.00;2.17;0.00;0.00;18.37;0.00;1.14;0.00;0.28;0.93;0.24;13.20;13.20;4.00;2.17;0.00;0.00;11.02;0.00;-1.14
48.00;-11.26;-3.31;2.71;0.00;0.00;14.25;0.00;0.68;0.00;0.22;0.72;0.30;11.26;11.26;3.31;2.71;0.00;0.00;8.55;0.00;-0.68
49.00;-17.59;-3.28;2.25;0.00;0.00;25.57;0.00;3.88;0.00;0.29;1.29;0.30;17.59;17.59;3.28;2.25;0.00;0.00;15.34;0.00;-3.88
50.00;-20.91;-3.71;2.05;0.00;0.00;31.43;0.00;5.09;0.00;0.35;1.59;0.30;20.91;20.91;3.71;2.05;0.00;0.00;18.86;0.00;-5.09
51.00;-12.51;-4.29;2.04;0.00;0.00;17.45;0.00;0.59;0.00;0.28;0.88;0.30;12.51;12.51;4.29;2.04;0.00;0.00;10.47;0.00;-0.59
52.00;-8.00;-4.51;0.00;0.00;1.66;16.10;0.00;0.00;0.00;0.28;0.81;0.30;8.00;8.00;4.51;0.00;0.00;1.50;9.66;0.00;-0.00
53.00;-8.60;-4.19;2.93;0.00;3.32;14.98;0.00;0.00;0.37;0.26;0.76;0.30;8.60;8.60;4.19;2.93;0.00;2.99;8.99;0.00;-0.00
54.00;-8.77;-4.25;2.81;0.00;3.16;15.19;0.00;0.00;1.12;0.26;0.77;0.30;8.77;8.77;4.25;2.81;0.00;2.84;9.11;0.00;-0.00
55.00;-15.55;-4.73;3.65;0.56;0.00;18.90;0.00;0.56;1.83;0.30;0.95;0.30;15.55;15.55;4.73;3.65;0.51;0.00;11.34;0.00;-0.56
56.00;-21.35;-4.34;5.44;2.95;0.00;21.59;0.00;1.70;1.68;0.31;1.09;0.30;21.35;21.35;4.34;5.44;2.66;0.00;12.96;0.00;-1.70
57.00;-18.48;-3.56;5.71;3.08;0.00;16.14;0.00;0.96;0.86;0.24;0.82;0.30;18.48;18.48;3.56;5.71;2.77;0.00;9.68;0.00;-0.96
58.00;-13.57;-3.60;5.86;0.00;0.01;12.86;0.00;0.00;0.00;0.22;0.65;0.30;13.57;13.57;3.60;5.86;0.00;0.00;7.72;0.00;-0.00
59.00;-11.31;-3.70;4.24;0.00;0.86;13.22;0.00;0.00;0.00;0.23;0.67;0.30;11.31;11.31;3.70;4.24;0.00;0.77;7.93;0.00;-0.00
60.00;-9.97;-2.94;4.27;0.00;0.60;10.51;0.00;0.00;0.19;0.18;0.53;0.30;9.97;9.97;2.94;4.27;0.00;0.54;6.30;0.00;-0.00
61.00;-9.37;-2.77;3.87;0.00;0.44;9.89;0.00;0.00;0.33;0.17;0.50;0.30;9.37;9.37;2.77;3.87;0.00;0.39;5.94;0.00;-0.00
62.00;-17.57;-3.72;8.06;1.54;0.00;13.28;0.00;0.00;0.43;0.23;0.67;0.30;17.57;17.57;3.72;8.06;1.39;0.00;7.97;0.00;-0.00
63.00;-19.14;-3.65;11.32;0.00;0.00;13.05;0.00;0.00;0.00;0.22;0.66;0.30;19.14;19.14;3.65;11.32;0.00;0.00;7.83;0.00;-0.00
64.00;-12.27;-3.12;5.59;0.00;0.00;11.13;0.00;0.00;0.00;0.19;0.56;0.30;12.27;12.27;3.12;5.59;0.00;0.00;6.68;0.00;-0.00
65.00;-10.71;-3.88;2.40;0.00;0.00;13.85;0.00;0.00;0.00;0.24;0.70;0.30;10.71;10.71;3.88;2.40;0.00;0.00;8.31;0.00;-0.00
66.00;-11.60;-4.03;3.89;0.00;0.94;14.41;0.00;0.00;0.00;0.25;0.73;0.30;11.60;11.60;4.03;3.89;0.00;0.84;8.64;0.00;-0.00
67.00;-9.72;-3.72;2.99;0.00;1.24;13.29;0.00;0.00;0.21;0.23;0.67;0.30;9.72;9.72;3.72;2.99;0.00;1.12;7.97;0.00;-0.00
68.00;-10.26;-4.27;2.11;0.00;1.02;15.26;0.00;0.00;0.49;0.26;0.77;0.30;10.26;10.26;4.27;2.11;0.00;0.91;9.16;0.00;-0.00
69.00;-15.64;-4.57;1.36;0.44;0.00;23.07;0.00;1.89;0.72;0.32;1.17;0.30;15.64;15.64;4.57;1.36;0.39;0.00;13.84;0.00;-1.89
70.00;-18.50;-4.21;0.42;0.51;0.00;29.28;0.00;3.99;0.60;0.35;1.48;0.30;18.50;18.50;4.21;0.42;0.46;0.00;17.57;0.00;-3.99
71.00;-12.83;-3.85;0.95;0.19;0.00;19.47;0.00;1.61;0.46;0.27;0.98;0.30;12.83;12.83;3.85;0.95;0.17;0.00;11.68;0.00;-1.61
72.00;-10.58;-4.23;0.96;0.09;0.00;15.89;0.00;0.22;0.40;0.26;0.80;0.30;10.58;10.58;4.23;0.96;0.08;0.00;9.53;0.00;-0.22
73.00;-11.37;-4.00;1.10;0.12;0.00;16.92;0.00;0.74;0.38;0.26;0.85;0.30;11.37;11.37;4.00;1.10;0.11;0.00;10.15;0.00;-0.74
74.00;-14.82;-3.74;1.39;0.15;0.00;22.12;0.00;2.46;0.35;0.29;1.12;0.30;14.82;14.82;3.74;1.39;0.14;0.00;13.27;0.00;-2.46
75.00;-20.31;-4.34;1.36;0.15;0.00;31.33;0.00;4.43;0.30;0.37;1.58;0.30;20.31;20.31;4.34;1.36;0.13;0.00;18.80;0.00;-4.43
76.00;-16.32;-4.66;0.83;0.12;0.00;25.61;0.00;2.51;0.26;0.34;1.29;0.30;16.32;16.32;4.66;0.83;0.11;0.00;15.36;0.00;-2.51
77.00;-15.03;-5.48;0.69;0.09;0.00;23.74;0.00;1.16;0.23;0.36;1.20;0.30;15.03;15.03;5.48;0.69;0.08;0.00;14.24;0.00;-1.16
78.00;-13.14;-5.07;0.75;0.07;0.00;20.52;0.00;0.68;0.20;0.33;1.04;0.30;13.14;13.14;5.07;0.75;0.06;0.00;12.31;0.00;-0.68
79.00;-11.92;-4.60;0.61;0.06;0.00;18.74;0.00;0.65;0.18;0.30;0.95;0.30;11.92;11.92;4.60;0.61;0.06;0.00;11.25;0.00;-0.65
80.00;-19.74;-4.99;0.46;0.07;0.00;32.03;0.00;3.98;0.17;0.40;1.62;0.30;19.74;19.74;4.99;0.46;0.06;0.00;19.22;0.00;-3.98
81.00;-19.91;-4.95;0.36;0.05;0.00;32.48;0.00;4.15;0.15;0.40;1.64;0.30;19.91;19.91;4.95;0.36;0.05;0.00;19.49;0.00;-4.15
82.00;-14.12;-4.32;0.23;0.05;0.00;23.06;0.00;2.14;0.13;0.31;1.16;0.30;14.12;14.12;4.32;0.23;0.05;0.00;13.84;0.00;-2.14
83.00;-16.41;-4.46;0.10;0.05;0.00;27.10;0.00;3.13;0.12;0.35;1.37;0.30;16.41;16.41;4.46;0.10;0.05;0.00;16.26;0.00;-3.13
84.00;-14.48;-4.44;0.00;0.04;0.00;24.05;0.00;2.30;0.10;0.33;1.21;0.30;14.48;14.48;4.44;0.00;0.04;0.00;14.43;0.00;-2.30
85.00;-9.50;-3.65;0.00;0.03;0.00;15.79;0.00;0.77;0.09;0.24;0.80;0.30;9.50;9.50;3.65;0.00;0.03;0.00;9.47;0.00;-0.77
86.00;-15.41;-3.53;0.00;0.03;0.00;25.63;0.00;3.65;0.08;0.30;1.29;0.30;15.41;15.41;3.53;0.00;0.03;0.00;15.38;0.00;-3.65
87.00;-16.84;-3.46;0.00;0.03;0.00;28.02;0.00;4.39;0.07;0.32;1.42;0.30;16.84;16.84;3.46;0.00;0.03;0.00;16.81;0.00;-4.39
88.00;-10.75;-3.01;0.00;0.02;0.00;17.88;0.00;2.00;0.06;0.23;0.90;0.30;10.75;10.75;3.01;0.00;0.02;0.00;10.73;0.00;-2.00
89.00;-11.80;-2.94;0.00;0.02;0.00;19.63;0.00;2.56;0.06;0.24;0.99;0.30;11.80;11.80;2.94;0.00;0.02;0.00;11.78;0.00;-2.56
90.00;-17.13;-3.15;0.00;0.00;4.25;35.63;0.00;6.83;0.05;0.35;1.80;0.30;17.13;17.13;3.15;0.00;0.00;3.82;21.38;0.00;-6.83
91.00;-13.39;-3.09;0.00;0.00;8.74;36.88;0.00;7.24;1.01;0.36;1.86;0.30;13.39;13.39;3.09;0.00;0.00;7.86;22.13;0.00;-7.24
92.00;-8.54;-2.98;0.00;0.00;21.02;49.27;0.00;10.82;2.97;0.44;2.49;0.30;8.54;8.54;2.98;0.00;0.00;18.92;29.56;0.00;-10.82
93.00;-14.00;-3.00;0.00;0.00;0.00;23.34;0.00;3.54;7.70;0.29;1.18;0.24;14.00;14.00;3.00;0.00;0.00;0.00;14.00;0.00;-3.54
94.00;-16.02;-2.92;0.00;0.00;0.00;26.70;0.00;4.56;7.70;0.36;1.35;0.18;16.02;16.02;2.92;0.00;0.00;0.00;16.02;0.00;-4.56
95.00;-10.38;-2.61;0.00;0.00;0.00;17.30;0.00;2.24;7.70;0.26;0.87;0.11;10.38;10.38;2.61;0.00;0.00;0.00;10.38;0.00;-2.24
96.00;-11.21;-2.20;0.00;7.89;0.00;5.53;0.65;0.00;7.70;0.10;0.36;0.05;11.21;11.21;2.20;0.00;7.10;0.00;3.32;0.65;-0.00
97.00;-12.19;-2.22;0.00;7.42;0.00;7.94;0.00;0.00;5.51;0.14;0.40;0.05;12.19;12.19;2.22;0.00;6.68;0.00;4.76;0.00;-0.00
98.00;-8.89;-2.38;0.00;1.51;0.00;12.31;0.00;1.07;3.45;0.20;0.62;0.05;8.89;8.89;2.38;0.00;1.35;0.00;7.39;0.00;-1.07
99.00;-8.07;-2.67;0.00;0.99;0.00;11.81;0.00;0.63;3.03;0.20;0.60;0.05;8.07;8.07;2.67;0.00;0.89;0.00;7.08;0.00;-0.63
100.00;-12.35;-2.82;0.00;1.87;0.00;17.47;0.00;2.07;2.76;0.29;0.88;0.05;12.35;12.35;2.82;0.00;1.68;0.00;10.48;0.00;-2.07
101.00;-14.92;-2.76;0.00;1.76;0.00;21.93;0.00;3.38;2.24;0.35;1.11;0.05;14.92;14.92;2.76;0.00;1.59;0.00;13.16;0.00;-3.38
102.00;-11.45;-2.54;0.00;0.78;0.00;17.78;0.00;2.44;1.75;0.29;0.90;0.05;11.45;11.45;2.54;0.00;0.70;0.00;10.67;0.00;-2.44
103.00;-7.82;-2.40;0.00;0.53;0.00;12.15;0.00;1.00;1.53;0.20;0.61;0.05;7.82;7.82;2.40;0.00;0.47;0.00;7.29;0.00;-1.00
104.00;-9.78;-2.37;0.00;0.59;0.00;15.32;0.00;1.92;1.39;0.25;0.77;0.05;9.78;9.78;2.37;0.00;0.53;0.00;9.19;0.00;-1.92
105.00;-13.53;-2.39;0.00;0.53;0.00;21.66;0.00;3.67;1.22;0.35;1.09;0.05;13.53;13.53;2.39;0.00;0.48;0.00;13.00;0.00;-3.67
106.00;-11.61;-2.25;0.00;0.38;0.00;18.72;0.00;2.99;1.07;0.30;0.95;0.05;11.61;11.61;2.25;0.00;0.34;0.00;11.23;0.00;-2.99
107.00;-8.36;-2.07;0.00;0.31;0.00;13.42;0.00;1.69;0.97;0.22;0.68;0.05;8.36;8.36;2.07;0.00;0.28;0.00;8.05;0.00;-1.69
108.00;-9.78;-2.07;0.00;0.34;0.00;15.73;0.00;2.34;0.88;0.25;0.79;0.05;9.78;9.78;2.07;0.00;0.30;0.00;9.44;0.00;-2.34
109.00;-15.46;-2.23;0.00;0.32;0.00;25.24;0.00;4.83;0.79;0.40;1.27;0.05;15.46;15.46;2.23;0.00;0.29;0.00;15.14;0.00;-4.83
110.00;-13.84;-2.28;0.00;0.28;0.00;22.60;0.00;4.05;0.70;0.36;1.14;0.05;13.84;13.84;2.28;0.00;0.25;0.00;13.56;0.00;-4.05
111.00;-10.09;-2.16;0.00;0.23;0.00;16.43;0.00;2.44;0.62;0.27;0.83;0.05;10.09;10.09;2.16;0.00;0.21;0.00;9.86;0.00;-2.44
112.00;-10.05;-2.10;0.00;0.21;0.00;16.41;0.00;2.50;0.56;0.27;0.83;0.05;10.05;10.05;2.10;0.00;0.19;0.00;9.85;0.00;-2.50
113.00;-10.52;-2.09;0.00;0.18;0.00;17.25;0.00;2.74;0.50;0.28;0.87;0.05;10.52;10.52;2.09;0.00;0.16;0.00;10.35;0.00;-2.74
114.00;-9.70;-2.11;0.00;0.17;0.00;15.89;0.00;2.34;0.45;0.26;0.80;0.05;9.70;9.70;2.11;0.00;0.15;0.00;9.54;0.00;-2.34
115.00;-11.82;-2.13;0.00;0.15;0.00;19.45;0.00;3.32;0.41;0.31;0.98;0.05;11.82;11.82;2.13;0.00;0.14;0.00;11.67;0.00;-3.32
116.00;-15.52;-2.10;0.00;0.14;0.00;25.64;0.00;5.07;0.36;0.41;1.29;0.05;15.52;15.52;2.10;0.00;0.12;0.00;15.38;0.00;-5.07
117.00;-13.98;-2.14;0.00;0.12;0.00;23.09;0.00;4.33;0.33;0.37;1.17;0.05;13.98;13.98;2.14;0.00;0.11;0.00;13.86;0.00;-4.33
118.00;-13.56;-2.22;0.00;0.11;0.00;22.41;0.00;4.05;0.29;0.36;1.13;0.05;13.56;13.56;2.22;0.00;0.10;0.00;13.45;0.00;-4.05
119.00;-10.40;-2.25;0.00;0.11;0.00;17.16;0.00;2.55;0.26;0.28;0.87;0.05;10.40;10.40;2.25;0.00;0.10;0.00;10.30;0.00;-2.55
120.00;-8.66;-2.37;0.02;0.09;0.00;14.25;0.00;1.62;0.23;0.23;0.72;0.05;8.66;8.66;2.37;0.02;0.08;0.00;8.55;0.00;-1.62
121.00;-12.41;-2.73;0.11;0.09;0.00;20.37;0.00;2.97;0.21;0.33;1.03;0.05;12.41;12.41;2.73;0.11;0.08;0.00;12.22;0.00;-2.97
122.00;-16.10;-2.99;0.24;0.08;0.00;26.31;0.00;4.38;0.18;0.42;1.33;0.05;16.10;16.10;2.99;0.24;0.07;0.00;15.79;0.00;-4.38
123.00;-16.15;-3.21;0.37;0.06;0.00;26.19;0.00;4.12;0.16;0.42;1.32;0.05;16.15;16.15;3.21;0.37;0.06;0.00;15.72;0.00;-4.12
124.00;-19.64;-3.63;0.51;0.06;0.00;31.78;0.00;5.27;0.14;0.51;1.60;0.05;19.64;19.64;3.63;0.51;0.06;0.00;19.07;0.00;-5.27
125.00;-19.02;-3.56;0.69;0.06;0.00;30.45;0.00;4.97;0.13;0.49;1.54;0.05;19.02;19.02;3.56;0.69;0.05;0.00;18.27;0.00;-4.97
126.00;-9.98;-3.19;1.09;0.04;0.00;14.73;0.00;0.94;0.11;0.25;0.74;0.05;9.98;9.98;3.19;1.09;0.04;0.00;8.84;0.00;-0.94
127.00;-15.33;-2.91;1.18;0.04;0.00;23.51;0.00;3.67;0.10;0.38;1.19;0.05;15.33;15.33;2.91;1.18;0.04;0.00;14.10;0.00;-3.67
128.00;-18.71;-2.81;1.21;0.04;0.00;29.09;0.00;5.34;0.09;0.46;1.47;0.05;18.71;18.71;2.81;1.21;0.03;0.00;17.46;0.00;-5.34
129.00;-14.28;-3.08;1.01;0.03;0.00;22.08;0.00;3.10;0.08;0.36;1.11;0.05;14.28;14.28;3.08;1.01;0.03;0.00;13.25;0.00;-3.10
130.00;-15.28;-3.49;0.90;0.04;0.00;23.90;0.00;3.20;0.07;0.39;1.21;0.05;15.28;15.28;3.49;0.90;0.04;0.00;14.34;0.00;-3.20
131.00;-15.05;-3.66;0.73;0.03;0.00;23.82;0.00;3.01;0.06;0.39;1.20;0.05;15.05;15.05;3.66;0.73;0.02;0.00;14.29;0.00;-3.01
132.00;-11.13;-3.78;0.78;0.02;0.00;17.21;0.00;1.04;0.05;0.29;0.87;0.05;11.13;11.13;3.78;0.78;0.02;0.00;10.33;0.00;-1.04
133.00;-7.89;-3.67;1.00;0.00;0.00;11.48;0.46;0.00;0.04;0.20;0.63;0.05;7.89;7.89;3.67;1.00;0.00;0.00;6.89;0.46;-0.00
134.00;-12.49;-3.47;1.27;0.02;0.00;18.68;0.00;1.76;0.04;0.31;0.94;0.05;12.49;12.49;3.47;1.27;0.02;0.00;11.21;0.00;-1.76
135.00;-14.59;-3.67;1.40;0.02;0.00;21.95;0.00;2.48;0.04;0.36;1.11;0.05;14.59;14.59;3.67;1.40;0.02;0.00;13.17;0.00;-2.48
136.00;-8.66;-3.55;1.37;0.00;0.00;12.14;0.15;0.00;0.03;0.21;0.63;0.05;8.66;8.66;3.55;1.37;0.00;0.00;7.28;0.15;-0.00
137.00;-12.06;-3.64;1.44;0.01;0.00;17.66;0.00;1.30;0.03;0.29;0.89;0.05;12.06;12.06;3.64;1.44;0.01;0.00;10.60;0.00;-1.30
138.00;-15.83;-3.17;1.18;0.01;0.00;24.39;0.00;3.66;0.03;0.39;1.23;0.05;15.83;15.83;3.17;1.18;0.01;0.00;14.64;0.00;-3.66
139.00;-14.42;-2.72;1.23;0.02;0.00;21.94;0.00;3.43;0.03;0.35;1.11;0.05;14.42;14.42;2.72;1.23;0.02;0.00;13.16;0.00;-3.43
140.00;-10.75;-3.25;1.16;0.07;0.00;15.86;0.00;1.19;0.02;0.26;0.80;0.05;10.75;10.75;3.25;1.16;0.06;0.00;9.52;0.00;-1.19
141.00;-9.69;-3.93;1.50;0.00;0.00;13.66;0.11;0.00;0.00;0.24;0.70;0.11;9.69;9.69;3.93;1.50;0.00;0.00;8.20;0.11;-0.00
142.00;-13.92;-4.58;2.23;0.00;0.00;19.48;0.00;0.88;0.00;0.31;0.98;0.18;13.92;13.92;4.58;2.23;0.00;0.00;11.69;0.00;-0.88
143.00;-13.20;-4.00;2.17;0.00;0.00;18.37;0.00;1.14;0.00;0.28;0.93;0.24;13.20;13.20;4.00;2.17;0.00;0.00;11.02;0.00;-1.14
144.00;-11.26;-3.31;2.71;0.00;0.00;14.25;0.00;0.68;0.00;0.22;0.72;0.30;11.26;11.26;3.31;2.71;0.00;0.00;8.55;0.00;-0.68
145.00;-17.59;-3.28;2.25;0.00;0.00;25.57;0.00;3.88;0.00;0.29;1.29;0.30;17.59;17.59;3.28;2.25;0.00;0.00;15.34;0.00;-3.88
146.00;-20.91;-3.71;2.05;0.00;0.00;31.43;0.00;5.09;0.00;0.35;1.59;0.30;20.91;20.91;3.71;2.05;0.00;0.00;18.86;0.00;-5.09
147.00;-12.51;-4.29;2.04;0.00;0.00;17.45;0.00;0.59;0.00;0.28;0.88;0.30;12.51;12.51;4.29;2.04;0.00;0.00;10.47;0.00;-0.59
148.00;-8.00;-4.51;0.00;0.00;1.66;16.10;0.00;0.00;0.00;0.28;0.81;0.30;8.00;8.00;4.51;0.00;0.00;1.50;9.66;0.00;-0.00
149.00;-8.60;-4.19;2.93;0.00;3.32;14.98;0.00;0.00;0.37;0.26;0.76;0.30;8.60;8.60;4.19;2.93;0.00;2.99;8.99;0.00;-0.00
150.00;-8.77;-4.25;2.81;0.00;3.16;15.19;0.00;0.00;1.12;0.26;0.77;0.30;8.77;8.77;4.25;2.81;0.00;2.84;9.11;0.00;-0.00
151.00;-15.55;-4.73;3.65;0.56;0.00;18.90;0.00;0.56;1.83;0.30;0.95;0.30;15.55;15.55;4.73;3.65;0.51;0.00;11.34;0.00;-0.56
152.00;-21.35;-4.34;5.44;2.95;0.00;21.59;0.00;1.70;1.68;0.31;1.09;0.30;21.35;21.35;4.34;5.44;2.66;0.00;12.96;0.00;-1.70
153.00;-18.48;-3.56;5.71;3.08;0.00;16.14;0.00;0.96;0.86;0.24;0.82;0.30;18.48;18.48;3.56;5.71;2.77;0.00;9.68;0.00;-0.96
154.00;-13.57;-3.60;5.86;0.00;0.01;12.86;0.00;0.00;0.00;0.22;0.65;0.30;13.57;13.57;3.60;5.86;0.00;0.00;7.72;0.00;-0.00
155.00;-11.31;-3.70;4.24;0.00;0.86;13.22;0.00;0.00;0.00;0.23;0.67;0.30;11.31;11.31;3.70;4.24;0.00;0.77;7.93;0.00;-0.00
156.00;-9.97;-2.94;4.27;0.00;0.60;10.51;0.00;0.00;0.19;0.18;0.53;0.30;9.97;9.97;2.94;4.27;0.00;0.54;6.30;0.00;-0.00
157.00;-9.37;-2.77;3.87;0.00;0.44;9.89;0.00;0.00;0.33;0.17;0.50;0.30;9.37;9.37;2.77;3.87;0.00;0.39;5.94;0.00;-0.00
158.00;-17.57;-3.72;8.06;1.54;0.00;13.28;0.00;0.00;0.43;0.23;0.67;0.30;17.57;17.57;3.72;8.06;1.39;0.00;7.97;0.00;-0.00
159.00;-19.14;-3.65;11.32;0.00;0.00;13.05;0.00;0.00;0.00;0.22;0.66;0.30;19.14;19.14;3.65;11.32;0.00;0.00;7.83;0.00;-0.00
160.00;-12.27;-3.12;5.59;0.00;0.00;11.13;0.00;0.00;0.00;0.19;0.56;0.30;12.27;12.27;3.12;5.59;0.00;0.00;6.68;0.00;-0.00
161.00;-10.71;-3.88;2.40;0.00;0.00;13.85;0.00;0.00;0.00;0.24;0.70;0.30;10.71;10.71;3.88;2.40;0.00;0.00;8.31;0.00;-0.00
162.00;-11.60;-4.03;3.89;0.00;0.94;14.41;0.00;0.00;0.00;0.25;0.73;0.30;11.60;11.60;4.03;3.89;0.00;0.84;8.64;0.00;-0.00
163.00;-9.72;-3.72;2.99;0.00;1.24;13.29;0.00;0.00;0.21;0.23;0.67;0.30;9.72;9.72;3.72;2.99;0.00;1.12;7.97;0.00;-0.00
164.00;-10.26;-4.27;2.11;0.00;1.02;15.26;0.00;0.00;0.49;0.26;0.77;0.30;10.26;10.26;4.27;2.11;0.00;0.91;9.16;0.00;-0.00
165.00;-15.64;-4.57;1.36;0.44;0.00;23.07;0.00;1.89;0.72;0.32;1.17;0.30;15.64;15.64;4.57;1.36;0.39;0.00;13.84;0.00;-1.89
166.00;-18.50;-4.21;0.42;0.51;0.00;29.28;0.00;3.99;0.60;0.35;1.48;0.30;18.50;18.50;4.21;0.42;0.46;0.00;17.57;0.00;-3.99
167.00;-12.83;-3.85;0.95;0.19;0.00;19.47;0.00;1.61;0.46;0.27;0.98;0.30;12.83;12.83;3.85;0.95;0.17;0.00;11.68;0.00;-1.61
168.00;-10.58;-4.23;0.96;0.09;0.00;15.89;0.00;0.22;0.40;0.26;0.80;0.30;10.58;10.58;4.23;0.96;0.08;0.00;9.53;0.00;-0.22
169.00;-11.37;-4.00;1.10;0.12;0.00;16.92;0.00;0.74;0.38;0.26;0.85;0.30;11.37;11.37;4.00;1.10;0.11;0.00;10.15;0.00;-0.74
170.00;-14.82;-3.74;1.39;0.15;0.00;22.12;0.00;2.46;0.35;0.29;1.12;0.30;14.82;14.82;3.74;1.39;0.14;0.00;13.27;0.00;-2.46
171.00;-20.31;-4.34;1.36;0.15;0.00;31.33;0.00;4.43;0.30;0.37;1.58;0.30;20.31;20.31;4.34;1.36;0.13;0.00;18.80;0.00;-4.43
172.00;-16.32;-4.66;0.83;0.12;0.00;25.61;0.00;2.51;0.26;0.34;1.29;0.30;16.32;16.32;4.66;0.83;0.11;0.00;15.36;0.00;-2.51
173.00;-15.03;-5.48;0.69;0.09;0.00;23.74;0.00;1.16;0.23;0.36;1.20;0.30;15.03;15.03;5.48;0.69;0.08;0.00;14.24;0.00;-1.16
174.00;-13.14;-5.07;0.75;0.07;0.00;20.52;0.00;0.68;0.20;0.33;1.04;0.30;13.14;13.14;5.07;0.75;0.06;0.00;12.31;0.00;-0.68
175.00;-11.92;-4.60;0.61;0.06;0.00;18.74;0.00;0.65;0.18;0.30;0.95;0.30;11.92;11.92;4.60;0.61;0.06;0.00;11.25;0.00;-0.65
176.00;-19.74;-4.99;0.46;0.07;0.00;32.03;0.00;3.98;0.17;0.40;1.62;0.30;19.74;19.74;4.99;0.46;0.06;0.00;19.22;0.00;-3.98
177.00;-19.91;-4.95;0.36;0.05;0.00;32.48;0.00;4.15;0.15;0.40;1.64;0.30;19.91;19.91;4.95;0.36;0.05;0.00;19.49;0.00;-4.15
178.00;-14.12;-4.32;0.23;0.05;0.00;23.06;0.00;2.14;0.13;0.31;1.16;0.30;14.12;14.12;4.32;0.23;0.05;0.00;13.84;0.00;-2.14
179.00;-16.41;-4.46;0.10;0.05;0.00;27.10;0.00;3.13;0.12;0.35;1.37;0.30;16.41;16.41;4.46;0.10;0.05;0.00;16.26;0.00;-3.13
180.00;-14.48;-4.44;0.00;0.04;0.00;24.05;0.00;2.30;0.10;0.33;1.21;0.30;14.48;14.48;4.44;0.00;0.04;0.00;14.43;0.00;-2.30
181.00;-9.50;-3.65;0.00;0.03;0.00;15.79;0.00;0.77;0.09;0.24;0.80;0.30;9.50;9.50;3.65;0.00;0.03;0.00;9.47;0.00;-0.77
182.00;-15.41;-3.53;0.00;0.03;0.00;25.63;0.00;3.65;0.08;0.30;1.29;0.30;15.41;15.41;3.53;0.00;0.03;0.00;15.38;0.00;-3.65
183.00;-16.84;-3.46;0.00;0.03;0.00;28.02;0.00;4.39;0.07;0.32;1.42;0.30;16.84;16.84;3.46;0.00;0.03;0.00;16.81;0.00;-4.39
184.00;-10.75;-3.01;0.00;0.02;0.00;17.88;0.00;2.00;0.06;0.23;0.90;0.30;10.75;10.75;3.01;0.00;0.02;0.00;10.73;0.00;-2.00
185.00;-11.80;-2.94;0.00;0.02;0.00;19.63;0.00;2.56;0.06;0.24;0.99;0.30;11.80;11.80;2.94;0.00;0.02;0.00;11.78;0.00;-2.56
186.00;-17.13;-3.15;0.00;0.00;4.25;35.63;0.00;6.83;0.05;0.35;1.80;0.30;17.13;17.13;3.15;0.00;0.00;3.82;21.38;0.00;-6.83
187.00;-13.39;-3.09;0.00;0.00;8.74;36.88;0.00;7.24;1.01;0.36;1.86;0.30;13.39;13.39;3.09;0.00;0.00;7.86;22.13;0.00;-7.24
188.00;-8.54;-2.98;0.00;0.00;21.02;49.27;0.00;10.82;2.97;0.44;2.49;0.30;8.54;8.54;2.98;0.00;0.00;18.92;29.56;0.00;-10.82
189.00;-14.00;-3.00;0.00;0.00;0.00;23.34;0.00;3.54;7.70;0.29;1.18;0.24;14.00;14.00;3.00;0.00;0.00;0.00;14.00;0.00;-3.54
190.00;-16.02;-2.92;0.00;0.00;0.00;26.70;0.00;4.56;7.70;0.36;1.35;0.18;16.02;16.02;2.92;0.00;0.00;0.00;16.02;0.00;-4.56
191.00;-10.38;-2.61;0.00;0.00;0.00;17.30;0.00;2.24;7.70;0.26;0.87;0.11;10.38;10.38;2.61;0.00;0.00;0.00;10.38;0.00;-2.24
192.00;-11.21;-2.20;0.00;7.89;0.00;5.53;0.65;0.00;7.70;0.10;0.36;0.05;11.21;11.21;2.20;0.00;7.10;0.00;3.32;0.65;-0.00
193.00;-12.19;-2.22;0.00;7.42;0.00;7.94;0.00;0.00;5.51;0.14;0.40;0.05;12.19;12.19;2.22;0.00;6.68;0.00;4.76;0.00;-0.00
194.00;-8.89;-2.38;0.00;1.51;0.00;12.31;0.00;1.07;3.45;0.20;0.62;0.05;8.89;8.89;2.38;0.00;1.35;0.00;7.39;0.00;-1.07
195.00;-8.07;-2.67;0.00;0.99;0.00;11.81;0.00;0.63;3.03;0.20;0.60;0.05;8.07;8.07;2.67;0.00;0.89;0.00;7.08;0.00;-0.63
196.00;-12.35;-2.82;0.00;1.87;0.00;17.47;0.00;2.07;2.76;0.29;0.88;0.05;12.35;12.35;2.82;0.00;1.68;0.00;10.48;0.00;-2.07
197.00;-14.92;-2.76;0.00;1.76;0.00;21.93;0.00;3.38;2.24;0.35;1.11;0.05;14.92;14.92;2.76;0.00;1.59;0.00;13.16;0.00;-3.38
198.00;-11.45;-2.54;0.00;0.78;0.00;17.78;0.00;2.44;1.75;0.29;0.90;0.05;11.45;11.45;2.54;0.00;0.70;0.00;10.67;0.00;-2.44
199.00;-7.82;-2.40;0.00;0.53;0.00;12.15;0.00;1.00;1.53;0.20;0.61;0.05;7.82;7.82;2.40;0.00;0.47;0.00;7.29;0.00;-1.00
200.00;-9.78;-2.37;0.00;0.59;0.00;15.32;0.00;1.92;1.39;0.25;0.77;0.05;9.78;9.78;2.37;0.00;0.53;0.00;9.19;0.00;-1.92
201.00;-13.53;-2.39;0.00;0.53;0.00;21.66;0.00;3.67;1.22;0.35;1.09;0.05;13.53;13.53;2.39;0.00;0.48;0.00;13.00;0.00;-3.67
202.00;-11.61;-2.25;0.00;0.38;0.00;18.72;0.00;2.99;1.07;0.30;0.95;0.05;11.61;11.61;2.25;0.00;0.34;0.00;11.23;0.00;-2.99
203.00;-8.36;-2.07;0.00;0.31;0.00;13.42;0.00;1.69;0.97;0.22;0.68;0.05;8.36;8.36;2.07;0.00;0.28;0.00;8.05;0.00;-1.69
204.00;-9.78;-2.07;0.00;0.34;0.00;15.73;0.00;2.34;0.88;0.25;0.79;0.05;9.78;9.78;2.07;0.00;0.30;0.00;9.44;0.00;-2.34
205.00;-15.46;-2.23;0.00;0.32;0.00;25.24;0.00;4.83;0.79;0.40;1.27;0.05;15.46;15.46;2.23;0.00;0.29;0.00;15.14;0.00;-4.83
206.00;-13.84;-2.28;0.00;0.28;0.00;22.60;0.00;4.05;0.70;0.36;1.14;0.05;13.84;13.84;2.28;0.00;0.25;0.00;13.56;0.00;-4.05
207.00;-10.09;-2.16;0.00;0.23;0.00;16.43;0.00;2.44;0.62;0.27;0.83;0.05;10.09;10.09;2.16;0.00;0.21;0.00;9.86;0.00;-2.44
208.00;-10.05;-2.10;0.00;0.21;0.00;16.41;0.00;2.50;0.56;0.27;0.83;0.05;10.05;10.05;2.10;0.00;0.19;0.00;9.85;0.00;-2.50
209.00;-10.52;-2.09;0.00;0.18;0.00;17.25;0.00;2.74;0.50;0.28;0.87;0.05;10.52;10.52;2.09;0.00;0.16;0.00;10.35;0.00;-2.74
210.00;-9.70;-2.11;0.00;0.17;0.00;15.89;0.00;2.34;0.45;0.26;0.80;0.05;9.70;9.70;2.11;0.00;0.15;0.00;9.54;0.00;-2.34
211.00;-11.82;-2.13;0.00;0.15;0.00;19.45;0.00;3.32;0.41;0.31;0.98;0.05;11.82;11.82;2.13;0.00;0.14;0.00;11.67;0.00;-3.32
212.00;-15.52;-2.10;0.00;0.14;0.00;25.64;0.00;5.07;0.36;0.41;1.29;0.05;15.52;15.52;2.10;0.00;0.12;0.00;15.38;0.00;-5.07
213.00;-13.98;-2.14;0.00;0.12;0.00;23.09;0.00;4.33;0.33;0.37;1.17;0.05;13.98;13.98;2.14;0.00;0.11;0.00;13.86;0.00;-4.33
214.00;-13.56;-2.22;0.00;0.11;0.00;22.41;0.00;4.05;0.29;0.36;1.13;0.05;13.56;13.56;2.22;0.00;0.10;0.00;13.45;0.00;-4.05
215.00;-10.40;-2.25;0.00;0.11;0.00;17.16;0.00;2.55;0.26;0.28;0.87;0.05;10.40;10.40;2.25;0.00;0.10;0.00;10.30;0.00;-2.55
216.00;-8.66;-2.37;0.02;0.09;0.00;14.25;0.00;1.62;0.23;0.23;0.72;0.05;8.66;8.66;2.37;0.02;0.08;0.00;8.55;0.00;-1.62
217.00;-12.41;-2.73;0.11;0.09;0.00;20.37;0.00;2.97;0.21;0.33;1.03;0.05;12.41;12.41;2.73;0.11;0.08;0.00;12.22;0.00;-2.97
218.00;-16.10;-2.99;0.24;0.08;0.00;26.31;0.00;4.38;0.18;0.42;1.33;0.05;16.10;16.10;2.99;0.24;0.07;0.00;15.79;0.00;-4.38
219.00;-16.15;-3.21;0.37;0.06;0.00;26.19;0.00;4.12;0.16;0.42;1.32;0.05;16.15;16.15;3.21;0.37;0.06;0.00;15.72;0.00;-4.12
220.00;-19.64;-3.63;0.51;0.06;0.00;31.78;0.00;5.27;0.14;0.51;1.60;0.05;19.64;19.64;3.63;0.51;0.06;0.00;19.07;0.00;-5.27
221.00;-19.02;-3.56;0.69;0.06;0.00;30.45;0.00;4.97;0.13;0.49;1.54;0.05;19.02;19.02;3.56;0.69;0.05;0.00;18.27;0.00;-4.97
222.00;-9.98;-3.19;1.09;0.04;0.00;14.73;0.00;0.94;0.11;0.25;0.74;0.05;9.98;9.98;3.19;1.09;0.04;0.00;8.84;0.00;-0.94
223.00;-15.33;-2.91;1.18;0.04;0.00;23.51;0.00;3.67;0.10;0.38;1.19;0.05;15.33;15.33;2.91;1.18;0.04;0.00;14.10;0.00;-3.67
224.00;-18.71;-2.81;1.21;0.04;0.00;29.09;0.00;5.34;0.09;0.46;1.47;0.05;18.71;18.71;2.81;1.21;0.03;0.00;17.46;0.00;-5.34
225.00;-14.28;-3.08;1.01;0.03;0.00;22.08;0.00;3.10;0.08;0.36;1.11;0.05;14.28;14.28;3.08;1.01;0.03;0.00;13.25;0.00;-3.10
226.00;-15.28;-3.49;0.90;0.04;0.00;23.90;0.00;3.20;0.07;0.39;1.21;0.05;15.28;15.28;3.49;0.90;0.04;0.00;14.34;0.00;-3.20
227.00;-15.05;-3.66;0.73;0.03;0.00;23.82;0.00;3.01;0.06;0.39;1.20;0.05;15.05;15.05;3.66;0.73;0.02;0.00;14.29;0.00;-3.01
228.00;-11.13;-3.78;0.78;0.02;0.00;17.21;0.00;1.04;0.05;0.29;0.87;0.05;11.13;11.13;3.78;0.78;0.02;0.00;10.33;0.00;-1.04
229.00;-7.89;-3.67;1.00;0.00;0.00;11.48;0.46;0.00;0.04;0.20;0.63;0.05;7.89;7.89;3.67;1.00;0.00;0.00;6.89;0.46;-0.00
230.00;-12.49;-3.47;1.27;0.02;0.00;18.68;0.00;1.76;0.04;0.31;0.94;0.05;12.49;12.49;3.47;1.27;0.02;0.00;11.21;0.00;-1.76
231.00;-14.59;-3.67;1.40;0.02;0.00;21.95;0.00;2.48;0.04;0.36;1.11;0.05;14.59;14.59;3.67;1.40;0.02;0.00;13.17;0.00;-2.48
232.00;-8.66;-3.55;1.37;0.00;0.00;12.14;0.15;0.00;0.03;0.21;0.63;0.05;8.66;8.66;3.55;1.37;0.00;0.00;7.28;0.15;-0.00
233.00;-12.06;-3.64;1.44;0.01;0.00;17.66;0.00;1.30;0.03;0.29;0.89;0.05;12.06;12.06;3.64;1.44;0.01;0.00;10.60;0.00;-1.30
234.00;-15.83;-3.17;1.18;0.01;0.00;24.39;0.00;3.66;0.03;0.39;1.23;0.05;15.83;15.83;3.17;1.18;0.01;0.00;14.64;0.00;-3.66
235.00;-14.42;-2.72;1.23;0.02;0.00;21.94;0.00;3.43;0.03;0.35;1.11;0.05;14.42;14.42;2.72;1.23;0.02;0.00;13.16;0.00;-3.43
236.00;-10.75;-3.25;1.16;0.07;0.00;15.86;0.00;1.19;0.02;0.26;0.80;0.05;10.75;10.75;3.25;1.16;0.06;0.00;9.52;0.00;-1.19
237.00;-9.69;-3.93;1.50;0.00;0.00;13.66;0.11;0.00;0.00;0.24;0.70;0.11;9.69;9.69;3.93;1.50;0.00;0.00;8.20;0.11;-0.00
238.00;-13.92;-4.58;2.23;0.00;0.00;19.48;0.00;0.88;0.00;0.31;0.98;0.18;13.92;13.92;4.58;2.23;0.00;0.00;11.69;0.00;-0.88
239.00;-13.20;-4.00;2.17;0.00;0.00;18.37;0.00;1.14;0.00;0.28;0.93;0.24;13.20;13.20;4.00;2.17;0.00;0.00;11.02;0.00;-1.14
240.00;-11.26;-3.31;2.71;0.00;0.00;14.25;0.00;0.68;0.00;0.22;0.72;0.30;11.26;11.26;3.31;2.71;0.00;0.00;8.55;0.00;-0.68
241.00;-17.59;-3.28;2.25;0.00;0.00;25.57;0.00;3.88;0.00;0.29;1.29;0.30;17.59;17.59;3.28;2.25;0.00;0.00;15.34;0.00;-3.88
242.00;-20.91;-3.71;2.05;0.00;0.00;31.43;0.00;5.09;0.00;0.35;1.59;0.30;20.91;20.91;3.71;2.05;0.00;0.00;18.86;0.00;-5.09
243.00;-12.51;-4.29;2.04;0.00;0.00;17.45;0.00;0.59;0.00;0.28;0.88;0.30;12.51;12.51;4.29;2.04;0.00;0.00;10.47;0.00;-0.59
244.00;-8.00;-4.51;0.00;0.00;1.66;16.10;0.00;0.00;0.00;0.28;0.81;0.30;8.00;8.00;4.51;0.00;0.00;1.50;9.66;0.00;-0.00
245.00;-8.60;-4.19;2.93;0.00;3.32;14.98;0.00;0.00;0.37;0.26;0.76;0.30;8.60;8.60;4.19;2.93;0.00;2.99;8.99;0.00;-0.00
246.00;-8.77;-4.25;2.81;0.00;3.16;15.19;0.00;0.00;1.12;0.26;0.77;0.30;8.77;8.77;4.25;2.81;0.00;2.84;9.11;0.00;-0.00
247.00;-15.55;-4.73;3.65;0.56;0.00;18.90;0.00;0.56;1.83;0.30;0.95;0.30;15.55;15.55;4.73;3.65;0.51;0.00;11.34;0.00;-0.56
248.00;-21.35;-4.34;5.44;2.95;0.00;21.59;0.00;1.70;1.68;0.31;1.09;0.30;21.35;21.35;4.34;5.44;2.66;0.00;12.96;0.00;-1.70
249.00;-18.48;-3.56;5.71;3.08;0.00;16.14;0.00;0.96;0.86;0.24;0.82;0.30;18.48;18.48;3.56;5.71;2.77;0.00;9.68;0.00;-0.96
250.00;-13.57;-3.60;5.86;0.00;0.01;12.86;0.00;0.00;0.00;0.22;0.65;0.30;13.57;13.57;3.60;5.86;0.00;0.00;7.72;0.00;-0.00
251.00;-11.31;-3.70;4.24;0.00;0.86;13.22;0.00;0.00;0.00;0.23;0.67;0.30;11.31;11.31;3.70;4.24;0.00;0.77;7.93;0.00;-0.00
252.00;-9.97;-2.94;4.27;0.00;0.60;10.51;0.00;0.00;0.19;0.18;0.53;0.30;9.97;9.97;2.94;4.27;0.00;0.54;6.30;0.00;-0.00
253.00;-9.37;-2.77;3.87;0.00;0.44;9.89;0.00;0.00;0.33;0.17;0.50;0.30;9.37;9.37;2.77;3.87;0.00;0.39;5.94;0.00;-0.00
254.00;-17.57;-3.72;8.06;1.54;0.00;13.28;0.00;0.00;0.43;0.23;0.67;0.30;17.57;17.57;3.72;8.06;1.39;0.00;7.97;0.00;-0.00
255.00;-19.14;-3.65;11.32;0.00;0.00;13.05;0.00;0.00;0.00;0.22;0.66;0.30;19.14;19.14;3.65;11.32;0.00;0.00;7.83;0.00;-0.00
256.00;-12.27;-3.12;5.59;0.00;0.00;11.13;0.00;0.00;0.00;0.19;0.56;0.30;12.27;12.27;3.12;5.59;0.00;0.00;6.68;0.00;-0.00
257.00;-10.71;-3.88;2.40;0.00;0.00;13.85;0.00;0.00;0.00;0.24;0.70;0.30;10.71;10.71;3.88;2.40;0.00;0.00;8.31;0.00;-0.00
258.00;-11.60;-4.03;3.89;0.00;0.94;14.41;0.00;0.00;0.00;0.25;0.73;0.30;11.60;11.60;4.03;3.89;0.00;0.84;8.64;0.00;-0.00
259.00;-9.72;-3.72;2.99;0.00;1.24;13.29;0.00;0.00;0.21;0.23;0.67;0.30;9.72;9.72;3.72;2.99;0.00;1.12;7.97;0.00;-0.00
260.00;-10.26;-4.27;2.11;0.00;1.02;15.26;0.00;0.00;0.49;0.26;0.77;0.30;10.26;10.26;4.27;2.11;0.00;0.91;9.16;0.00;-0.00
261.00;-15.64;-4.57;1.36;0.44;0.00;23.07;0.00;1.89;0.72;0.32;1.17;0.30;15.64;15.64;4.57;1.36;0.39;0.00;13.84;0.00;-1.89
262.00;-18.50;-4.21;0.42;0.51;0.00;29.28;0.00;3.99;0.60;0.35;1.48;0.30;18.50;18.50;4.21;0.42;0.46;0.00;17.57;0.00;-3.99
263.00;-12.83;-3.85;0.95;0.19;0.00;19.47;0.00;1.61;0.46;0.27;0.98;0.30;12.83;12.83;3.85;0.95;0.17;0.00;11.68;0.00;-1.61
264.00;-10.58;-4.23;0.96;0.09;0.00;15.89;0.00;0.22;0.40;0.26;0.80;0.30;10.58;10.58;4.23;0.96;0.08;0.00;9.53;0.00;-0.22
265.00;-11.37;-4.00;1.10;0.12;0.00;16.92;0.00;0.74;0.38;0.26;0.85;0.30;11.37;11.37;4.00;1.10;0.11;0.00;10.15;0.00;-0.74
266.00;-14.82;-3.74;1.39;0.15;0.00;22.12;0.00;2.46;0.35;0.29;1.12;0.30;14.82;14.82;3.74;1.39;0.14;0.00;13.27;0.00;-2.46
267.00;-20.31;-4.34;1.36;0.15;0.00;31.33;0.00;4.43;0.30;0.37;1.58;0.30;20.31;20.31;4.34;1.36;0.13;0.00;18.80;0.00;-4.43
268.00;-16.32;-4.66;0.83;0.12;0.00;25.61;0.00;2.51;0.26;0.34;1.29;0.30;16.32;16.32;4.66;0.83;0.11;0.00;15.36;0.00;-2.51
269.00;-15.03;-5.48;0.69;0.09;0.00;23.74;0.00;1.16;0.23;0.36;1.20;0.30;15.03;15.03;5.48;0.69;0.08;0.00;14.24;0.00;-1.16
270.00;-13.14;-5.07;0.75;0.07;0.00;20.52;0.00;0.68;0.20;0.33;1.04;0.30;13.14;13.14;5.07;0.75;0.06;0.00;12.31;0.00;-0.68
271.00;-11.92;-4.60;0.61;0.06;0.00;18.74;0.00;0.65;0.18;0.30;0.95;0.30;11.92;11.92;4.60;0.61;0.06;0.00;11.25;0.00;-0.65
272.00;-19.74;-4.99;0.46;0.07;0.00;32.03;0.00;3.98;0.17;0.40;1.62;0.30;19.74;19.74;4.99;0.46;0.06;0.00;19.22;0.00;-3.98
273.00;-19.91;-4.95;0.36;0.05;0.00;32.48;0.00;4.15;0.15;0.40;1.64;0.30;19.91;19.91;4.95;0.36;0.05;0.00;19.49;0.00;-4.15
274.00;-14.12;-4.32;0.23;0.05;0.00;23.06;0.00;2.14;0.13;0.31;1.16;0.30;14.12;14.12;4.32;0.23;0.05;0.00;13.84;0.00;-2.14
275.00;-16.41;-4.46;0.10;0.05;0.00;27.10;0.00;3.13;0.12;0.35;1.37;0.30;16.41;16.41;4.46;0.10;0.05;0.00;16.26;0.00;-3.13
276.00;-14.48;-4.44;0.00;0.04;0.00;24.05;0.00;2.30;0.10;0.33;1.21;0.30;14.48;14.48;4.44;0.00;0.04;0.00;14.43;0.00;-2.30
277.00;-9.50;-3.65;0.00;0.03;0.00;15.79;0.00;0.77;0.09;0.24;0.80;0.30;9.50;9.50;3.65;0.00;0.03;0.00;9.47;0.00;-0.77
278.00;-15.41;-3.53;0.00;0.03;0.00;25.63;0.00;3.65;0.08;0.30;1.29;0.30;15.41;15.41;3.53;0.00;0.03;0.00;15.38;0.00;-3.65
279.00;-16.84;-3.46;0.00;0.03;0.00;28.02;0.00;4.39;0.07;0.32;1.42;0.30;16.84;16.84;3.46;0.00;0.03;0.00;16.81;0.00;-4.39
280.00;-10.75;-3.01;0.00;0.02;0.00;17.88;0.00;2.00;0.06;0.23;0.90;0.30;10.75;10.75;3.01;0.00;0.02;0.00;10.73;0.00;-2.00
281.00;-11.80;-2.94;0.00;0.02;0.00;19.63;0.00;2.56;0.06;0.24;0.99;0.30;11.80;11.80;2.94;0.00;0.02;0.00;11.78;0.00;-2.56
282.00;-17.13;-3.15;0.00;0.00;4.25;35.63;0.00;6.83;0.05;0.35;1.80;0.30;17.13;17.13;3.15;0.00;0.00;3.82;21.38;0.00;-6.83
283.00;-13.39;-3.09;0.00;0.00;8.74;36.88;0.00;7.24;1.01;0.36;1.86;0.30;13.39;13.39;3.09;0.00;0.00;7.86;22.13;0.00;-7.24
284.00;-8.54;-2.98;0.00;0.00;21.02;49.27;0.00;10.82;2.97;0.44;2.49;0.30;8.54;8.54;2.98;0.00;0.00;18.92;29.56;0.00;-10.82
285.00;-14.00;-3.00;0.00;0.00;0.00;23.34;0.00;3.54;7.70;0.29;1.18;0.24;14.00;14.00;3.00;0.00;0.00;0.00;14.00;0.00;-3.54
286.00;-16.02;-2.92;0.00;0.00;0.00;26.70;0.00;4.56;7.70;0.36;1.35;0.18;16.02;16.02;2.92;0.00;0.00;0.00;16.02;0.00;-4.56
287.00;-10.38;-2.61;0.00;0.00;0.00;17.30;0.00;2.24;7.70;0.26;0.87;0.11;10.38;10.38;2.61;0.00;0.00;0.00;10.38;0.00;-2.24
288.00;-11.21;-2.20;0.00;7.89;0.00;5.53;0.65;0.00;7.70;0.10;0.36;0.05;11.21;11.21;2.20;0.00;7.10;0.00;3.32;0.65;-0.00
289.00;-12.19;-2.22;0.00;7.42;0.00;7.94;0.00;0.00;5.51;0.14;0.40;0.05;12.19;12.19;2.22;0.00;6.68;0.00;4.76;0.00;-0.00
290.00;-8.89;-2.38;0.00;1.51;0.00;12.31;0.00;1.07;3.45;0.20;0.62;0.05;8.89;8.89;2.38;0.00;1.35;0.00;7.39;0.00;-1.07
291.00;-8.07;-2.67;0.00;0.99;0.00;11.81;0.00;0.63;3.03;0.20;0.60;0.05;8.07;8.07;2.67;0.00;0.89;0.00;7.08;0.00;-0.63
292.00;-12.35;-2.82;0.00;1.87;0.00;17.47;0.00;2.07;2.76;0.29;0.88;0.05;12.35;12.35;2.82;0.00;1.68;0.00;10.48;0.00;-2.07
293.00;-14.92;-2.76;0.00;1.76;0.00;21.93;0.00;3.38;2.24;0.35;1.11;0.05;14.92;14.92;2.76;0.00;1.59;0.00;13.16;0.00;-3.38
294.00;-11.45;-2.54;0.00;0.78;0.00;17.78;0.00;2.44;1.75;0.29;0.90;0.05;11.45;11.45;2.54;0.00;0.70;0.00;10.67;0.00;-2.44
295.00;-7.82;-2.40;0.00;0.53;0.00;12.15;0.00;1.00;1.53;0.20;0.61;0.05;7.82;7.82;2.40;0.00;0.47;0.00;7.29;0.00;-1.00
296.00;-9.78;-2.37;0.00;0.59;0.00;15.32;0.00;1.92;1.39;0.25;0.77;0.05;9.78;9.78;2.37;0.00;0.53;0.00;9.19;0.00;-1.92
297.00;-13.53;-2.39;0.00;0.53;0.00;21.66;0.00;3.67;1.22;0.35;1.09;0.05;13.53;13.53;2.39;0.00;0.48;0.00;13.00;0.00;-3.67
298.00;-11.61;-2.25;0.00;0.38;0.00;18.72;0.00;2.99;1.07;0.30;0.95;0.05;11.61;11.61;2.25;0.00;0.34;0.00;11.23;0.00;-2.99
299.00;-8.36;-2.07;0.00;0.31;0.00;13.42;0.00;1.69;0.97;0.22;0.68;0.05;8.36;8.36;2.07;0.00;0.28;0.00;8.05;0.00;-1.69
300.00;-9.78;-2.07;0.00;0.34;0.00;15.73;0.00;2.34;0.88;0.25;0.79;0.05;9.78;9.78;2.07;0.00;0.30;0.00;9.44;0.00;-2.34
301.00;-15.46;-2.23;0.00;0.32;0.00;25.24;0.00;4.83;0.79;0.40;1.27;0.05;15.46;15.46;2.23;0.00;0.29;0.00;15.14;0.00;-4.83
302.00;-13.84;-2.28;0.00;0.28;0.00;22.60;0.00;4.05;0.70;0.36;1.14;0.05;13.84;13.84;2.28;0.00;0.25;0.00;13.56;0.00;-4.05
303.00;-10.09;-2.16;0.00;0.23;0.00;16.43;0.00;2.44;0.62;0.27;0.83;0.05;10.09;10.09;2.16;0.00;0.21;0.00;9.86;0.00;-2.44
304.00;-10.05;-2.10;0.00;0.21;0.00;16.41;0.00;2.50;0.56;0.27;0.83;0.05;10.05;10.05;2.10;0.00;0.19;0.00;9.85;0.00;-2.50
305.00;-10.52;-2.09;0.00;0.18;0.00;17.25;0.00;2.74;0.50;0.28;0.87;0.05;10.52;10.52;2.09;0.00;0.16;0.00;10.35;0.00;-2.74
306.00;-9.70;-2.11;0.00;0.17;0.00;15.89;0.00;2.34;0.45;0.26;0.80;0.05;9.70;9.70;2.11;0.00;0.15;0.00;9.54;0.00;-2.34
307.00;-11.82;-2.13;0.00;0.15;0.00;19.45;0.00;3.32;0.41;0.31;0.98;0.05;11.82;11.82;2.13;0.00;0.14;0.00;11.67;0.00;-3.32
308.00;-15.52;-2.10;0.00;0.14;0.00;25.64;0.00;5.07;0.36;0.41;1.29;0.05;15.52;15.52;2.10;0.00;0.12;0.00;15.38;0.00;-5.07
309.00;-13.98;-2.14;0.00;0.12;0.00;23.09;0.00;4.33;0.33;0.37;1.17;0.05;13.98;13.98;2.14;0.00;0.11;0.00;13.86;0.00;-4.33
310.00;-13.56;-2.22;0.00;0.11;0.00;22.41;0.00;4.05;0.29;0.36;1.13;0.05;13.56;13.56;2.22;0.00;0.10;0.00;13.45;0.00;-4.05
311.00;-10.40;-2.25;0.00;0.11;0.00;17.16;0.00;2.55;0.26;0.28;0.87;0.05;10.40;10.40;2.25;0.00;0.10;0.00;10.30;0.00;-2.55
312.00;-8.66;-2.37;0.02;0.09;0.00;14.25;0.00;1.62;0.23;0.23;0.72;0.05;8.66;8.66;2.37;0.02;0.08;0.00;8.55;0.00;-1.62
313.00;-12.41;-2.73;0.11;0.09;0.00;20.37;0.00;2.97;0.21;0.33;1.03;0.05;12.41;12.41;2.73;0.11;0.08;0.00;12.22;0.00;-2.97
314.00;-16.10;-2.99;0.24;0.08;0.00;26.31;0.00;4.38;0.18;0.42;1.33;0.05;16.10;16.10;2.99;0.24;0.07;0.00;15.79;0.00;-4.38
315.00;-16.15;-3.21;0.37;0.06;0.00;26.19;0.00;4.12;0.16;0.42;1.32;0.05;16.15;16.15;3.21;0.37;0.06;0.00;15.72;0.00;-4.12
316.00;-19.64;-3.63;0.51;0.06;0.00;31.78;0.00;5.27;0.14;0.51;1.60;0.05;19.64;19.64;3.63;0.51;0.06;0.00;19.07;0.00;-5.27
317.00;-19.02;-3.56;0.69;0.06;0.00;30.45;0.00;4.97;0.13;0.49;1.54;0.05;19.02;19.02;3.56;0.69;0.05;0.00;18.27;0.00;-4.97
318.00;-9.98;-3.19;1.09;0.04;0.00;14.73;0.00;0.94;0.11;0.25;0.74;0.05;9.98;9.98;3.19;1.09;0.04;0.00;8.84;0.00;-0.94
319.00;-15.33;-2.91;1.18;0.04;0.00;23.51;0.00;3.67;0.10;0.38;1.19;0.05;15.33;15.33;2.91;1.18;0.04;0.00;14.10;0.00;-3.67
320.00;-18.71;-2.81;1.21;0.04;0.00;29.09;0.00;5.34;0.09;0.46;1.47;0.05;18.71;18.71;2.81;1.21;0.03;0.00;17.46;0.00;-5.34
321.00;-14.28;-3.08;1.01;0.03;0.00;22.08;0.00;3.10;0.08;0.36;1.11;0.05;14.28;14.28;3.08;1.01;0.03;0.00;13.25;0.00;-3.10
322.00;-15.28;-3.49;0.90;0.04;0.00;23.90;0.00;3.20;0.07;0.39;1.21;0.05;15.28;15.28;3.49;0.90;0.04;0.00;14.34;0.00;-3.20
323.00;-15.05;-3.66;0.73;0.03;0.00;23.82;0.00;3.01;0.06;0.39;1.20;0.05;15.05;15.05;3.66;0.73;0.02;0.00;14.29;0.00;-3.01
324.00;-11.13;-3.78;0.78;0.02;0.00;17.21;0.00;1.04;0.05;0.29;0.87;0.05;11.13;11.13;3.78;0.78;0.02;0.00;10.33;0.00;-1.04
325.00;-7.89;-3.67;1.00;0.00;0.00;11.48;0.46;0.00;0.04;0.20;0.63;0.05;7.89;7.89;3.67;1.00;0.00;0.00;6.89;0.46;-0.00
326.00;-12.49;-3.47;1.27;0.02;0.00;18.68;0.00;1.76;0.04;0.31;0.94;0.05;12.49;12.49;3.47;1.27;0.02;0.00;11.21;0.00;-1.76
327.00;-14.59;-3.67;1.40;0.02;0.00;21.95;0.00;2.48;0.04;0.36;1.11;0.05;14.59;14.59;3.67;1.40;0.02;0.00;13.17;0.00;-2.48
328.00;-8.66;-3.55;1.37;0.00;0.00;12.14;0.15;0.00;0.03;0.21;0.63;0.05;8.66;8.66;3.55;1.37;0.00;0.00;7.28;0.15;-0.00
329.00;-12.06;-3.64;1.44;0.01;0.00;17.66;0.00;1.30;0.03;0.29;0.89;0.05;12.06;12.06;3.64;1.44;0.01;0.00;10.60;0.00;-1.30
330.00;-15.83;-3.17;1.18;0.01;0.00;24.39;0.00;3.66;0.03;0.39;1.23;0.05;15.83;15.83;3.17;1.18;0.01;0.00;14.64;0.00;-3.66
331.00;-14.42;-2.72;1.23;0.02;0.00;21.94;0.00;3.43;0.03;0.35;1.11;0.05;14.42;14.42;2.72;1.23;0.02;0.00;13.16;0.00;-3.43
332.00;-10.75;-3.25;1.16;0.07;0.00;15.86;0.00;1.19;0.02;0.26;0.80;0.05;10.75;10.75;3.25;1.16;0.06;0.00;9.52;0.00;-1.19
333.00;-9.69;-3.93;1.50;0.00;0.00;13.66;0.11;0.00;0.00;0.24;0.70;0.11;9.69;9.69;3.93;1.50;0.00;0.00;8.20;0.11;-0.00
334.00;-13.92;-4.58;2.23;0.00;0.00;19.48;0.00;0.88;0.00;0.31;0.98;0.18;13.92;13.92;4.58;2.23;0.00;0.00;11.69;0.00;-0.88
335.00;-13.20;-4.00;2.17;0.00;0.00;18.37;0.00;1.14;0.00;0.28;0.93;0.24;13.20;13.20;4.00;2.17;0.00;0.00;11.02;0.00;-1.14
336.00;-11.26;-3.31;2.71;0.00;0.00;14.25;0.00;0.68;0.00;0.22;0.72;0.30;11.26;11.26;3.31;2.71;0.00;0.00;8.55;0.00;-0.68
337.00;-17.59;-3.28;2.25;0.00;0.00;25.57;0.00;3.88;0.00;0.29;1.29;0.30;17.59;17.59;3.28;2.25;0.00;0.00;15.34;0.00;-3.88
338.00;-20.91;-3.71;2.05;0.00;0.00;31.43;0.00;5.09;0.00;0.35;1.59;0.30;20.91;20.91;3.71;2.05;0.00;0.00;18.86;0.00;-5.09
339.00;-12.51;-4.29;2.04;0.00;0.00;17.45;0.00;0.59;0.00;0.28;0.88;0.30;12.51;12.51;4.29;2.04;0.00;0.00;10.47;0.00;-0.59
340.00;-8.00;-4.51;0.00;0.00;1.66;16.10;0.00;0.00;0.00;0.28;0.81;0.30;8.00;8.00;4.51;0.00;0.00;1.50;9.66;0.00;-0.00
341.00;-8.60;-4.19;2.93;0.00;3.32;14.98;0.00;0.00;0.37;0.26;0.76;0.30;8.60;8.60;4.19;2.93;0.00;2.99;8.99;0.00;-0.00
342.00;-8.77;-4.25;2.81;0.00;3.16;15.19;0.00;0.00;1.12;0.26;0.77;0.30;8.77;8.77;4.25;2.81;0.00;2.84;9.11;0.00;-0.00
343.00;-15.55;-4.73;3.65;0.56;0.00;18.90;0.00;0.56;1.83;0.30;0.95;0.30;15.55;15.55;4.73;3.65;0.51;0.00;11.34;0.00;-0.56
344.00;-21.35;-4.34;5.44;2.95;0.00;21.59;0.00;1.70;1.68;0.31;1.09;0.30;21.35;21.35;4.34;5.44;2.66;0.00;12.96;0.00;-1.70
345.00;-18.48;-3.56;5.71;3.08;0.00;16.14;0.00;0.96;0.86;0.24;0.82;0.30;18.48;18.48;3.56;5.71;2.77;0.00;9.68;0.00;-0.96
346.00;-13.57;-3.60;5.86;0.00;0.01;12.86;0.00;0.00;0.00;0.22;0.65;0.30;13.57;13.57;3.60;5.86;0.00;0.00;7.72;0.00;-0.00
347.00;-11.31;-3.70;4.24;0.00;0.86;13.22;0.00;0.00;0.00;0.23;0.67;0.30;11.31;11.31;3.70;4.24;0.00;0.77;7.93;0.00;-0.00
348.00;-9.97;-2.94;4.27;0.00;0.60;10.51;0.00;0.00;0.19;0.18;0.53;0.30;9.97;9.97;2.94;4.27;0.00;0.54;6.30;0.00;-0.00
349.00;-9.37;-2.77;3.87;0.00;0.44;9.89;0.00;0.00;0.33;0.17;0.50;0.30;9.37;9.37;2.77;3.87;0.00;0.39;5.94;0.00;-0.00
350.00;-17.57;-3.72;8.06;1.54;0.00;13.28;0.00;0.00;0.43;0.23;0.67;0.30;17.57;17.57;3.72;8.06;1.39;0.00;7.97;0.00;-0.00
351.00;-19.14;-3.65;11.32;0.00;0.00;13.05;0.00;0.00;0.00;0.22;0.66;0.30;19.14;19.14;3.65;11.32;0.00;0.00;7.83;0.00;-0.00
352.00;-12.27;-3.12;5.59;0.00;0.00;11.13;0.00;0.00;0.00;0.19;0.56;0.30;12.27;12.27;3.12;5.59;0.00;0.00;6.68;0.00;-0.00
353.00;-10.71;-3.88;2.40;0.00;0.00;13.85;0.00;0.00;0.00;0.24;0.70;0.30;10.71;10.71;3.88;2.40;0.00;0.00;8.31;0.00;-0.00
354.00;-11.60;-4.03;3.89;0.00;0.94;14.41;0.00;0.00;0.00;0.25;0.73;0.30;11.60;11.60;4.03;3.89;0.00;0.84;8.64;0.00;-0.00
355.00;-9.72;-3.72;2.99;0.00;1.24;13.29;0.00;0.00;0.21;0.23;0.67;0.30;9.72;9.72;3.72;2.99;0.00;1.12;7.97;0.00;-0.00
356.00;-10.26;-4.27;2.11;0.00;1.02;15.26;0.00;0.00;0.49;0.26;0.77;0.30;10.26;10.26;4.27;2.11;0.00;0.91;9.16;0.00;-0.00
357.00;-15.64;-4.57;1.36;0.44;0.00;23.07;0.00;1.89;0.72;0.32;1.17;0.30;15.64;15.64;4.57;1.36;0.39;0.00;13.84;0.00;-1.89
358.00;-18.50;-4.21;0.42;0.51;0.00;29.28;0.00;3.99;0.60;0.35;1.48;0.30;18.50;18.50;4.21;0.42;0.46;0.00;17.57;0.00;-3.99
359.00;-12.83;-3.85;0.95;0.19;0.00;19.47;0.00;1.61;0.46;0.27;0.98;0.30;12.83;12.83;3.85;0.95;0.17;0.00;11.68;0.00;-1.61
360.00;-10.58;-4.23;0.96;0.09;0.00;15.89;0.00;0.22;0.40;0.26;0.80;0.30;10.58;10.58;4.23;0.96;0.08;0.00;9.53;0.00;-0.22
361.00;-11.37;-4.00;1.10;0.12;0.00;16.92;0.00;0.74;0.38;0.26;0.85;0.30;11.37;11.37;4.00;1.10;0.11;0.00;10.15;0.00;-0.74
362.00;-14.82;-3.74;1.39;0.15;0.00;22.12;0.00;2.46;0.35;0.29;1.12;0.30;14.82;14.82;3.74;1.39;0.14;0.00;13.27;0.00;-2.46
363.00;-20.31;-4.34;1.36;0.15;0.00;31.33;0.00;4.43;0.30;0.37;1.58;0.30;20.31;20.31;4.34;1.36;0.13;0.00;18.80;0.00;-4.43
364.00;-16.32;-4.66;0.83;0.12;0.00;25.61;0.00;2.51;0.26;0.34;1.29;0.30;16.32;16.32;4.66;0.83;0.11;0.00;15.36;0.00;-2.51
365.00;-15.03;-5.48;0.69;0.09;0.00;23.74;0.00;1.16;0.23;0.36;1.20;0.30;15.03;15.03;5.48;0.69;0.08;0.00;14.24;0.00;-1.16
366.00;-13.14;-5.07;0.75;0.07;0.00;20.52;0.00;0.68;0.20;0.33;1.04;0.30;13.14;13.14;5.07;0.75;0.06;0.00;12.31;0.00;-0.68
367.00;-11.92;-4.60;0.61;0.06;0.00;18.74;0.00;0.65;0.18;0.30;0.95;0.30;11.92;11.92;4.60;0.61;0.06;0.00;11.25;0.00;-0.65
368.00;-19.74;-4.99;0.46;0.07;0.00;32.03;0.00;3.98;0.17;0.40;1.62;0.30;19.74;19.74;4.99;0.46;0.06;0.00;19.22;0.00;-3.98
369.00;-19.91;-4.95;0.36;0.05;0.00;32.48;0.00;4.15;0.15;0.40;1.64;0.30;19.91;19.91;4.95;0.36;0.05;0.00;19.49;0.00;-4.15
370.00;-14.12;-4.32;0.23;0.05;0.00;23.06;0.00;2.14;0.13;0.31;1.16;0.30;14.12;14.12;4.32;0.23;0.05;0.00;13.84;0.00;-2.14
371.00;-16.41;-4.46;0.10;0.05;0.00;27.10;0.00;3.13;0.12;0.35;1.37;0.30;16.41;16.41;4.46;0.10;0.05;0.00;16.26;0.00;-3.13
372.00;-14.48;-4.44;0.00;0.04;0.00;24.05;0.00;2.30;0.10;0.33;1.21;0.30;14.48;14.48;4.44;0.00;0.04;0.00;14.43;0.00;-2.30
373.00;-9.50;-3.65;0.00;0.03;0.00;15.79;0.00;0.77;0.09;0.24;0.80;0.30;9.50;9.50;3.65;0.00;0.03;0.00;9.47;0.00;-0.77
374.00;-15.41;-3.53;0.00;0.03;0.00;25.63;0.00;3.65;0.08;0.30;1.29;0.30;15.41;15.41;3.53;0.00;0.03;0.00;15.38;0.00;-3.65
375.00;-16.84;-3.46;0.00;0.03;0.00;28.02;0.00;4.39;0.07;0.32;1.42;0.30;16.84;16.84;3.46;0.00;0.03;0.00;16.81;0.00;-4.39
376.00;-10.75;-3.01;0.00;0.02;0.00;17.88;0.00;2.00;0.06;0.23;0.90;0.30;10.75;10.75;3.01;0.00;0.02;0.00;10.73;0.00;-2.00
377.00;-11.80;-2.94;0.00;0.02;0.00;19.63;0.00;2.56;0.06;0.24;0.99;0.30;11.80;11.80;2.94;0.00;0.02;0.00;11.78;0.00;-2.56
378.00;-17.13;-3.15;0.00;0.00;4.25;35.63;0.00;6.83;0.05;0.35;1.80;0.30;17.13;17.13;3.15;0.00;0.00;3.82;21.38;0.00;-6.83
379.00;-13.39;-3.09;0.00;0.00;8.74;36.88;0.00;7.24;1.01;0.36;1.86;0.30;13.39;13.39;3.09;0.00;0.00;7.86;22.13;0.00;-7.24
380.00;-8.54;-2.98;0.00;0.00;21.02;49.27;0.00;10.82;2.97;0.44;2.49;0.30;8.54;8.54;2.98;0.00;0.00;18.92;29.56;0.00;-10.82
381.00;-14.00;-3.00;0.00;0.00;0.00;23.34;0.00;3.54;7.70;0.29;1.18;0.24;14.00;14.00;3.00;0.00;0.00;0.00;14.00;0.00;-3.54
382.00;-16.02;-2.92;0.00;0.00;0.00;26.70;0.00;4.56;7.70;0.36;1.35;0.18;16.02;16.02;2.92;0.00;0.00;0.00;16.02;0.00;-4.56
383.00;-10.38;-2.61;0.00;0.00;0.00;17.30;0.00;2.24;7.70;0.26;0.87;0.11;10.38;10.38;2.61;0.00;0.00;0.00;10.38;0.00;-2.24
384.00;-11.21;-2.20;0.00;7.89;0.00;5.53;0.65;0.00;7.70;0.10;0.36;0.05;11.21;11.21;2.20;0.00;7.10;0.00;3.32;0.65;-0.00
385.00;-12.19;-2.22;0.00;7.42;0.00;7.94;0.00;0.00;5.51;0.14;0.40;0.05;12.19;12.19;2.22;0.00;6.68;0.00;4.76;0.00;-0.00
386.00;-8.89;-2.38;0.00;1.51;0.00;12.31;0.00;1.07;3.45;0.20;0.62;0.05;8.89;8.89;2.38;0.00;1.35;0.00;7.39;0.00;-1.07
387.00;-8.07;-2.67;0.00;0.99;0.00;11.81;0.00;0.63;3.03;0.20;0.60;0.05;8.07;8.07;2.67;0.00;0.89;0.00;7.08;0.00;-0.63
388.00;-12.35;-2.82;0.00;1.87;0.00;17.47;0.00;2.07;2.76;0.29;0.88;0.05;12.35;12.35;2.82;0.00;1.68;0.00;10.48;0.00;-2.07
389.00;-14.92;-2.76;0.00;1.76;0.00;21.93;0.00;3.38;2.24;0.35;1.11;0.05;14.92;14.92;2.76;0.00;1.59;0.00;13.16;0.00;-3.38
390.00;-11.45;-2.54;0.00;0.78;0.00;17.78;0.00;2.44;1.75;0.29;0.90;0.05;11.45;11.45;2.54;0.00;0.70;0.00;10.67;0.00;-2.44
391.00;-7.82;-2.40;0.00;0.53;0.00;12.15;0.00;1.00;1.53;0.20;0.61;0.05;7.82;7.82;2.40;0.00;0.47;0.00;7.29;0.00;-1.00
392.00;-9.78;-2.37;0.00;0.59;0.00;15.32;0.00;1.92;1.39;0.25;0.77;0.05;9.78;9.78;2.37;0.00;0.53;0.00;9.19;0.00;-1.92
393.00;-13.53;-2.39;0.00;0.53;0.00;21.66;0.00;3.67;1.22;0.35;1.09;0.05;13.53;13.53;2.39;0.00;0.48;0.00;13.00;0.00;-3.67
394.00;-11.61;-2.25;0.00;0.38;0.00;18.72;0.00;2.99;1.07;0.30;0.95;0.05;11.61;11.61;2.25;0.00;0.34;0.00;11.23;0.00;-2.99
395.00;-8.36;-2.07;0.00;0.31;0.00;13.42;0.00;1.69;0.97;0.22;0.68;0.05;8.36;8.36;2.07;0.00;0.28;0.00;8.05;0.00;-1.69
396.00;-9.78;-2.07;0.00;0.34;0.00;15.73;0.00;2.34;0.88;0.25;0.79;0.05;9.78;9.78;2.07;0.00;0.30;0.00;9.44;0.00;-2.34
397.00;-15.46;-2.23;0.00;0.32;0.00;25.24;0.00;4.83;0.79;0.40;1.27;0.05;15.46;15.46;2.23;0.00;0.29;0.00;15.14;0.00;-4.83
398.00;-13.84;-2.28;0.00;0.28;0.00;22.60;0.00;4.05;0.70;0.36;1.14;0.05;13.84;13.84;2.28;0.00;0.25;0.00;13.56;0.00;-4.05
399.00;-10.09;-2.16;0.00;0.23;0.00;16.43;0.00;2.44;0.62;0.27;0.83;0.05;10.09;10.09;2.16;0.00;0.21;0.00;9.86;0.00;-2.44
400.00;-10.05;-2.10;0.00;0.21;0.00;16.41;0.00;2.50;0.56;0.27;0.83;0.05;10.05;10.05;2.10;0.00;0.19;0.00;9.85;0.00;-2.50
401.00;-10.52;-2.09;0.00;0.18;0.00;17.25;0.00;2.74;0.50;0.28;0.87;0.05;10.52;10.52;2.09;0.00;0.16;0.00;10.35;0.00;-2.74
402.00;-9.70;-2.11;0.00;0.17;0.00;15.89;0.00;2.34;0.45;0.26;0.80;0.05;9.70;9.70;2.11;0.00;0.15;0.00;9.54;0.00;-2.34
403.00;-11.82;-2.13;0.00;0.15;0.00;19.45;0.00;3.32;0.41;0.31;0.98;0.05;11.82;11.82;2.13;0.00;0.14;0.00;11.67;0.00;-3.32
404.00;-15.52;-2.10;0.00;0.14;0.00;25.64;0.00;5.07;0.36;0.41;1.29;0.05;15.52;15.52;2.10;0.00;0.12;0.00;15.38;0.00;-5.07
405.00;-13.98;-2.14;0.00;0.12;0.00;23.09;0.00;4.33;0.33;0.37;1.17;0.05;13.98;13.98;2.14;0.00;0.11;0.00;13.86;0.00;-4.33
406.00;-13.56;-2.22;0.00;0.11;0.00;22.41;0.00;4.05;0.29;0.36;1.13;0.05;13.56;13.56;2.22;0.00;0.10;0.00;13.45;0.00;-4.05
407.00;-10.40;-2.25;0.00;0.11;0.00;17.16;0.00;2.55;0.26;0.28;0.87;0.05;10.40;10.40;2.25;0.00;0.10;0.00;10.30;0.00;-2.55
408.00;-8.66;-2.37;0.02;0.09;0.00;14.25;0.00;1.62;0.23;0.23;0.72;0.05;8.66;8.66;2.37;0.02;0.08;0.00;8.55;0.00;-1.62
409.00;-12.41;-2.73;0.11;0.09;0.00;20.37;0.00;2.97;0.21;0.33;1.03;0.05;12.41;12.41;2.73;0.11;0.08;0.00;12.22;0.00;-2.97
410.00;-16.10;-2.99;0.24;0.08;0.00;26.31;0.00;4.38;0.18;0.42;1.33;0.05;16.10;16.10;2.99;0.24;0.07;0.00;15.79;0.00;-4.38
411.00;-16.15;-3.21;0.37;0.06;0.00;26.19;0.00;4.12;0.16;0.42;1.32;0.05;16.15;16.15;3.21;0.37;0.06;0.00;15.72;0.00;-4.12
412.00;-19.64;-3.63;0.51;0.06;0.00;31.78;0.00;5.27;0.14;0.51;1.60;0.05;19.64;19.64;3.63;0.51;0.06;0.00;19.07;0.00;-5.27
413.00;-19.02;-3.56;0.69;0.06;0.00;30.45;0.00;4.97;0.13;0.49;1.54;0.05;19.02;19.02;3.56;0.69;0.05;0.00;18.27;0.00;-4.97
414.00;-9.98;-3.19;1.09;0.04;0.00;14.73;0.00;0.94;0.11;0.25;0.74;0.05;9.98;9.98;3.19;1.09;0.04;0.00;8.84;0.00;-0.94
415.00;-15.33;-2.91;1.18;0.04;0.00;23.51;0.00;3.67;0.10;0.38;1.19;0.05;15.33;15.33;2.91;1.18;0.04;0.00;14.10;0.00;-3.67
416.00;-18.71;-2.81;1.21;0.04;0.00;29.09;0.00;5.34;0.09;0.46;1.47;0.05;18.71;18.71;2.81;1.21;0.03;0.00;17.46;0.00;-5.34
417.00;-14.28;-3.08;1.01;0.03;0.00;22.08;0.00;3.10;0.08;0.36;1.11;0.05;14.28;14.28;3.08;1.01;0.03;0.00;13.25;0.00;-3.10
418.00;-15.28;-3.49;0.90;0.04;0.00;23.90;0.00;3.20;0.07;0.39;1.21;0.05;15.28;15.28;3.49;0.90;0.04;0.00;14.34;0.00;-3.20
419.00;-15.05;-3.66;0.73;0.03;0.00;23.82;0.00;3.01;0.06;0.39;1.20;0.05;15.05;15.05;3.66;0.73;0.02;0.00;14.29;0.00;-3.01
420.00;-11.13;-3.78;0.78;0.02;0.00;17.21;0.00;1.04;0.05;0.29;0.87;0.05;11.13;11.13;3.78;0.78;0.02;0.00;10.33;0.00;-1.04
421.00;-7.89;-3.67;1.00;0.00;0.00;11.48;0.46;0.00;0.04;0.20;0.63;0.05;7.89;7.89;3.67;1.00;0.00;0.00;6.89;0.46;-0.00
422.00;-12.49;-3.47;1.27;0.02;0.00;18.68;0.00;1.76;0.04;0.31;0.94;0.05;12.49;12.49;3.47;1.27;0.02;0.00;11.21;0.00;-1.76
423.00;-14.59;-3.67;1.40;0.02;0.00;21.95;0.00;2.48;0.04;0.36;1.11;0.05;14.59;14.59;3.67;1.40;0.02;0.00;13.17;0.00;-2.48
424.00;-8.66;-3.55;1.37;0.00;0.00;12.14;0.15;0.00;0.03;0.21;0.63;0.05;8.66;8.66;3.55;1.37;0.00;0.00;7.28;0.15;-0.00
425.00;-12.06;-3.64;1.44;0.01;0.00;17.66;0.00;1.30;0.03;0.29;0.89;0.05;12.06;12.06;3.64;1.44;0.01;0.00;10.60;0.00;-1.30
426.00;-15.83;-3.17;1.18;0.01;0.00;24.39;0.00;3.66;0.03;0.39;1.23;0.05;15.83;15.83;3.17;1.18;0.01;0.00;14.64;0.00;-3.66
427.00;-14.42;-2.72;1.23;0.02;0.00;21.94;0.00;3.43;0.03;0.35;1.11;0.05;14.42;14.42;2.72;1.23;0.02;0.00;13.16;0.00;-3.43
428.00;-10.75;-3.25;1.16;0.07;0.00;15.86;0.00;1.19;0.02;0.26;0.80;0.05;10.75;10.75;3.25;1.16;0.06;0.00;9.52;0.00;-1.19
429.00;-9.69;-3.93;1.50;0.00;0.00;13.66;0.11;0.00;0.00;0.24;0.70;0.11;9.69;9.69;3.93;1.50;0.00;0.00;8.20;0.11;-0.00
430.00;-13.92;-4.58;2.23;0.00;0.00;19.48;0.00;0.88;0.00;0.31;0.98;0.18;13.92;13.92;4.58;2.23;0.00;0.00;11.69;0.00;-0.88
431.00;-13.20;-4.00;2.17;0.00;0.00;18.37;0.00;1.14;0.00;0.28;0.93;0.24;13.20;13.20;4.00;2.17;0.00;0.00;11.02;0.00;-1.14
432.00;-11.26;-3.31;2.71;0.00;0.00;14.25;0.00;0.68;0.00;0.22;0.72;0.30;11.26;11.26;3.31;2.71;0.00;0.00;8.55;0.00;-0.68
433.00;-17.59;-3.28;2.25;0.00;0.00;25.57;0.00;3.88;0.00;0.29;1.29;0.30;17.59;17.59;3.28;2.25;0.00;0.00;15.34;0.00;-3.88
434.00;-20.91;-3.71;2.05;0.00;0.00;31.43;0.00;5.09;0.00;0.35;1.59;0.30;20.91;20.91;3.71;2.05;0.00;0.00;18.86;0.00;-5.09
435.00;-12.51;-4.29;2.04;0.00;0.00;17.45;0.00;0.59;0.00;0.28;0.88;0.30;12.51;12.51;4.29;2.04;0.00;0.00;10.47;0.00;-0.59
436.00;-8.00;-4.51;0.00;0.00;1.66;16.10;0.00;0.00;0.00;0.28;0.81;0.30;8.00;8.00;4.51;0.00;0.00;1.50;9.66;0.00;-0.00
437.00;-8.60;-4.19;2.93;0.00;3.32;14.98;0.00;0.00;0.37;0.26;0.76;0.30;8.60;8.60;4.19;2.93;0.00;2.99;8.99;0.00;-0.00
438.00;-8.77;-4.25;2.81;0.00;3.16;15.19;0.00;0.00;1.12;0.26;0.77;0.30;8.77;8.77;4.25;2.81;0.00;2.84;9.11;0.00;-0.00
439.00;-15.55;-4.73;3.65;0.56;0.00;18.90;0.00;0.56;1.83;0.30;0.95;0.30;15.55;15.55;4.73;3.65;0.51;0.00;11.34;0.00;-0.56
440.00;-21.35;-4.34;5.44;2.95;0.00;21.59;0.00;1.70;1.68;0.31;1.09;0.30;21.35;21.35;4.34;5.44;2.66;0.00;12.96;0.00;-1.70
441.00;-18.48;-3.56;5.71;3.08;0.00;16.14;0.00;0.96;0.86;0.24;0.82;0.30;18.48;18.48;3.56;5.71;2.77;0.00;9.68;0.00;-0.96
442.00;-13.57;-3.60;5.86;0.00;0.01;12.86;0.00;0.00;0.00;0.22;0.65;0.30;13.57;13.57;3.60;5.86;0.00;0.00;7.72;0.00;-0.00
443.00;-11.31;-3.70;4.24;0.00;0.86;13.22;0.00;0.00;0.00;0.23;0.67;0.30;11.31;11.31;3.70;4.24;0.00;0.77;7.93;0.00;-0.00
444.00;-9.97;-2.94;4.27;0.00;0.60;10.51;0.00;0.00;0.19;0.18;0.53;0.30;9.97;9.97;2.94;4.27;0.00;0.54;6.30;0.00;-0.00
445.00;-9.37;-2.77;3.87;0.00;0.44;9.89;0.00;0.00;0.33;0.17;0.50;0.30;9.37;9.37;2.77;3.87;0.00;0.39;5.94;0.00;-0.00
446.00;-17.57;-3.72;8.06;1.54;0.00;13.28;0.00;0.00;0.43;0.23;0.67;0.30;17.57;17.57;3.72;8.06;1.39;0.00;7.97;0.00;-0.00
447.00;-19.14;-3.65;11.32;0.00;0.00;13.05;0.00;0.00;0.00;0.22;0.66;0.30;19.14;19.14;3.65;11.32;0.00;0.00;7.83;0.00;-0.00
448.00;-12.27;-3.12;5.59;0.00;0.00;11.13;0.00;0.00;0.00;0.19;0.56;0.30;12.27;12.27;3.12;5.59;0.00;0.00;6.68;0.00;-0.00
449.00;-10.71;-3.88;2.40;0.00;0.00;13.85;0.00;0.00;0.00;0.24;0.70;0.30;10.71;10.71;3.88;2.40;0.00;0.00;8.31;0.00;-0.00
450.00;-11.60;-4.03;3.89;0.00;0.94;14.41;0.00;0.00;0.00;0.25;0.73;0.30;11.60;11.60;4.03;3.89;0.00;0.84;8.64;0.00;-0.00
451.00;-9.72;-3.72;2.99;0.00;1.24;13.29;0.00;0.00;0.21;0.23;0.67;0.30;9.72;9.72;3.72;2.99;0.00;1.12;7.97;0.00;-0.00
452.00;-10.26;-4.27;2.11;0.00;1.02;15.26;0.00;0.00;0.49;0.26;0.77;0.30;10.26;10.26;4.27;2.11;0.00;0.91;9.16;0.00;-0.00
453.00;-15.64;-4.57;1.36;0.44;0.00;23.07;0.00;1.89;0.72;0.32;1.17;0.30;15.64;15.64;4.57;1.36;0.39;0.00;13.84;0.00;-1.89
454.00;-18.50;-4.21;0.42;0.51;0.00;29.28;0.00;3.99;0.60;0.35;1.48;0.30;18.50;18.50;4.21;0.42;0.46;0.00;17.57;0.00;-3.99
455.00;-12.83;-3.85;0.95;0.19;0.00;19.47;0.00;1.61;0.46;0.27;0.98;0.30;12.83;12.83;3.85;0.95;0.17;0.00;11.68;0.00;-1.61
456.00;-10.58;-4.23;0.96;0.09;0.00;15.89;0.00;0.22;0.40;0.26;0.80;0.30;10.58;10.58;4.23;0.96;0.08;0.00;9.53;0.00;-0.22
457.00;-11.37;-4.00;1.10;0.12;0.00;16.92;0.00;0.74;0.38;0.26;0.85;0.30;11.37;11.37;4.00;1.10;0.11;0.00;10.15;0.00;-0.74
458.00;-14.82;-3.74;1.39;0.15;0.00;22.12;0.00;2.46;0.35;0.29;1.12;0.30;14.82;14.82;3.74;1.39;0.14;0.00;13.27;0.00;-2.46
459.00;-20.31;-4.34;1.36;0.15;0.00;31.33;0.00;4.43;0.30;0.37;1.58;0.30;20.31;20.31;4.34;1.36;0.13;0.00;18.80;0.00;-4.43
460.00;-16.32;-4.66;0.83;0.12;0.00;25.61;0.00;2.51;0.26;0.34;1.29;0.30;16.32;16.32;4.66;0.83;0.11;0.00;15.36;0.00;-2.51
461.00;-15.03;-5.48;0.69;0.09;0.00;23.74;0.00;1.16;0.23;0.36;1.20;0.30;15.03;15.03;5.48;0.69;0.08;0.00;14.24;0.00;-1.16
462.00;-13.14;-5.07;0.75;0.07;0.00;20.52;0.00;0.68;0.20;0.33;1.04;0.30;13.14;13.14;5.07;0.75;0.06;0.00;12.31;0.00;-0.68
463.00;-11.92;-4.60;0.61;0.06;0.00;18.74;0.00;0.65;0.18;0.30;0.95;0.30;11.92;11.92;4.60;0.61;0.06;0.00;11.25;0.00;-0.65
464.00;-19.74;-4.99;0.46;0.07;0.00;32.03;0.00;3.98;0.17;0.40;1.62;0.30;19.74;19.74;4.99;0.46;0.06;0.00;19.22;0.00;-3.98
465.00;-19.91;-4.95;0.36;0.05;0.00;32.48;0.00;4.15;0.15;0.40;1.64;0.30;19.91;19.91;4.95;0.36;0.05;0.00;19.49;0.00;-4.15
466.00;-14.12;-4.32;0.23;0.05;0.00;23.06;0.00;2.14;0.13;0.31;1.16;0.30;14.12;14.12;4.32;0.23;0.05;0.00;13.84;0.00;-2.14
467.00;-16.41;-4.46;0.10;0.05;0.00;27.10;0.00;3.13;0.12;0.35;1.37;0.30;16.41;16.41;4.46;0.10;0.05;0.00;16.26;0.00;-3.13
468.00;-14.48;-4.44;0.00;0.04;0.00;24.05;0.00;2.30;0.10;0.33;1.21;0.30;14.48;14.48;4.44;0.00;0.04;0.00;14.43;0.00;-2.30
469.00;-9.50;-3.65;0.00;0.03;0.00;15.79;0.00;0.77;0.09;0.24;0.80;0.30;9.50;9.50;3.65;0.00;0.03;0.00;9.47;0.00;-0.77
470.00;-15.41;-3.53;0.00;0.03;0.00;25.63;0.00;3.65;0.08;0.30;1.29;0.30;15.41;15.41;3.53;0.00;0.03;0.00;15.38;0.00;-3.65
471.00;-16.84;-3.46;0.00;0.03;0.00;28.02;0.00;4.39;0.07;0.32;1.42;0.30;16.84;16.84;3.46;0.00;0.03;0.00;16.81;0.00;-4.39
472.00;-10.75;-3.01;0.00;0.02;0.00;17.88;0.00;2.00;0.06;0.23;0.90;0.30;10.75;10.75;3.01;0.00;0.02;0.00;10.73;0.00;-2.00
473.00;-11.80;-2.94;0.00;0.02;0.00;19.63;0.00;2.56;0.06;0.24;0.99;0.30;11.80;11.80;2.94;0.00;0.02;0.00;11.78;0.00;-2.56
474.00;-17.13;-3.15;0.00;0.00;4.25;35.63;0.00;6.83;0.05;0.35;1.80;0.30;17.13;17.13;3.15;0.00;0.00;3.82;21.38;0.00;-6.83
475.00;-13.39;-3.09;0.00;0.00;8.74;36.88;0.00;7.24;1.01;0.36;1.86;0.30;13.39;13.39;3.09;0.00;0.00;7.86;22.13;0.00;-7.24
476.00;-8.54;-2.98;0.00;0.00;21.02;49.27;0.00;10.82;2.97;0.44;2.49;0.30;8.54;8.54;2.98;0.00;0.00;18.92;29.56;0.00;-10.82
477.00;-14.00;-3.00;0.00;0.00;0.00;23.34;0.00;3.54;7.70;0.29;1.18;0.24;14.00;14.00;3.00;0.00;0.00;0.00;14.00;0.00;-3.54
478.00;-16.02;-2.92;0.00;0.00;0.00;26.70;0.00;4.56;7.70;0.36;1.35;0.18;16.02;16.02;2.92;0.00;0.00;0.00;16.02;0.00;-4.56
479.00;-10.38;-2.61;0.00;0.00;0.00;17.30;0.00;2.24;7.70;0.26;0.87;0.11;10.38;10.38;2.61;0.00;0.00;0.00;10.38;0.00;-2.24
480.00;-11.21;-2.20;0.00;7.89;0.00;5.53;0.65;0.00;7.70;0.10;0.36;0.05;11.21;11.21;2.20;0.00;7.10;0.00;3.32;0.65;-0.00
481.00;-12.19;-2.22;0.00;7.42;0.00;7.94;0.00;0.00;5.51;0.14;0.40;0.05;12.19;12.19;2.22;0.00;6.68;0.00;4.76;0.00;-0.00
482.00;-8.89;-2.38;0.00;1.51;0.00;12.31;0.00;1.07;3.45;0.20;0.62;0.05;8.89;8.89;2.38;0.00;1.35;0.00;7.39;0.00;-1.07
483.00;-8.07;-2.67;0.00;0.99;0.00;11.81;0.00;0.63;3.03;0.20;0.60;0.05;8.07;8.07;2.67;0.00;0.89;0.00;7.08;0.00;-0.63
484.00;-12.35;-2.82;0.00;1.87;0.00;17.47;0.00;2.07;2.76;0.29;0.88;0.05;12.35;12.35;2.82;0.00;1.68;0.00;10.48;0.00;-2.07
485.00;-14.92;-2.76;0.00;1.76;0.00;21.93;0.00;3.38;2.24;0.35;1.11;0.05;14.92;14.92;2.76;0.00;1.59;0.00;13.16;0.00;-3.38
486.00;-11.45;-2.54;0.00;0.78;0.00;17.78;0.00;2.44;1.75;0.29;0.90;0.05;11.45;11.45;2.54;0.00;0.70;0.00;10.67;0.00;-2.44
487.00;-7.82;-2.40;0.00;0.53;0.00;12.15;0.00;1.00;1.53;0.20;0.61;0.05;7.82;7.82;2.40;0.00;0.47;0.00;7.29;0.00;-1.00
488.00;-9.78;-2.37;0.00;0.59;0.00;15.32;0.00;1.92;1.39;0.25;0.77;0.05;9.78;9.78;2.37;0.00;0.53;0.00;9.19;0.00;-1.92
489.00;-13.53;-2.39;0.00;0.53;0.00;21.66;0.00;3.67;1.22;0.35;1.09;0.05;13.53;13.53;2.39;0.00;0.48;0.00;13.00;0.00;-3.67
490.00;-11.61;-2.25;0.00;0.38;0.00;18.72;0.00;2.99;1.07;0.30;0.95;0.05;11.61;11.61;2.25;0.00;0.34;0.00;11.23;0.00;-2.99
491.00;-8.36;-2.07;0.00;0.31;0.00;13.42;0.00;1.69;0.97;0.22;0.68;0.05;8.36;8.36;2.07;0.00;0.28;0.00;8.05;0.00;-1.69
492.00;-9.78;-2.07;0.00;0.34;0.00;15.73;0.00;2.34;0.88;0.25;0.79;0.05;9.78;9.78;2.07;0.00;0.30;0.00;9.44;0.00;-2.34
493.00;-15.46;-2.23;0.00;0.32;0.00;25.24;0.00;4.83;0.79;0.40;1.27;0.05;15.46;15.46;2.23;0.00;0.29;0.00;15.14;0.00;-4.83
494.00;-13.84;-2.28;0.00;0.28;0.00;22.60;0.00;4.05;0.70;0.36;1.14;0.05;13.84;13.84;2.28;0.00;0.25;0.00;13.56;0.00;-4.05
495.00;-10.09;-2.16;0.00;0.23;0.00;16.43;0.00;2.44;0.62;0.27;0.83;0.05;10.09;10.09;2.16;0.00;0.21;0.00;9.86;0.00;-2.44
496.00;-10.05;-2.10;0.00;0.21;0.00;16.41;0.00;2.50;0.56;0.27;0.83;0.05;10.05;10.05;2.10;0.00;0.19;0.00;9.85;0.00;-2.50
497.00;-10.52;-2.09;0.00;0.18;0.00;17.25;0.00;2.74;0.50;0.28;0.87;0.05;10.52;10.52;2.09;0.00;0.16;0.00;10.35;0.00;-2.74
498.00;-9.70;-2.11;0.00;0.17;0.00;15.89;0.00;2.34;0.45;0.26;0.80;0.05;9.70;9.70;2.11;0.00;0.15;0.00;9.54;0.00;-2.34
499.00;-11.82;-2.13;0.00;0.15;0.00;19.45;0.00;3.32;0.41;0.31;0.98;0.05;11.82;11.82;2.13;0.00;0.14;0.00;11.67;0.00;-3.32
500.00;-15.52;-2.10;0.00;0.14;0.00;25.64;0.00;5.07;0.36;0.41;1.29;0.05;15.52;15.52;2.10;0.00;0.12;0.00;15.38;0.00;-5.07
501.00;-13.98;-2.14;0.00;0.12;0.00;23.09;0.00;4.33;0.33;0.37;1.17;0.05;13.98;13.98;2.14;0.00;0.11;0.00;13.86;0.00;-4.33
502.00;-13.56;-2.22;0.00;0.11;0.00;22.41;0.00;4.05;0.29;0.36;1.13;0.05;13.56;13.56;2.22;0.00;0.10;0.00;13.45;0.00;-4.05
503.00;-10.40;-2.25;0.00;0.11;0.00;17.16;0.00;2.55;0.26;0.28;0.87;0.05;10.40;10.40;2.25;0.00;0.10;0.00;10.30;0.00;-2.55
504.00;-8.66;-2.37;0.02;0.09;0.00;14.25;0.00;1.62;0.23;0.23;0.72;0.05;8.66;8.66;2.37;0.02;0.08;0.00;8.55;0.00;-1.62
505.00;-12.41;-2.73;0.11;0.09;0.00;20.37;0.00;2.97;0.21;0.33;1.03;0.05;12.41;12.41;2.73;0.11;0.08;0.00;12.22;0.00;-2.97
506.00;-16.10;-2.99;0.24;0.08;0.00;26.31;0.00;4.38;0.18;0.42;1.33;0.05;16.10;16.10;2.99;0.24;0.07;0.00;15.79;0.00;-4.38
507.00;-16.15;-3.21;0.37;0.06;0.00;26.19;0.00;4.12;0.16;0.42;1.32;0.05;16.15;16.15;3.21;0.37;0.06;0.00;15.72;0.00;-4.12
508.00;-19.64;-3.63;0.51;0.06;0.00;31.78;0.00;5.27;0.14;0.51;1.60;0.05;19.64;19.64;3.63;0.51;0.06;0.00;19.07;0.00;-5.27
509.00;-19.02;-3.56;0.69;0.06;0.00;30.45;0.00;4.97;0.13;0.49;1.54;0.05;19.02;19.02;3.56;0.69;0.05;0.00;18.27;0.00;-4.97
510.00;-9.98;-3.19;1.09;0.04;0.00;14.73;0.00;0.94;0.11;0.25;0.74;0.05;9.98;9.98;3.19;1.09;0.04;0.00;8.84;0.00;-0.94
511.00;-15.33;-2.91;1.18;0.04;0.00;23.51;0.00;3.67;0.10;0.38;1.19;0.05;15.33;15.33;2.91;1.18;0.04;0.00;14.10;0.00;-3.67
512.00;-18.71;-2.81;1.21;0.04;0.00;29.09;0.00;5.34;0.09;0.46;1.47;0.05;18.71;18.71;2.81;1.21;0.03;0.00;17.46;0.00;-5.34
513.00;-14.28;-3.08;1.01;0.03;0.00;22.08;0.00;3.10;0.08;0.36;1.11;0.05;14.28;14.28;3.08;1.01;0.03;0.00;13.25;0.00;-3.10
514.00;-15.28;-3.49;0.90;0.04;0.00;23.90;0.00;3.20;0.07;0.39;1.21;0.05;15.28;15.28;3.49;0.90;0.04;0.00;14.34;0.00;-3.20
515.00;-15.05;-3.66;0.73;0.03;0.00;23.82;0.00;3.01;0.06;0.39;1.20;0.05;15.05;15.05;3.66;0.73;0.02;0.00;14.29;0.00;-3.01
516.00;-11.13;-3.78;0.78;0.02;0.00;17.21;0.00;1.04;0.05;0.29;0.87;0.05;11.13;11.13;3.78;0.78;0.02;0.00;10.33;0.00;-1.04
517.00;-7.89;-3.67;1.00;0.00;0.00;11.48;0.46;0.00;0.04;0.20;0.63;0.05;7.89;7.89;3.67;1.00;0.00;0.00;6.89;0.46;-0.00
518.00;-12.49;-3.47;1.27;0.02;0.00;18.68;0.00;1.76;0.04;0.31;0.94;0.05;12.49;12.49;3.47;1.27;0.02;0.00;11.21;0.00;-1.76
519.00;-14.59;-3.67;1.40;0.02;0.00;21.95;0.00;2.48;0.04;0.36;1.11;0.05;14.59;14.59;3.67;1.40;0.02;0.00;13.17;0.00;-2.48
520.00;-8.66;-3.55;1.37;0.00;0.00;12.14;0.15;0.00;0.03;0.21;0.63;0.05;8.66;8.66;3.55;1.37;0.00;0.00;7.28;0.15;-0.00
521.00;-12.06;-3.64;1.44;0.01;0.00;17.66;0.00;1.30;0.03;0.29;0.89;0.05;12.06;12.06;3.64;1.44;0.01;0.00;10.60;0.00;-1.30
522.00;-15.83;-3.17;1.18;0.01;0.00;24.39;0.00;3.66;0.03;0.39;1.23;0.05;15.83;15.83;3.17;1.18;0.01;0.00;14.64;0.00;-3.66
523.00;-14.42;-2.72;1.23;0.02;0.00;21.94;0.00;3.43;0.03;0.35;1.11;0.05;14.42;14.42;2.72;1.23;0.02;0.00;13.16;0.00;-3.43
524.00;-10.75;-3.25;1.16;0.07;0.00;15.86;0.00;1.19;0.02;0.26;0.80;0.05;10.75;10.75;3.25;1.16;0.06;0.00;9.52;0.00;-1.19
525.00;-9.69;-3.93;1.50;0.00;0.00;13.66;0.11;0.00;0.00;0.24;0.70;0.11;9.69;9.69;3.93;1.50;0.00;0.00;8.20;0.11;-0.00
526.00;-13.92;-4.58;2.23;0.00;0.00;19.48;0.00;0.88;0.00;0.31;0.98;0.18;13.92;13.92;4.58;2.23;0.00;0.00;11.69;0.00;-0.88
527.00;-13.20;-4.00;2.17;0.00;0.00;18.37;0.00;1.14;0.00;0.28;0.93;0.24;13.20;13.20;4.00;2.17;0.00;0.00;11.02;0.00;-1.14
528.00;-11.26;-3.31;2.71;0.00;0.00;14.25;0.00;0.68;0.00;0.22;0.72;0.30;11.26;11.26;3.31;2.71;0.00;0.00;8.55;0.00;-0.68
529.00;-17.59;-3.28;2.25;0.00;0.00;25.57;0.00;3.88;0.00;0.29;1.29;0.30;17.59;17.59;3.28;2.25;0.00;0.00;15.34;0.00;-3.88
530.00;-20.91;-3.71;2.05;0.00;0.00;31.43;0.00;5.09;0.00;0.35;1.59;0.30;20.91;20.91;3.71;2.05;0.00;0.00;18.86;0.00;-5.09
531.00;-12.51;-4.29;2.04;0.00;0.00;17.45;0.00;0.59;0.00;0.28;0.88;0.30;12.51;12.51;4.29;2.04;0.00;0.00;10.47;0.00;-0.59
532.00;-8.00;-4.51;0.00;0.00;1.66;16.10;0.00;0.00;0.00;0.28;0.81;0.30;8.00;8.00;4.51;0.00;0.00;1.50;9.66;0.00;-0.00
533.00;-8.60;-4.19;2.93;0.00;3.32;14.98;0.00;0.00;0.37;0.26;0.76;0.30;8.60;8.60;4.19;2.93;0.00;2.99;8.99;0.00;-0.00
534.00;-8.77;-4.25;2.81;0.00;3.16;15.19;0.00;0.00;1.12;0.26;0.77;0.30;8.77;8.77;4.25;2.81;0.00;2.84;9.11;0.00;-0.00
535.00;-15.55;-4.73;3.65;0.56;0.00;18.90;0.00;0.56;1.83;0.30;0.95;0.30;15.55;15.55;4.73;3.65;0.51;0.00;11.34;0.00;-0.56
536.00;-21.35;-4.34;5.44;2.95;0.00;21.59;0.00;1.70;1.68;0.31;1.09;0.30;21.35;21.35;4.34;5.44;2.66;0.00;12.96;0.00;-1.70
537.00;-18.48;-3.56;5.71;3.08;0.00;16.14;0.00;0.96;0.86;0.24;0.82;0.30;18.48;18.48;3.56;5.71;2.77;0.00;9.68;0.00;-0.96
538.00;-13.57;-3.60;5.86;0.00;0.01;12.86;0.00;0.00;0.00;0.22;0.65;0.30;13.57;13.57;3.60;5.86;0.00;0.00;7.72;0.00;-0.00
539.00;-11.31;-3.70;4.24;0.00;0.86;13.22;0.00;0.00;0.00;0.23;0.67;0.30;11.31;11.31;3.70;4.24;0.00;0.77;7.93;0.00;-0.00
540.00;-9.97;-2.94;4.27;0.00;0.60;10.51;0.00;0.00;0.19;0.18;0.53;0.30;9.97;9.97;2.94;4.27;0.00;0.54;6.30;0.00;-0.00
541.00;-9.37;-2.77;3.87;0.00;0.44;9.89;0.00;0.00;0.33;0.17;0.50;0.30;9.37;9.37;2.77;3.87;0.00;0.39;5.94;0.00;-0.00
542.00;-17.57;-3.72;8.06;1.54;0.00;13.28;0.00;0.00;0.43;0.23;0.67;0.30;17.57;17.57;3.72;8.06;1.39;0.00;7.97;0.00;-0.00
543.00;-19.14;-3.65;11.32;0.00;0.00;13.05;0.00;0.00;0.00;0.22;0.66;0.30;19.14;19.14;3.65;11.32;0.00;0.00;7.83;0.00;-0.00
544.00;-12.27;-3.12;5.59;0.00;0.00;11.13;0.00;0.00;0.00;0.19;0.56;0.30;12.27;12.27;3.12;5.59;0.00;0.00;6.68;0.00;-0.00
545.00;-10.71;-3.88;2.40;0.00;0.00;13.85;0.00;0.00;0.00;0.24;0.70;0.30;10.71;10.71;3.88;2.40;0.00;0.00;8.31;0.00;-0.00
546.00;-11.60;-4.03;3.89;0.00;0.94;14.41;0.00;0.00;0.00;0.25;0.73;0.30;11.60;11.60;4.03;3.89;0.00;0.84;8.64;0.00;-0.00
547.00;-9.72;-3.72;2.99;0.00;1.24;13.29;0.00;0.00;0.21;0.23;0.67;0.30;9.72;9.72;3.72;2.99;0.00;1.12;7.97;0.00;-0.00
548.00;-10.26;-4.27;2.11;0.00;1.02;15.26;0.00;0.00;0.49;0.26;0.77;0.30;10.26;10.26;4.27;2.11;0.00;0.91;9.16;0.00;-0.00
549.00;-15.64;-4.57;1.36;0.44;0.00;23.07;0.00;1.89;0.72;0.32;1.17;0.30;15.64;15.64;4.57;1.36;0.39;0.00;13.84;0.00;-1.89
550.00;-18.50;-4.21;0.42;0.51;0.00;29.28;0.00;3.99;0.60;0.35;1.48;0.30;18.50;18.50;4.21;0.42;0.46;0.00;17.57;0.00;-3.99
551.00;-12.83;-3.85;0.95;0.19;0.00;19.47;0.00;1.61;0.46;0.27;0.98;0.30;12.83;12.83;3.85;0.95;0.17;0.00;11.68;0.00;-1.61
552.00;-10.58;-4.23;0.96;0.09;0.00;15.89;0.00;0.22;0.40;0.26;0.80;0.30;10.58;10.58;4.23;0.96;0.08;0.00;9.53;0.00;-0.22
553.00;-11.37;-4.00;1.10;0.12;0.00;16.92;0.00;0.74;0.38;0.26;0.85;0.30;11.37;11.37;4.00;1.10;0.11;0.00;10.15;0.00;-0.74
554.00;-14.82;-3.74;1.39;0.15;0.00;22.12;0.00;2.46;0.35;0.29;1.12;0.30;14.82;14.82;3.74;1.39;0.14;0.00;13.27;0.00;-2.46
555.00;-20.31;-4.34;1.36;0.15;0.00;31.33;0.00;4.43;0.30;0.37;1.58;0.30;20.31;20.31;4.34;1.36;0.13;0.00;18.80;0.00;-4.43
556.00;-16.32;-4.66;0.83;0.12;0.00;25.61;0.00;2.51;0.26;0.34;1.29;0.30;16.32;16.32;4.66;0.83;0.11;0.00;15.36;0.00;-2.51
557.00;-15.03;-5.48;0.69;0.09;0.00;23.74;0.00;1.16;0.23;0.36;1.20;0.30;15.03;15.03;5.48;0.69;0.08;0.00;14.24;0.00;-1.16
558.00;-13.14;-5.07;0.75;0.07;0.00;20.52;0.00;0.68;0.20;0.33;1.04;0.30;13.14;13.14;5.07;0.75;0.06;0.00;12.31;0.00;-0.68
559.00;-11.92;-4.60;0.61;0.06;0.00;18.74;0.00;0.65;0.18;0.30;0.95;0.30;11.92;11.92;4.60;0.61;0.06;0.00;11.25;0.00;-0.65
560.00;-19.74;-4.99;0.46;0.07;0.00;32.03;0.00;3.98;0.17;0.40;1.62;0.30;19.74;19.74;4.99;0.46;0.06;0.00;19.22;0.00;-3.98
561.00;-19.91;-4.95;0.36;0.05;0.00;32.48;0.00;4.15;0.15;0.40;1.64;0.30;19.91;19.91;4.95;0.36;0.05;0.00;19.49;0.00;-4.15
562.00;-14.12;-4.32;0.23;0.05;0.00;23.06;0.00;2.14;0.13;0.31;1.16;0.30;14.12;14.12;4.32;0.23;0.05;0.00;13.84;0.00;-2.14
563.00;-16.41;-4.46;0.10;0.05;0.00;27.10;0.00;3.13;0.12;0.35;1.37;0.30;16.41;16.41;4.46;0.10;0.05;0.00;16.26;0.00;-3.13
564.00;-14.48;-4.44;0.00;0.04;0.00;24.05;0.00;2.30;0.10;0.33;1.21;0.30;14.48;14.48;4.44;0.00;0.04;0.00;14.43;0.00;-2.30
565.00;-9.50;-3.65;0.00;0.03;0.00;15.79;0.00;0.77;0.09;0.24;0.80;0.30;9.50;9.50;3.65;0.00;0.03;0.00;9.47;0.00;-0.77
566.00;-15.41;-3.53;0.00;0.03;0.00;25.63;0.00;3.65;0.08;0.30;1.29;0.30;15.41;15.41;3.53;0.00;0.03;0.00;15.38;0.00;-3.65
567.00;-16.84;-3.46;0.00;0.03;0.00;28.02;0.00;4.39;0.07;0.32;1.42;0.30;16.84;16.84;3.46;0.00;0.03;0.00;16.81;0.00;-4.39
568.00;-10.75;-3.01;0.00;0.02;0.00;17.88;0.00;2.00;0.06;0.23;0.90;0.30;10.75;10.75;3.01;0.00;0.02;0.00;10.73;0.00;-2.00
569.00;-11.80;-2.94;0.00;0.02;0.00;19.63;0.00;2.56;0.06;0.24;0.99;0.30;11.80;11.80;2.94;0.00;0.02;0.00;11.78;0.00;-2.56
570.00;-17.13;-3.15;0.00;0.00;4.25;35.63;0.00;6.83;0.05;0.35;1.80;0.30;17.13;17.13;3.15;0.00;0.00;3.82;21.38;0.00;-6.83
571.00;-13.39;-3.09;0.00;0.00;8.74;36.88;0.00;7.24;1.01;0.36;1.86;0.30;13.39;13.39;3.09;0.00;0.00;7.86;22.13;0.00;-7.24
572.00;-8.54;-2.98;0.00;0.00;21.02;49.27;0.00;10.82;2.97;0.44;2.49;0.30;8.54;8.54;2.98;0.00;0.00;18.92;29.56;0.00;-10.82
573.00;-14.00;-3.00;0.00;0.00;0.00;23.34;0.00;3.54;7.70;0.29;1.18;0.24;14.00;14.00;3.00;0.00;0.00;0.00;14.00;0.00;-3.54
574.00;-16.02;-2.92;0.00;0.00;0.00;26.70;0.00;4.56;7.70;0.36;1.35;0.18;16.02;16.02;2.92;0.00;0.00;0.00;16.02;0.00;-4.56
575.00;-10.38;-2.61;0.00;0.00;0.00;17.30;0.00;2.24;7.70;0.26;0.87;0.11;10.38;10.38;2.61;0.00;0.00;0.00;10.38;0.00;-2.24
576.00;-11.21;-2.20;0.00;7.89;0.00;5.53;0.65;0.00;7.70;0.10;0.36;0.05;11.21;11.21;2.20;0.00;7.10;0.00;3.32;0.65;-0.00
577.00;-12.19;-2.22;0.00;7.42;0.00;7.94;0.00;0.00;5.51;0.14;0.40;0.05;12.19;12.19;2.22;0.00;6.68;0.00;4.76;0.00;-0.00
578.00;-8.89;-2.38;0.00;1.51;0.00;12.31;0.00;1.07;3.45;0.20;0.62;0.05;8.89;8.89;2.38;0.00;1.35;0.00;7.39;0.00;-1.07
579.00;-8.07;-2.67;0.00;0.99;0.00;11.81;0.00;0.63;3.03;0.20;0.60;0.05;8.07;8.07;2.67;0.00;0.89;0.00;7.08;0.00;-0.63
580.00;-12.35;-2.82;0.00;1.87;0.00;17.47;0.00;2.07;2.76;0.29;0.88;0.05;12.35;12.35;2.82;0.00;1.68;0.00;10.48;0.00;-2.07
581.00;-14.92;-2.76;0.00;1.76;0.00;21.93;0.00;3.38;2.24;0.35;1.11;0.05;14.92;14.92;2.76;0.00;1.59;0.00;13.16;0.00;-3.38
582.00;-11.45;-2.54;0.00;0.78;0.00;17.78;0.00;2.44;1.75;0.29;0.90;0.05;11.45;11.45;2.54;0.00;0.70;0.00;10.67;0.00;-2.44
583.00;-7.82;-2.40;0.00;0.53;0.00;12.15;0.00;1.00;1.53;0.20;0.61;0.05;7.82;7.82;2.40;0.00;0.47;0.00;7.29;0.00;-1.00
584.00;-9.78;-2.37;0.00;0.59;0.00;15.32;0.00;1.92;1.39;0.25;0.77;0.05;9.78;9.78;2.37;0.00;0.53;0.00;9.19;0.00;-1.92
585.00;-13.53;-2.39;0.00;0.53;0.00;21.66;0.00;3.67;1.22;0.35;1.09;0.05;13.53;13.53;2.39;0.00;0.48;0.00;13.00;0.00;-3.67
586.00;-11.61;-2.25;0.00;0.38;0.00;18.72;0.00;2.99;1.07;0.30;0.95;0.05;11.61;11.61;2.25;0.00;0.34;0.00;11.23;0.00;-2.99
587.00;-8.36;-2.07;0.00;0.31;0.00;13.42;0.00;1.69;0.97;0.22;0.68;0.05;8.36;8.36;2.07;0.00;0.28;0.00;8.05;0.00;-1.69
588.00;-9.78;-2.07;0.00;0.34;0.00;15.73;0.00;2.34;0.88;0.25;0.79;0.05;9.78;9.78;2.07;0.00;0.30;0.00;9.44;0.00;-2.34
589.00;-15.46;-2.23;0.00;0.32;0.00;25.24;0.00;4.83;0.79;0.40;1.27;0.05;15.46;15.46;2.23;0.00;0.29;0.00;15.14;0.00;-4.83
590.00;-13.84;-2.28;0.00;0.28;0.00;22.60;0.00;4.05;0.70;0.36;1.14;0.05;13.84;13.84;2.28;0.00;0.25;0.00;13.56;0.00;-4.05
591.00;-10.09;-2.16;0.00;0.23;0.00;16.43;0.00;2.44;0.62;0.27;0.83;0.05;10.09;10.09;2.16;0.00;0.21;0.00;9.86;0.00;-2.44
592.00;-10.05;-2.10;0.00;0.21;0.00;16.41;0.00;2.50;0.56;0.27;0.83;0.05;10.05;10.05;2.10;0.00;0.19;0.00;9.85;0.00;-2.50
593.00;-10.52;-2.09;0.00;0.18;0.00;17.25;0.00;2.74;0.50;0.28;0.87;0.05;10.52;10.52;2.09;0.00;0.16;0.00;10.35;0.00;-2.74
594.00;-9.70;-2.11;0.00;0.17;0.00;15.89;0.00;2.34;0.45;0.26;0.80;0.05;9.70;9.70;2.11;0.00;0.15;0.00;9.54;0.00;-2.34
595.00;-11.82;-2.13;0.00;0.15;0.00;19.45;0.00;3.32;0.41;0.31;0.98;0.05;11.82;11.82;2.13;0.00;0.14;0.00;11.67;0.00;-3.32
596.00;-15.52;-2.10;0.00;0.14;0.00;25.64;0.00;5.07;0.36;0.41;1.29;0.05;15.52;15.52;2.10;0.00;0.12;0.00;15.38;0.00;-5.07
597.00;-13.98;-2.14;0.00;0.12;0.00;23.09;0.00;4.33;0.33;0.37;1.17;0.05;13.98;13.98;2.14;0.00;0.11;0.00;13.86;0.00;-4.33
598.00;-13.56;-2.22;0.00;0.11;0.00;22.41;0.00;4.05;0.29;0.36;1.13;0.05;13.56;13.56;2.22;0.00;0.10;0.00;13.45;0.00;-4.05
599.00;-10.40;-2.25;0.00;0.11;0.00;17.16;0.00;2.55;0.26;0.28;0.87;0.05;10.40;10.40;2.25;0.00;0.10;0.00;10.30;0.00;-2.55
600.00;-8.66;-2.37;0.02;0.09;0.00;14.25;0.00;1.62;0.23;0.23;0.72;0.05;8.66;8.66;2.37;0.02;0.08;0.00;8.55;0.00;-1.62
601.00;-12.41;-2.73;0.11;0.09;0.00;20.37;0.00;2.97;0.21;0.33;1.03;0.05;12.41;12.41;2.73;0.11;0.08;0.00;12.22;0.00;-2.97
602.00;-16.10;-2.99;0.24;0.08;0.00;26.31;0.00;4.38;0.18;0.42;1.33;0.05;16.10;16.10;2.99;0.24;0.07;0.00;15.79;0.00;-4.38
603.00;-16.15;-3.21;0.37;0.06;0.00;26.19;0.00;4.12;0.16;0.42;1.32;0.05;16.15;16.15;3.21;0.37;0.06;0.00;15.72;0.00;-4.12
604.00;-19.64;-3.63;0.51;0.06;0.00;31.78;0.00;5.27;0.14;0.51;1.60;0.05;19.64;19.64;3.63;0.51;0.06;0.00;19.07;0.00;-5.27
605.00;-19.02;-3.56;0.69;0.06;0.00;30.45;0.00;4.97;0.13;0.49;1.54;0.05;19.02;19.02;3.56;0.69;0.05;0.00;18.27;0.00;-4.97
606.00;-9.98;-3.19;1.09;0.04;0.00;14.73;0.00;0.94;0.11;0.25;0.74;0.05;9.98;9.98;3.19;1.09;0.04;0.00;8.84;0.00;-0.94
607.00;-15.33;-2.91;1.18;0.04;0.00;23.51;0.00;3.67;0.10;0.38;1.19;0.05;15.33;15.33;2.91;1.18;0.04;0.00;14.10;0.00;-3.67
608.00;-18.71;-2.81;1.21;0.04;0.00;29.09;0.00;5.34;0.09;0.46;1.47;0.05;18.71;18.71;2.81;1.21;0.03;0.00;17.46;0.00;-5.34
609.00;-14.28;-3.08;1.01;0.03;0.00;22.08;0.00;3.10;0.08;0.36;1.11;0.05;14.28;14.28;3.08;1.01;0.03;0.00;13.25;0.00;-3.10
610.00;-15.28;-3.49;0.90;0.04;0.00;23.90;0.00;3.20;0.07;0.39;1.21;0.05;15.28;15.28;3.49;0.90;0.04;0.00;14.34;0.00;-3.20
611.00;-15.05;-3.66;0.73;0.03;0.00;23.82;0.00;3.01;0.06;0.39;1.20;0.05;15.05;15.05;3.66;0.73;0.02;0.00;14.29;0.00;-3.01
612.00;-11.13;-3.78;0.78;0.02;0.00;17.21;0.00;1.04;0.05;0.29;0.87;0.05;11.13;11.13;3.78;0.78;0.02;0.00;10.33;0.00;-1.04
613.00;-7.89;-3.67;1.00;0.00;0.00;11.48;0.46;0.00;0.04;0.20;0.63;0.05;7.89;7.89;3.67;1.00;0.00;0.00;6.89;0.46;-0.00
614.00;-12.49;-3.47;1.27;0.02;0.00;18.68;0.00;1.76;0.04;0.31;0.94;0.05;12.49;12.49;3.47;1.27;0.02;0.00;11.21;0.00;-1.76
615.00;-14.59;-3.67;1.40;0.02;0.00;21.95;0.00;2.48;0.04;0.36;1.11;0.05;14.59;14.59;3.67;1.40;0.02;0.00;13.17;0.00;-2.48
616.00;-8.66;-3.55;1.37;0.00;0.00;12.14;0.15;0.00;0.03;0.21;0.63;0.05;8.66;8.66;3.55;1.37;0.00;0.00;7.28;0.15;-0.00
617.00;-12.06;-3.64;1.44;0.01;0.00;17.66;0.00;1.30;0.03;0.29;0.89;0.05;12.06;12.06;3.64;1.44;0.01;0.00;10.60;0.00;-1.30
618.00;-15.83;-3.17;1.18;0.01;0.00;24.39;0.00;3.66;0.03;0.39;1.23;0.05;15.83;15.83;3.17;1.18;0.01;0.00;14.64;0.00;-3.66
619.00;-14.42;-2.72;1.23;0.02;0.00;21.94;0.00;3.43;0.03;0.35;1.11;0.05;14.42;14.42;2.72;1.23;0.02;0.00;13.16;0.00;-3.43
620.00;-10.75;-3.25;1.16;0.07;0.00;15.86;0.00;1.19;0.02;0.26;0.80;0.05;10.75;10.75;3.25;1.16;0.06;0.00;9.52;0.00;-1.19
621.00;-9.69;-3.93;1.50;0.00;0.00;13.66;0.11;0.00;0.00;0.24;0.70;0.11;9.69;9.69;3.93;1.50;0.00;0.00;8.20;0.11;-0.00
622.00;-13.92;-4.58;2.23;0.00;0.00;19.48;0.00;0.88;0.00;0.31;0.98;0.18;13.92;13.92;4.58;2.23;0.00;0.00;11.69;0.00;-0.88
623.00;-13.20;-4.00;2.17;0.00;0.00;18.37;0.00;1.14;0.00;0.28;0.93;0.24;13.20;13.20;4.00;2.17;0.00;0.00;11.02;0.00;-1.14
624.00;-11.26;-3.31;2.71;0.00;0.00;14.25;0.00;0.68;0.00;0.22;0.72;0.30;11.26;11.26;3.31;2.71;0.00;0.00;8.55;0.00;-0.68
625.00;-17.59;-3.28;2.25;0.00;0.00;25.57;0.00;3.88;0.00;0.29;1.29;0.30;17.59;17.59;3.28;2.25;0.00;0.00;15.34;0.00;-3.88
626.00;-20.91;-3.71;2.05;0.00;0.00;31.43;0.00;5.09;0.00;0.35;1.59;0.30;20.91;20.91;3.71;2.05;0.00;0.00;18.86;0.00;-5.09
627.00;-12.51;-4.29;2.04;0.00;0.00;17.45;0.00;0.59;0.00;0.28;0.88;0.30;12.51;12.51;4.29;2.04;0.00;0.00;10.47;0.00;-0.59
628.00;-8.00;-4.51;0.00;0.00;1.66;16.10;0.00;0.00;0.00;0.28;0.81;0.30;8.00;8.00;4.51;0.00;0.00;1.50;9.66;0.00;-0.00
629.00;-8.60;-4.19;2.93;0.00;3.32;14.98;0.00;0.00;0.37;0.26;0.76;0.30;8.60;8.60;4.19;2.93;0.00;2.99;8.99;0.00;-0.00
630.00;-8.77;-4.25;2.81;0.00;3.16;15.19;0.00;0.00;1.12;0.26;0.77;0.30;8.77;8.77;4.25;2.81;0.00;2.84;9.11;0.00;-0.00
631.00;-15.55;-4.73;3.65;0.56;0.00;18.90;0.00;0.56;1.83;0.30;0.95;0.30;15.55;15.55;4.73;3.65;0.51;0.00;11.34;0.00;-0.56
632.00;-21.35;-4.34;5.44;2.95;0.00;21.59;0.00;1.70;1.68;0.31;1.09;0.30;21.35;21.35;4.34;5.44;2.66;0.00;12.96;0.00;-1.70
633.00;-18.48;-3.56;5.71;3.08;0.00;16.14;0.00;0.96;0.86;0.24;0.82;0.30;18.48;18.48;3.56;5.71;2.77;0.00;9.68;0.00;-0.96
634.00;-13.57;-3.60;5.86;0.00;0.01;12.86;0.00;0.00;0.00;0.22;0.65;0.30;13.57;13.57;3.60;5.86;0.00;0.00;7.72;0.00;-0.00
635.00;-11.31;-3.70;4.24;0.00;0.86;13.22;0.00;0.00;0.00;0.23;0.67;0.30;11.31;11.31;3.70;4.24;0.00;0.77;7.93;0.00;-0.00
636.00;-9.97;-2.94;4.27;0.00;0.60;10.51;0.00;0.00;0.19;0.18;0.53;0.30;9.97;9.97;2.94;4.27;0.00;0.54;6.30;0.00;-0.00
637.00;-9.37;-2.77;3.87;0.00;0.44;9.89;0.00;0.00;0.33;0.17;0.50;0.30;9.37;9.37;2.77;3.87;0.00;0.39;5.94;0.00;-0.00
638.00;-17.57;-3.72;8.06;1.54;0.00;13.28;0.00;0.00;0.43;0.23;0.67;0.30;17.57;17.57;3.72;8.06;1.39;0.00;7.97;0.00;-0.00
639.00;-19.14;-3.65;11.32;0.00;0.00;13.05;0.00;0.00;0.00;0.22;0.66;0.30;19.14;19.14;3.65;11.32;0.00;0.00;7.83;0.00;-0.00
640.00;-12.27;-3.12;5.59;0.00;0.00;11.13;0.00;0.00;0.00;0.19;0.56;0.30;12.27;12.27;3.12;5.59;0.00;0.00;6.68;0.00;-0.00
641.00;-10.71;-3.88;2.40;0.00;0.00;13.85;0.00;0.00;0.00;0.24;0.70;0.30;10.71;10.71;3.88;2.40;0.00;0.00;8.31;0.00;-0.00
642.00;-11.60;-4.03;3.89;0.00;0.94;14.41;0.00;0.00;0.00;0.25;0.73;0.30;11.60;11.60;4.03;3.89;0.00;0.84;8.64;0.00;-0.00
643.00;-9.72;-3.72;2.99;0.00;1.24;13.29;0.00;0.00;0.21;0.23;0.67;0.30;9.72;9.72;3.72;2.99;0.00;1.12;7.97;0.00;-0.00
644.00;-10.26;-4.27;2.11;0.00;1.02;15.26;0.00;0.00;0.49;0.26;0.77;0.30;10.26;10.26;4.27;2.11;0.00;0.91;9.16;0.00;-0.00
645.00;-15.64;-4.57;1.36;0.44;0.00;23.07;0.00;1.89;0.72;0.32;1.17;0.30;15.64;15.64;4.57;1.36;0.39;0.00;13.84;0.00;-1.89
646.00;-18.50;-4.21;0.42;0.51;0.00;29.28;0.00;3.99;0.60;0.35;1.48;0.30;18.50;18.50;4.21;0.42;0.46;0.00;17.57;0.00;-3.99
647.00;-12.83;-3.85;0.95;0.19;0.00;19.47;0.00;1.61;0.46;0.27;0.98;0.30;12.83;12.83;3.85;0.95;0.17;0.00;11.68;0.00;-1.61
648.00;-10.58;-4.23;0.96;0.09;0.00;15.89;0.00;0.22;0.40;0.26;0.80;0.30;10.58;10.58;4.23;0.96;0.08;0.00;9.53;0.00;-0.22
649.00;-11.37;-4.00;1.10;0.12;0.00;16.92;0.00;0.74;0.38;0.26;0.85;0.30;11.37;11.37;4.00;1.10;0.11;0.00;10.15;0.00;-0.74
650.00;-14.82;-3.74;1.39;0.15;0.00;22.12;0.00;2.46;0.35;0.29;1.12;0.30;14.82;14.82;3.74;1.39;0.14;0.00;13.27;0.00;-2.46
651.00;-20.31;-4.34;1.36;0.15;0.00;31.33;0.00;4.43;0.30;0.37;1.58;0.30;20.31;20.31;4.34;1.36;0.13;0.00;18.80;0.00;-4.43
652.00;-16.32;-4.66;0.83;0.12;0.00;25.61;0.00;2.51;0.26;0.34;1.29;0.30;16.32;16.32;4.66;0.83;0.11;0.00;15.36;0.00;-2.51
653.00;-15.03;-5.48;0.69;0.09;0.00;23.74;0.00;1.16;0.23;0.36;1.20;0.30;15.03;15.03;5.48;0.69;0.08;0.00;14.24;0.00;-1.16
654.00;-13.14;-5.07;0.75;0.07;0.00;20.52;0.00;0.68;0.20;0.33;1.04;0.30;13.14;13.14;5.07;0.75;0.06;0.00;12.31;0.00;-0.68
655.00;-11.92;-4.60;0.61;0.06;0.00;18.74;0.00;0.65;0.18;0.30;0.95;0.30;11.92;11.92;4.60;0.61;0.06;0.00;11.25;0.00;-0.65
656.00;-19.74;-4.99;0.46;0.07;0.00;32.03;0.00;3.98;0.17;0.40;1.62;0.30;19.74;19.74;4.99;0.46;0.06;0.00;19.22;0.00;-3.98
657.00;-19.91;-4.95;0.36;0.05;0.00;32.48;0.00;4.15;0.15;0.40;1.64;0.30;19.91;19.91;4.95;0.36;0.05;0.00;19.49;0.00;-4.15
658.00;-14.12;-4.32;0.23;0.05;0.00;23.06;0.00;2.14;0.13;0.31;1.16;0.30;14.12;14.12;4.32;0.23;0.05;0.00;13.84;0.00;-2.14
659.00;-16.41;-4.46;0.10;0.05;0.00;27.10;0.00;3.13;0.12;0.35;1.37;0.30;16.41;16.41;4.46;0.10;0.05;0.00;16.26;0.00;-3.13
660.00;-14.48;-4.44;0.00;0.04;0.00;24.05;0.00;2.30;0.10;0.33;1.21;0.30;14.48;14.48;4.44;0.00;0.04;0.00;14.43;0.00;-2.30
661.00;-9.50;-3.65;0.00;0.03;0.00;15.79;0.00;0.77;0.09;0.24;0.80;0.30;9.50;9.50;3.65;0.00;0.03;0.00;9.47;0.00;-0.77
662.00;-15.41;-3.53;0.00;0.03;0.00;25.63;0.00;3.65;0.08;0.30;1.29;0.30;15.41;15.41;3.53;0.00;0.03;0.00;15.38;0.00;-3.65
663.00;-16.84;-3.46;0.00;0.03;0.00;28.02;0.00;4.39;0.07;0.32;1.42;0.30;16.84;16.84;3.46;0.00;0.03;0.00;16.81;0.00;-4.39
664.00;-10.75;-3.01;0.00;0.02;0.00;17.88;0.00;2.00;0.06;0.23;0.90;0.30;10.75;10.75;3.01;0.00;0.02;0.00;10.73;0.00;-2.00
665.00;-11.80;-2.94;0.00;0.02;0.00;19.63;0.00;2.56;0.06;0.24;0.99;0.30;11.80;11.80;2.94;0.00;0.02;0.00;11.78;0.00;-2.56
666.00;-17.13;-3.15;0.00;0.00;4.25;35.63;0.00;6.83;0.05;0.35;1.80;0.30;17.13;17.13;3.15;0.00;0.00;3.82;21.38;0.00;-6.83
667.00;-13.39;-3.09;0.00;0.00;8.74;36.88;0.00;7.24;1.01;0.36;1.86;0.30;13.39;13.39;3.09;0.00;0.00;7.86;22.13;0.00;-7.24
668.00;-8.54;-2.98;0.00;0.00;21.02;49.27;0.00;10.82;2.97;0.44;2.49;0.30;8.54;8.54;2.98;0.00;0.00;18.92;29.56;0.00;-10.82
669.00;-14.00;-3.00;0.00;0.00;0.00;23.34;0.00;3.54;7.70;0.29;1.18;0.24;14.00;14.00;3.00;0.00;0.00;0.00;14.00;0.00;-3.54
670.00;-16.02;-2.92;0.00;0.00;0.00;26.70;0.00;4.56;7.70;0.36;1.35;0.18;16.02;16.02;2.92;0.00;0.00;0.00;16.02;0.00;-4.56
671.00;-10.38;-2.61;0.00;0.00;0.00;17.30;0.00;2.24;7.70;0.26;0.87;0.11;10.38;10.38;2.61;0.00;0.00;0.00;10.38;0.00;-2.24