timeStep;demandHeat;demandElectricity;OilBoiler1;ElecBuy;ElecSell;Cost;Price;positiveDemandHeat;positiveDemandHeatTotal;positiveDemandElectricity;plusOilBoiler1;plusElecBuy;plusElecSell
0.00;-2.80;-0.20;2.95;0.20;0.00;0.05;0.05;2.80;2.80;0.20;2.80;0.20;-0.00
1.00;-2.00;-0.28;2.11;0.28;0.00;0.04;0.05;2.00;2.00;0.28;2.00;0.28;-0.00
2.00;-0.80;-0.29;0.84;0.29;0.00;0.02;0.05;0.80;0.80;0.29;0.80;0.29;-0.00
3.00;-3.60;-0.32;3.79;0.32;0.00;0.07;0.05;3.60;3.60;0.32;3.60;0.32;-0.00
4.00;-3.20;-0.26;3.37;0.26;0.00;0.06;0.05;3.20;3.20;0.26;3.20;0.26;-0.00
5.00;-2.00;-0.19;2.11;0.19;0.00;0.04;0.05;2.00;2.00;0.19;2.00;0.19;-0.00
6.00;-0.80;-0.19;0.84;0.19;0.00;0.02;0.05;0.80;0.80;0.19;0.80;0.19;-0.00
7.00;-3.60;-0.21;3.79;0.21;0.00;0.07;0.05;3.60;3.60;0.21;3.60;0.21;-0.00
8.00;-2.80;-0.21;2.95;0.21;0.00;0.05;0.05;2.80;2.80;0.21;2.80;0.21;-0.00
9.00;-3.20;-0.30;3.37;0.30;0.00;0.06;0.05;3.20;3.20;0.30;3.20;0.30;-0.00
10.00;-0.80;-0.29;0.84;0.29;0.00;0.02;0.05;0.80;0.80;0.29;0.80;0.29;-0.00
11.00;-3.20;-0.32;3.37;0.32;0.00;0.06;0.05;3.20;3.20;0.32;3.20;0.32;-0.00
12.00;-3.20;-0.24;3.37;0.24;0.00;0.06;0.05;3.20;3.20;0.24;3.20;0.24;-0.00
13.00;-3.20;-0.27;3.37;0.27;0.00;0.06;0.05;3.20;3.20;0.27;3.20;0.27;-0.00
14.00;-0.80;-0.21;0.84;0.21;0.00;0.02;0.05;0.80;0.80;0.21;0.80;0.21;-0.00
15.00;-3.60;-0.22;3.79;0.22;0.00;0.07;0.05;3.60;3.60;0.22;3.60;0.22;-0.00
16.00;-3.60;-0.21;3.79;0.21;0.00;0.07;0.05;3.60;3.60;0.21;3.60;0.21;-0.00
17.00;-3.20;-0.31;3.37;0.31;0.00;0.06;0.05;3.20;3.20;0.31;3.20;0.31;-0.00
18.00;-0.80;-0.29;0.84;0.29;0.00;0.02;0.05;0.80;0.80;0.29;0.80;0.29;-0.00
19.00;-2.80;-0.32;2.95;0.32;0.00;0.05;0.05;2.80;2.80;0.32;2.80;0.32;-0.00
20.00;-3.20;-0.23;3.37;0.23;0.00;0.06;0.05;3.20;3.20;0.23;3.20;0.23;-0.00
21.00;-2.80;-0.20;2.95;0.20;0.00;0.05;0.05;2.80;2.80;0.20;2.80;0.20;-0.00
22.00;-0.80;-0.94;0.84;0.94;0.00;0.03;0.05;0.80;0.80;0.94;0.80;0.94;-0.00
23.00;-4.00;-0.37;4.21;0.37;0.00;0.08;0.05;4.00;4.00;0.37;4.00;0.37;-0.00
24.00;-5.20;-0.38;5.47;0.38;0.00;0.10;0.05;5.20;5.20;0.38;5.20;0.38;-0.00
25.00;-3.60;-0.86;3.79;0.86;0.00;0.08;0.05;3.60;3.60;0.86;3.60;0.86;-0.00
26.00;-0.80;-0.71;0.84;0.71;0.00;0.02;0.05;0.80;0.80;0.71;0.80;0.71;-0.00
27.00;-3.60;-0.33;3.79;0.33;0.00;0.07;0.05;3.60;3.60;0.33;3.60;0.33;-0.00
28.00;-3.60;-0.30;3.79;0.30;0.00;0.07;0.05;3.60;3.60;0.30;3.60;0.30;-0.00
29.00;-5.60;-0.31;5.89;0.31;0.00;0.10;0.05;5.60;5.60;0.31;5.60;0.31;-0.00
30.00;-0.80;-0.36;0.84;0.36;0.00;0.02;0.05;0.80;0.80;0.36;0.80;0.36;-0.00
31.00;-2.00;-0.29;2.11;0.29;0.00;0.04;0.05;2.00;2.00;0.29;2.00;0.29;-0.00
32.00;-2.00;-0.43;2.11;0.43;0.00;0.04;0.05;2.00;2.00;0.43;2.00;0.43;-0.00
33.00;-1.60;-0.94;1.68;0.94;0.00;0.04;0.05;1.60;1.60;0.94;1.60;0.94;-0.00
34.00;-0.80;-0.33;0.84;0.33;0.00;0.02;0.05;0.80;0.80;0.33;0.80;0.33;-0.00
35.00;-2.40;-0.31;2.53;0.31;0.00;0.05;0.05;2.40;2.40;0.31;2.40;0.31;-0.00
36.00;-2.80;-0.30;2.95;0.30;0.00;0.05;0.05;2.80;2.80;0.30;2.80;0.30;-0.00
37.00;-1.60;-0.29;1.68;0.29;0.00;0.03;0.05;1.60;1.60;0.29;1.60;0.29;-0.00
38.00;-0.80;-0.27;0.84;0.27;0.00;0.02;0.05;0.80;0.80;0.27;0.80;0.27;-0.00
39.00;-2.00;-0.82;2.11;0.82;0.00;0.05;0.05;2.00;2.00;0.82;2.00;0.82;-0.00
40.00;-2.40;-0.42;2.53;0.42;0.00;0.05;0.05;2.40;2.40;0.42;2.40;0.42;-0.00
41.00;-2.00;-1.34;2.11;1.34;0.00;0.05;0.05;2.00;2.00;1.34;2.00;1.34;-0.00
42.00;-0.80;-1.47;0.84;1.47;0.00;0.03;0.05;0.80;0.80;1.47;0.80;1.47;-0.00
43.00;-2.40;-0.34;2.53;0.34;0.00;0.05;0.05;2.40;2.40;0.34;2.40;0.34;-0.00
44.00;-5.20;-0.44;5.47;0.44;0.00;0.10;0.05;5.20;5.20;0.44;5.20;0.44;-0.00
45.00;-0.40;-0.33;0.42;0.33;0.00;0.02;0.11;0.40;0.40;0.33;0.40;0.33;-0.00
46.00;-2.00;-0.29;2.11;0.29;0.00;0.05;0.18;2.00;2.00;0.29;2.00;0.29;-0.00
47.00;-3.20;-1.47;3.37;1.47;0.00;0.14;0.24;3.20;3.20;1.47;3.20;1.47;-0.00
48.00;0.00;-2.04;0.00;2.04;0.00;0.15;0.30;-0.00;0.00;2.04;0.00;2.04;-0.00
49.00;-2.80;-0.94;2.95;0.94;0.00;0.12;0.30;2.80;2.80;0.94;2.80;0.94;-0.00
50.00;-2.40;-0.33;2.53;0.33;0.00;0.07;0.30;2.40;2.40;0.33;2.40;0.33;-0.00
51.00;-1.60;-0.30;1.68;0.30;0.00;0.05;0.30;1.60;1.60;0.30;1.60;0.30;-0.00
52.00;-3.60;-0.34;3.79;0.34;0.00;0.09;0.30;3.60;3.60;0.34;3.60;0.34;-0.00
53.00;-3.20;-0.39;3.37;0.39;0.00;0.09;0.30;3.20;3.20;0.39;3.20;0.39;-0.00
54.00;-1.60;-0.35;1.68;0.35;0.00;0.05;0.30;1.60;1.60;0.35;1.60;0.35;-0.00
55.00;-0.40;-0.35;0.42;0.35;0.00;0.03;0.30;0.40;0.40;0.35;0.40;0.35;-0.00
56.00;-1.60;-0.46;1.68;0.46;0.00;0.06;0.30;1.60;1.60;0.46;1.60;0.46;-0.00
57.00;-1.20;-0.54;1.26;0.54;0.00;0.06;0.30;1.20;1.20;0.54;1.20;0.54;-0.00
58.00;-0.80;-0.52;0.84;0.52;0.00;0.05;0.30;0.80;0.80;0.52;0.80;0.52;-0.00
59.00;-2.00;-0.41;2.11;0.41;0.00;0.07;0.30;2.00;2.00;0.41;2.00;0.41;-0.00
60.00;-2.00;-0.42;2.11;0.42;0.00;0.07;0.30;2.00;2.00;0.42;2.00;0.42;-0.00
61.00;-1.20;-0.24;1.26;0.24;0.00;0.04;0.30;1.20;1.20;0.24;1.20;0.24;-0.00
62.00;-1.20;-0.27;1.26;0.27;0.00;0.04;0.30;1.20;1.20;0.27;1.20;0.27;-0.00
63.00;-2.00;-0.33;2.11;0.33;0.00;0.06;0.30;2.00;2.00;0.33;2.00;0.33;-0.00
64.00;-1.60;-0.60;1.68;0.60;0.00;0.07;0.30;1.60;1.60;0.60;1.60;0.60;-0.00
65.00;-1.60;-0.36;1.68;0.36;0.00;0.06;0.30;1.60;1.60;0.36;1.60;0.36;-0.00
66.00;-0.80;-0.50;0.84;0.50;0.00;0.05;0.30;0.80;0.80;0.50;0.80;0.50;-0.00
67.00;-2.00;-0.37;2.11;0.37;0.00;0.06;0.30;2.00;2.00;0.37;2.00;0.37;-0.00
68.00;-2.00;-0.28;2.11;0.28;0.00;0.06;0.30;2.00;2.00;0.28;2.00;0.28;-0.00
69.00;-1.60;-0.41;1.68;0.41;0.00;0.06;0.30;1.60;1.60;0.41;1.60;0.41;-0.00
70.00;-1.20;-0.44;1.26;0.44;0.00;0.05;0.30;1.20;1.20;0.44;1.20;0.44;-0.00
71.00;-2.00;-0.42;2.11;0.42;0.00;0.07;0.30;2.00;2.00;0.42;2.00;0.42;-0.00
72.00;-2.00;-0.39;2.11;0.39;0.00;0.07;0.30;2.00;2.00;0.39;2.00;0.39;-0.00
73.00;-1.20;-0.39;1.26;0.39;0.00;0.05;0.30;1.20;1.20;0.39;1.20;0.39;-0.00
74.00;-1.20;-0.39;1.26;0.39;0.00;0.05;0.30;1.20;1.20;0.39;1.20;0.39;-0.00
75.00;-2.00;-0.46;2.11;0.46;0.00;0.07;0.30;2.00;2.00;0.46;2.00;0.46;-0.00
76.00;-2.00;-2.72;2.11;2.72;0.00;0.24;0.30;2.00;2.00;2.72;2.00;2.72;-0.00
77.00;-6.40;-1.50;6.74;1.50;0.00;0.23;0.30;6.40;6.40;1.50;6.40;1.50;-0.00
78.00;-1.60;-0.95;1.68;0.95;0.00;0.10;0.30;1.60;1.60;0.95;1.60;0.95;-0.00
79.00;-2.40;-1.17;2.53;1.17;0.00;0.13;0.30;2.40;2.40;1.17;2.40;1.17;-0.00
80.00;-2.00;-1.16;2.11;1.16;0.00;0.12;0.30;2.00;2.00;1.16;2.00;1.16;-0.00
81.00;-1.20;-1.18;1.26;1.18;0.00;0.11;0.30;1.20;1.20;1.18;1.20;1.18;-0.00
82.00;-1.20;-1.17;1.26;1.17;0.00;0.11;0.30;1.20;1.20;1.17;1.20;1.17;-0.00
83.00;-2.40;-1.10;2.53;1.10;0.00;0.13;0.30;2.40;2.40;1.10;2.40;1.10;-0.00
84.00;-2.00;-1.10;2.11;1.10;0.00;0.12;0.30;2.00;2.00;1.10;2.00;1.10;-0.00
85.00;-0.80;-1.23;0.84;1.23;0.00;0.11;0.30;0.80;0.80;1.23;0.80;1.23;-0.00
86.00;-2.80;-1.18;2.95;1.18;0.00;0.14;0.30;2.80;2.80;1.18;2.80;1.18;-0.00
87.00;-2.40;-1.19;2.53;1.19;0.00;0.13;0.30;2.40;2.40;1.19;2.40;1.19;-0.00
88.00;-1.60;-1.27;1.68;1.27;0.00;0.12;0.30;1.60;1.60;1.27;1.60;1.27;-0.00
89.00;-0.80;-1.25;0.84;1.25;0.00;0.11;0.30;0.80;0.80;1.25;0.80;1.25;-0.00
90.00;-2.80;-1.20;2.95;1.20;0.00;0.14;0.30;2.80;2.80;1.20;2.80;1.20;-0.00
91.00;-2.40;-1.05;2.53;1.05;0.00;0.12;0.30;2.40;2.40;1.05;2.40;1.05;-0.00
92.00;-2.00;-1.02;2.11;1.02;0.00;0.11;0.30;2.00;2.00;1.02;2.00;1.02;-0.00
93.00;-0.80;-1.14;0.84;1.14;0.00;0.08;0.24;0.80;0.80;1.14;0.80;1.14;-0.00
94.00;-3.20;-0.83;3.37;0.83;0.00;0.09;0.18;3.20;3.20;0.83;3.20;0.83;-0.00
95.00;-2.40;-0.93;2.53;0.93;0.00;0.07;0.11;2.40;2.40;0.93;2.40;0.93;-0.00
96.00;-2.80;-0.20;2.95;0.20;0.00;0.05;0.05;2.80;2.80;0.20;2.80;0.20;-0.00
97.00;-2.00;-0.28;2.11;0.28;0.00;0.04;0.05;2.00;2.00;0.28;2.00;0.28;-0.00
98.00;-0.80;-0.29;0.84;0.29;0.00;0.02;0.05;0.80;0.80;0.29;0.80;0.29;-0.00
99.00;-3.60;-0.32;3.79;0.32;0.00;0.07;0.05;3.60;3.60;0.32;3.60;0.32;-0.00
100.00;-3.20;-0.26;3.37;0.26;0.00;0.06;0.05;3.20;3.20;0.26;3.20;0.26;-0.00
101.00;-2.00;-0.19;2.11;0.19;0.00;0.04;0.05;2.00;2.00;0.19;2.00;0.19;-0.00
102.00;-0.80;-0.19;0.84;0.19;0.00;0.02;0.05;0.80;0.80;0.19;0.80;0.19;-0.00
103.00;-3.60;-0.21;3.79;0.21;0.00;0.07;0.05;3.60;3.60;0.21;3.60;0.21;-0.00
104.00;-2.80;-0.21;2.95;0.21;0.00;0.05;0.05;2.80;2.80;0.21;2.80;0.21;-0.00
105.00;-3.20;-0.30;3.37;0.30;0.00;0.06;0.05;3.20;3.20;0.30;3.20;0.30;-0.00
106.00;-0.80;-0.29;0.84;0.29;0.00;0.02;0.05;0.80;0.80;0.29;0.80;0.29;-0.00
107.00;-3.20;-0.32;3.37;0.32;0.00;0.06;0.05;3.20;3.20;0.32;3.20;0.32;-0.00
108.00;-3.20;-0.24;3.37;0.24;0.00;0.06;0.05;3.20;3.20;0.24;3.20;0.24;-0.00
109.00;-3.20;-0.27;3.37;0.27;0.00;0.06;0.05;3.20;3.20;0.27;3.20;0.27;-0.00
110.00;-0.80;-0.21;0.84;0.21;0.00;0.02;0.05;0.80;0.80;0.21;0.80;0.21;-0.00
111.00;-3.60;-0.22;3.79;0.22;0.00;0.07;0.05;3.60;3.60;0.22;3.60;0.22;-0.00
112.00;-3.60;-0.21;3.79;0.21;0.00;0.07;0.05;3.60;3.60;0.21;3.60;0.21;-0.00
113.00;-3.20;-0.31;3.37;0.31;0.00;0.06;0.05;3.20;3.20;0.31;3.20;0.31;-0.00
114.00;-0.80;-0.29;0.84;0.29;0.00;0.02;0.05;0.80;0.80;0.29;0.80;0.29;-0.00
115.00;-2.80;-0.32;2.95;0.32;0.00;0.05;0.05;2.80;2.80;0.32;2.80;0.32;-0.00
116.00;-3.20;-0.23;3.37;0.23;0.00;0.06;0.05;3.20;3.20;0.23;3.20;0.23;-0.00
117.00;-2.80;-0.20;2.95;0.20;0.00;0.05;0.05;2.80;2.80;0.20;2.80;0.20;-0.00
118.00;-0.80;-0.94;0.84;0.94;0.00;0.03;0.05;0.80;0.80;0.94;0.80;0.94;-0.00
119.00;-4.00;-0.37;4.21;0.37;0.00;0.08;0.05;4.00;4.00;0.37;4.00;0.37;-0.00
120.00;-5.20;-0.38;5.47;0.38;0.00;0.10;0.05;5.20;5.20;0.38;5.20;0.38;-0.00
121.00;-3.60;-0.86;3.79;0.86;0.00;0.08;0.05;3.60;3.60;0.86;3.60;0.86;-0.00
122.00;-0.80;-0.71;0.84;0.71;0.00;0.02;0.05;0.80;0.80;0.71;0.80;0.71;-0.00
123.00;-3.60;-0.33;3.79;0.33;0.00;0.07;0.05;3.60;3.60;0.33;3.60;0.33;-0.00
124.00;-3.60;-0.30;3.79;0.30;0.00;0.07;0.05;3.60;3.60;0.30;3.60;0.30;-0.00
125.00;-5.60;-0.31;5.89;0.31;0.00;0.10;0.05;5.60;5.60;0.31;5.60;0.31;-0.00
126.00;-0.80;-0.36;0.84;0.36;0.00;0.02;0.05;0.80;0.80;0.36;0.80;0.36;-0.00
127.00;-2.00;-0.29;2.11;0.29;0.00;0.04;0.05;2.00;2.00;0.29;2.00;0.29;-0.00
128.00;-2.00;-0.43;2.11;0.43;0.00;0.04;0.05;2.00;2.00;0.43;2.00;0.43;-0.00
129.00;-1.60;-0.94;1.68;0.94;0.00;0.04;0.05;1.60;1.60;0.94;1.60;0.94;-0.00
130.00;-0.80;-0.33;0.84;0.33;0.00;0.02;0.05;0.80;0.80;0.33;0.80;0.33;-0.00
131.00;-2.40;-0.31;2.53;0.31;0.00;0.05;0.05;2.40;2.40;0.31;2.40;0.31;-0.00
132.00;-2.80;-0.30;2.95;0.30;0.00;0.05;0.05;2.80;2.80;0.30;2.80;0.30;-0.00
133.00;-1.60;-0.29;1.68;0.29;0.00;0.03;0.05;1.60;1.60;0.29;1.60;0.29;-0.00
134.00;-0.80;-0.27;0.84;0.27;0.00;0.02;0.05;0.80;0.80;0.27;0.80;0.27;-0.00
135.00;-2.00;-0.82;2.11;0.82;0.00;0.05;0.05;2.00;2.00;0.82;2.00;0.82;-0.00
136.00;-2.40;-0.42;2.53;0.42;0.00;0.05;0.05;2.40;2.40;0.42;2.40;0.42;-0.00
137.00;-2.00;-1.34;2.11;1.34;0.00;0.05;0.05;2.00;2.00;1.34;2.00;1.34;-0.00
138.00;-0.80;-1.47;0.84;1.47;0.00;0.03;0.05;0.80;0.80;1.47;0.80;1.47;-0.00
139.00;-2.40;-0.34;2.53;0.34;0.00;0.05;0.05;2.40;2.40;0.34;2.40;0.34;-0.00
140.00;-5.20;-0.44;5.47;0.44;0.00;0.10;0.05;5.20;5.20;0.44;5.20;0.44;-0.00
141.00;-0.40;-0.33;0.42;0.33;0.00;0.02;0.11;0.40;0.40;0.33;0.40;0.33;-0.00
142.00;-2.00;-0.29;2.11;0.29;0.00;0.05;0.18;2.00;2.00;0.29;2.00;0.29;-0.00
143.00;-3.20;-1.47;3.37;1.47;0.00;0.14;0.24;3.20;3.20;1.47;3.20;1.47;-0.00
144.00;0.00;-2.04;0.00;2.04;0.00;0.15;0.30;-0.00;0.00;2.04;0.00;2.04;-0.00
145.00;-2.80;-0.94;2.95;0.94;0.00;0.12;0.30;2.80;2.80;0.94;2.80;0.94;-0.00
146.00;-2.40;-0.33;2.53;0.33;0.00;0.07;0.30;2.40;2.40;0.33;2.40;0.33;-0.00
147.00;-1.60;-0.30;1.68;0.30;0.00;0.05;0.30;1.60;1.60;0.30;1.60;0.30;-0.00
148.00;-3.60;-0.34;3.79;0.34;0.00;0.09;0.30;3.60;3.60;0.34;3.60;0.34;-0.00
149.00;-3.20;-0.39;3.37;0.39;0.00;0.09;0.30;3.20;3.20;0.39;3.20;0.39;-0.00
150.00;-1.60;-0.35;1.68;0.35;0.00;0.05;0.30;1.60;1.60;0.35;1.60;0.35;-0.00
151.00;-0.40;-0.35;0.42;0.35;0.00;0.03;0.30;0.40;0.40;0.35;0.40;0.35;-0.00
152.00;-1.60;-0.46;1.68;0.46;0.00;0.06;0.30;1.60;1.60;0.46;1.60;0.46;-0.00
153.00;-1.20;-0.54;1.26;0.54;0.00;0.06;0.30;1.20;1.20;0.54;1.20;0.54;-0.00
154.00;-0.80;-0.52;0.84;0.52;0.00;0.05;0.30;0.80;0.80;0.52;0.80;0.52;-0.00
155.00;-2.00;-0.41;2.11;0.41;0.00;0.07;0.30;2.00;2.00;0.41;2.00;0.41;-0.00
156.00;-2.00;-0.42;2.11;0.42;0.00;0.07;0.30;2.00;2.00;0.42;2.00;0.42;-0.00
157.00;-1.20;-0.24;1.26;0.24;0.00;0.04;0.30;1.20;1.20;0.24;1.20;0.24;-0.00
158.00;-1.20;-0.27;1.26;0.27;0.00;0.04;0.30;1.20;1.20;0.27;1.20;0.27;-0.00
159.00;-2.00;-0.33;2.11;0.33;0.00;0.06;0.30;2.00;2.00;0.33;2.00;0.33;-0.00
160.00;-1.60;-0.60;1.68;0.60;0.00;0.07;0.30;1.60;1.60;0.60;1.60;0.60;-0.00
161.00;-1.60;-0.36;1.68;0.36;0.00;0.06;0.30;1.60;1.60;0.36;1.60;0.36;-0.00
162.00;-0.80;-0.50;0.84;0.50;0.00;0.05;0.30;0.80;0.80;0.50;0.80;0.50;-0.00
163.00;-2.00;-0.37;2.11;0.37;0.00;0.06;0.30;2.00;2.00;0.37;2.00;0.37;-0.00
164.00;-2.00;-0.28;2.11;0.28;0.00;0.06;0.30;2.00;2.00;0.28;2.00;0.28;-0.00
165.00;-1.60;-0.41;1.68;0.41;0.00;0.06;0.30;1.60;1.60;0.41;1.60;0.41;-0.00
166.00;-1.20;-0.44;1.26;0.44;0.00;0.05;0.30;1.20;1.20;0.44;1.20;0.44;-0.00
167.00;-2.00;-0.42;2.11;0.42;0.00;0.07;0.30;2.00;2.00;0.42;2.00;0.42;-0.00
168.00;-2.00;-0.39;2.11;0.39;0.00;0.07;0.30;2.00;2.00;0.39;2.00;0.39;-0.00
169.00;-1.20;-0.39;1.26;0.39;0.00;0.05;0.30;1.20;1.20;0.39;1.20;0.39;-0.00
170.00;-1.20;-0.39;1.26;0.39;0.00;0.05;0.30;1.20;1.20;0.39;1.20;0.39;-0.00
171.00;-2.00;-0.46;2.11;0.46;0.00;0.07;0.30;2.00;2.00;0.46;2.00;0.46;-0.00
172.00;-2.00;-2.72;2.11;2.72;0.00;0.24;0.30;2.00;2.00;2.72;2.00;2.72;-0.00
173.00;-6.40;-1.50;6.74;1.50;0.00;0.23;0.30;6.40;6.40;1.50;6.40;1.50;-0.00
174.00;-1.60;-0.95;1.68;0.95;0.00;0.10;0.30;1.60;1.60;0.95;1.60;0.95;-0.00
175.00;-2.40;-1.17;2.53;1.17;0.00;0.13;0.30;2.40;2.40;1.17;2.40;1.17;-0.00
176.00;-2.00;-1.16;2.11;1.16;0.00;0.12;0.30;2.00;2.00;1.16;2.00;1.16;-0.00
177.00;-1.20;-1.18;1.26;1.18;0.00;0.11;0.30;1.20;1.20;1.18;1.20;1.18;-0.00
178.00;-1.20;-1.17;1.26;1.17;0.00;0.11;0.30;1.20;1.20;1.17;1.20;1.17;-0.00
179.00;-2.40;-1.10;2.53;1.10;0.00;0.13;0.30;2.40;2.40;1.10;2.40;1.10;-0.00
180.00;-2.00;-1.10;2.11;1.10;0.00;0.12;0.30;2.00;2.00;1.10;2.00;1.10;-0.00
181.00;-0.80;-1.23;0.84;1.23;0.00;0.11;0.30;0.80;0.80;1.23;0.80;1.23;-0.00
182.00;-2.80;-1.18;2.95;1.18;0.00;0.14;0.30;2.80;2.80;1.18;2.80;1.18;-0.00
183.00;-2.40;-1.19;2.53;1.19;0.00;0.13;0.30;2.40;2.40;1.19;2.40;1.19;-0.00
184.00;-1.60;-1.27;1.68;1.27;0.00;0.12;0.30;1.60;1.60;1.27;1.60;1.27;-0.00
185.00;-0.80;-1.25;0.84;1.25;0.00;0.11;0.30;0.80;0.80;1.25;0.80;1.25;-0.00
186.00;-2.80;-1.20;2.95;1.20;0.00;0.14;0.30;2.80;2.80;1.20;2.80;1.20;-0.00
187.00;-2.40;-1.05;2.53;1.05;0.00;0.12;0.30;2.40;2.40;1.05;2.40;1.05;-0.00
188.00;-2.00;-1.02;2.11;1.02;0.00;0.11;0.30;2.00;2.00;1.02;2.00;1.02;-0.00
189.00;-0.80;-1.14;0.84;1.14;0.00;0.08;0.24;0.80;0.80;1.14;0.80;1.14;-0.00
190.00;-3.20;-0.83;3.37;0.83;0.00;0.09;0.18;3.20;3.20;0.83;3.20;0.83;-0.00
191.00;-2.40;-0.93;2.53;0.93;0.00;0.07;0.11;2.40;2.40;0.93;2.40;0.93;-0.00
192.00;-2.80;-0.20;2.95;0.20;0.00;0.05;0.05;2.80;2.80;0.20;2.80;0.20;-0.00
193.00;-2.00;-0.28;2.11;0.28;0.00;0.04;0.05;2.00;2.00;0.28;2.00;0.28;-0.00
194.00;-0.80;-0.29;0.84;0.29;0.00;0.02;0.05;0.80;0.80;0.29;0.80;0.29;-0.00
195.00;-3.60;-0.32;3.79;0.32;0.00;0.07;0.05;3.60;3.60;0.32;3.60;0.32;-0.00
196.00;-3.20;-0.26;3.37;0.26;0.00;0.06;0.05;3.20;3.20;0.26;3.20;0.26;-0.00
197.00;-2.00;-0.19;2.11;0.19;0.00;0.04;0.05;2.00;2.00;0.19;2.00;0.19;-0.00
198.00;-0.80;-0.19;0.84;0.19;0.00;0.02;0.05;0.80;0.80;0.19;0.80;0.19;-0.00
199.00;-3.60;-0.21;3.79;0.21;0.00;0.07;0.05;3.60;3.60;0.21;3.60;0.21;-0.00
200.00;-2.80;-0.21;2.95;0.21;0.00;0.05;0.05;2.80;2.80;0.21;2.80;0.21;-0.00
201.00;-3.20;-0.30;3.37;0.30;0.00;0.06;0.05;3.20;3.20;0.30;3.20;0.30;-0.00
202.00;-0.80;-0.29;0.84;0.29;0.00;0.02;0.05;0.80;0.80;0.29;0.80;0.29;-0.00
203.00;-3.20;-0.32;3.37;0.32;0.00;0.06;0.05;3.20;3.20;0.32;3.20;0.32;-0.00
204.00;-3.20;-0.24;3.37;0.24;0.00;0.06;0.05;3.20;3.20;0.24;3.20;0.24;-0.00
205.00;-3.20;-0.27;3.37;0.27;0.00;0.06;0.05;3.20;3.20;0.27;3.20;0.27;-0.00
206.00;-0.80;-0.21;0.84;0.21;0.00;0.02;0.05;0.80;0.80;0.21;0.80;0.21;-0.00
207.00;-3.60;-0.22;3.79;0.22;0.00;0.07;0.05;3.60;3.60;0.22;3.60;0.22;-0.00
208.00;-3.60;-0.21;3.79;0.21;0.00;0.07;0.05;3.60;3.60;0.21;3.60;0.21;-0.00
209.00;-3.20;-0.31;3.37;0.31;0.00;0.06;0.05;3.20;3.20;0.31;3.20;0.31;-0.00
210.00;-0.80;-0.29;0.84;0.29;0.00;0.02;0.05;0.80;0.80;0.29;0.80;0.29;-0.00
211.00;-2.80;-0.32;2.95;0.32;0.00;0.05;0.05;2.80;2.80;0.32;2.80;0.32;-0.00
212.00;-3.20;-0.23;3.37;0.23;0.00;0.06;0.05;3.20;3.20;0.23;3.20;0.23;-0.00
213.00;-2.80;-0.20;2.95;0.20;0.00;0.05;0.05;2.80;2.80;0.20;2.80;0.20;-0.00
214.00;-0.80;-0.94;0.84;0.94;0.00;0.03;0.05;0.80;0.80;0.94;0.80;0.94;-0.00
215.00;-4.00;-0.37;4.21;0.37;0.00;0.08;0.05;4.00;4.00;0.37;4.00;0.37;-0.00
216.00;-5.20;-0.38;5.47;0.38;0.00;0.10;0.05;5.20;5.20;0.38;5.20;0.38;-0.00
217.00;-3.60;-0.86;3.79;0.86;0.00;0.08;0.05;3.60;3.60;0.86;3.60;0.86;-0.00
218.00;-0.80;-0.71;0.84;0.71;0.00;0.02;0.05;0.80;0.80;0.71;0.80;0.71;-0.00
219.00;-3.60;-0.33;3.79;0.33;0.00;0.07;0.05;3.60;3.60;0.33;3.60;0.33;-0.00
220.00;-3.60;-0.30;3.79;0.30;0.00;0.07;0.05;3.60;3.60;0.30;3.60;0.30;-0.00
221.00;-5.60;-0.31;5.89;0.31;0.00;0.10;0.05;5.60;5.60;0.31;5.60;0.31;-0.00
222.00;-0.80;-0.36;0.84;0.36;0.00;0.02;0.05;0.80;0.80;0.36;0.80;0.36;-0.00
223.00;-2.00;-0.29;2.11;0.29;0.00;0.04;0.05;2.00;2.00;0.29;2.00;0.29;-0.00
224.00;-2.00;-0.43;2.11;0.43;0.00;0.04;0.05;2.00;2.00;0.43;2.00;0.43;-0.00
225.00;-1.60;-0.94;1.68;0.94;0.00;0.04;0.05;1.60;1.60;0.94;1.60;0.94;-0.00
226.00;-0.80;-0.33;0.84;0.33;0.00;0.02;0.05;0.80;0.80;0.33;0.80;0.33;-0.00
227.00;-2.40;-0.31;2.53;0.31;0.00;0.05;0.05;2.40;2.40;0.31;2.40;0.31;-0.00
228.00;-2.80;-0.30;2.95;0.30;0.00;0.05;0.05;2.80;2.80;0.30;2.80;0.30;-0.00
229.00;-1.60;-0.29;1.68;0.29;0.00;0.03;0.05;1.60;1.60;0.29;1.60;0.29;-0.00
230.00;-0.80;-0.27;0.84;0.27;0.00;0.02;0.05;0.80;0.80;0.27;0.80;0.27;-0.00
231.00;-2.00;-0.82;2.11;0.82;0.00;0.05;0.05;2.00;2.00;0.82;2.00;0.82;-0.00
232.00;-2.40;-0.42;2.53;0.42;0.00;0.05;0.05;2.40;2.40;0.42;2.40;0.42;-0.00
233.00;-2.00;-1.34;2.11;1.34;0.00;0.05;0.05;2.00;2.00;1.34;2.00;1.34;-0.00
234.00;-0.80;-1.47;0.84;1.47;0.00;0.03;0.05;0.80;0.80;1.47;0.80;1.47;-0.00
235.00;-2.40;-0.34;2.53;0.34;0.00;0.05;0.05;2.40;2.40;0.34;2.40;0.34;-0.00
236.00;-5.20;-0.44;5.47;0.44;0.00;0.10;0.05;5.20;5.20;0.44;5.20;0.44;-0.00
237.00;-0.40;-0.33;0.42;0.33;0.00;0.02;0.11;0.40;0.40;0.33;0.40;0.33;-0.00
238.00;-2.00;-0.29;2.11;0.29;0.00;0.05;0.18;2.00;2.00;0.29;2.00;0.29;-0.00
239.00;-3.20;-1.47;3.37;1.47;0.00;0.14;0.24;3.20;3.20;1.47;3.20;1.47;-0.00
240.00;0.00;-2.04;0.00;2.04;0.00;0.15;0.30;-0.00;0.00;2.04;0.00;2.04;-0.00
241.00;-2.80;-0.94;2.95;0.94;0.00;0.12;0.30;2.80;2.80;0.94;2.80;0.94;-0.00
242.00;-2.40;-0.33;2.53;0.33;0.00;0.07;0.30;2.40;2.40;0.33;2.40;0.33;-0.00
243.00;-1.60;-0.30;1.68;0.30;0.00;0.05;0.30;1.60;1.60;0.30;1.60;0.30;-0.00
244.00;-3.60;-0.34;3.79;0.34;0.00;0.09;0.30;3.60;3.60;0.34;3.60;0.34;-0.00
245.00;-3.20;-0.39;3.37;0.39;0.00;0.09;0.30;3.20;3.20;0.39;3.20;0.39;-0.00
246.00;-1.60;-0.35;1.68;0.35;0.00;0.05;0.30;1.60;1.60;0.35;1.60;0.35;-0.00
247.00;-0.40;-0.35;0.42;0.35;0.00;0.03;0.30;0.40;0.40;0.35;0.40;0.35;-0.00
248.00;-1.60;-0.46;1.68;0.46;0.00;0.06;0.30;1.60;1.60;0.46;1.60;0.46;-0.00
249.00;-1.20;-0.54;1.26;0.54;0.00;0.06;0.30;1.20;1.20;0.54;1.20;0.54;-0.00
250.00;-0.80;-0.52;0.84;0.52;0.00;0.05;0.30;0.80;0.80;0.52;0.80;0.52;-0.00
251.00;-2.00;-0.41;2.11;0.41;0.00;0.07;0.30;2.00;2.00;0.41;2.00;0.41;-0.00
252.00;-2.00;-0.42;2.11;0.42;0.00;0.07;0.30;2.00;2.00;0.42;2.00;0.42;-0.00
253.00;-1.20;-0.24;1.26;0.24;0.00;0.04;0.30;1.20;1.20;0.24;1.20;0.24;-0.00
254.00;-1.20;-0.27;1.26;0.27;0.00;0.04;0.30;1.20;1.20;0.27;1.20;0.27;-0.00
255.00;-2.00;-0.33;2.11;0.33;0.00;0.06;0.30;2.00;2.00;0.33;2.00;0.33;-0.00
256.00;-1.60;-0.60;1.68;0.60;0.00;0.07;0.30;1.60;1.60;0.60;1.60;0.60;-0.00
257.00;-1.60;-0.36;1.68;0.36;0.00;0.06;0.30;1.60;1.60;0.36;1.60;0.36;-0.00
258.00;-0.80;-0.50;0.84;0.50;0.00;0.05;0.30;0.80;0.80;0.50;0.80;0.50;-0.00
259.00;-2.00;-0.37;2.11;0.37;0.00;0.06;0.30;2.00;2.00;0.37;2.00;0.37;-0.00
260.00;-2.00;-0.28;2.11;0.28;0.00;0.06;0.30;2.00;2.00;0.28;2.00;0.28;-0.00
261.00;-1.60;-0.41;1.68;0.41;0.00;0.06;0.30;1.60;1.60;0.41;1.60;0.41;-0.00
262.00;-1.20;-0.44;1.26;0.44;0.00;0.05;0.30;1.20;1.20;0.44;1.20;0.44;-0.00
263.00;-2.00;-0.42;2.11;0.42;0.00;0.07;0.30;2.00;2.00;0.42;2.00;0.42;-0.00
264.00;-2.00;-0.39;2.11;0.39;0.00;0.07;0.30;2.00;2.00;0.39;2.00;0.39;-0.00
265.00;-1.20;-0.39;1.26;0.39;0.00;0.05;0.30;1.20;1.20;0.39;1.20;0.39;-0.00
266.00;-1.20;-0.39;1.26;0.39;0.00;0.05;0.30;1.20;1.20;0.39;1.20;0.39;-0.00
267.00;-2.00;-0.46;2.11;0.46;0.00;0.07;0.30;2.00;2.00;0.46;2.00;0.46;-0.00
268.00;-2.00;-2.72;2.11;2.72;0.00;0.24;0.30;2.00;2.00;2.72;2.00;2.72;-0.00
269.00;-6.40;-1.50;6.74;1.50;0.00;0.23;0.30;6.40;6.40;1.50;6.40;1.50;-0.00
270.00;-1.60;-0.95;1.68;0.95;0.00;0.10;0.30;1.60;1.60;0.95;1.60;0.95;-0.00
271.00;-2.40;-1.17;2.53;1.17;0.00;0.13;0.30;2.40;2.40;1.17;2.40;1.17;-0.00
272.00;-2.00;-1.16;2.11;1.16;0.00;0.12;0.30;2.00;2.00;1.16;2.00;1.16;-0.00
273.00;-1.20;-1.18;1.26;1.18;0.00;0.11;0.30;1.20;1.20;1.18;1.20;1.18;-0.00
274.00;-1.20;-1.17;1.26;1.17;0.00;0.11;0.30;1.20;1.20;1.17;1.20;1.17;-0.00
275.00;-2.40;-1.10;2.53;1.10;0.00;0.13;0.30;2.40;2.40;1.10;2.40;1.10;-0.00
276.00;-2.00;-1.10;2.11;1.10;0.00;0.12;0.30;2.00;2.00;1.10;2.00;1.10;-0.00
277.00;-0.80;-1.23;0.84;1.23;0.00;0.11;0.30;0.80;0.80;1.23;0.80;1.23;-0.00
278.00;-2.80;-1.18;2.95;1.18;0.00;0.14;0.30;2.80;2.80;1.18;2.80;1.18;-0.00
279.00;-2.40;-1.19;2.53;1.19;0.00;0.13;0.30;2.40;2.40;1.19;2.40;1.19;-0.00
280.00;-1.60;-1.27;1.68;1.27;0.00;0.12;0.30;1.60;1.60;1.27;1.60;1.27;-0.00
281.00;-0.80;-1.25;0.84;1.25;0.00;0.11;0.30;0.80;0.80;1.25;0.80;1.25;-0.00
282.00;-2.80;-1.20;2.95;1.20;0.00;0.14;0.30;2.80;2.80;1.20;2.80;1.20;-0.00
283.00;-2.40;-1.05;2.53;1.05;0.00;0.12;0.30;2.40;2.40;1.05;2.40;1.05;-0.00
284.00;-2.00;-1.02;2.11;1.02;0.00;0.11;0.30;2.00;2.00;1.02;2.00;1.02;-0.00
285.00;-0.80;-1.14;0.84;1.14;0.00;0.08;0.24;0.80;0.80;1.14;0.80;1.14;-0.00
286.00;-3.20;-0.83;3.37;0.83;0.00;0.09;0.18;3.20;3.20;0.83;3.20;0.83;-0.00
287.00;-2.40;-0.93;2.53;0.93;0.00;0.07;0.11;2.40;2.40;0.93;2.40;0.93;-0.00
288.00;-2.80;-0.20;2.95;0.20;0.00;0.05;0.05;2.80;2.80;0.20;2.80;0.20;-0.00
289.00;-2.00;-0.28;2.11;0.28;0.00;0.04;0.05;2.00;2.00;0.28;2.00;0.28;-0.00
290.00;-0.80;-0.29;0.84;0.29;0.00;0.02;0.05;0.80;0.80;0.29;0.80;0.29;-0.00
291.00;-3.60;-0.32;3.79;0.32;0.00;0.07;0.05;3.60;3.60;0.32;3.60;0.32;-0.00
292.00;-3.20;-0.26;3.37;0.26;0.00;0.06;0.05;3.20;3.20;0.26;3.20;0.26;-0.00
293.00;-2.00;-0.19;2.11;0.19;0.00;0.04;0.05;2.00;2.00;0.19;2.00;0.19;-0.00
294.00;-0.80;-0.19;0.84;0.19;0.00;0.02;0.05;0.80;0.80;0.19;0.80;0.19;-0.00
295.00;-3.60;-0.21;3.79;0.21;0.00;0.07;0.05;3.60;3.60;0.21;3.60;0.21;-0.00
296.00;-2.80;-0.21;2.95;0.21;0.00;0.05;0.05;2.80;2.80;0.21;2.80;0.21;-0.00
297.00;-3.20;-0.30;3.37;0.30;0.00;0.06;0.05;3.20;3.20;0.30;3.20;0.30;-0.00
298.00;-0.80;-0.29;0.84;0.29;0.00;0.02;0.05;0.80;0.80;0.29;0.80;0.29;-0.00
299.00;-3.20;-0.32;3.37;0.32;0.00;0.06;0.05;3.20;3.20;0.32;3.20;0.32;-0.00
300.00;-3.20;-0.24;3.37;0.24;0.00;0.06;0.05;3.20;3.20;0.24;3.20;0.24;-0.00
301.00;-3.20;-0.27;3.37;0.27;0.00;0.06;0.05;3.20;3.20;0.27;3.20;0.27;-0.00
302.00;-0.80;-0.21;0.84;0.21;0.00;0.02;0.05;0.80;0.80;0.21;0.80;0.21;-0.00
303.00;-3.60;-0.22;3.79;0.22;0.00;0.07;0.05;3.60;3.60;0.22;3.60;0.22;-0.00
304.00;-3.60;-0.21;3.79;0.21;0.00;0.07;0.05;3.60;3.60;0.21;3.60;0.21;-0.00
305.00;-3.20;-0.31;3.37;0.31;0.00;0.06;0.05;3.20;3.20;0.31;3.20;0.31;-0.00
306.00;-0.80;-0.29;0.84;0.29;0.00;0.02;0.05;0.80;0.80;0.29;0.80;0.29;-0.00
307.00;-2.80;-0.32;2.95;0.32;0.00;0.05;0.05;2.80;2.80;0.32;2.80;0.32;-0.00
308.00;-3.20;-0.23;3.37;0.23;0.00;0.06;0.05;3.20;3.20;0.23;3.20;0.23;-0.00
309.00;-2.80;-0.20;2.95;0.20;0.00;0.05;0.05;2.80;2.80;0.20;2.80;0.20;-0.00
310.00;-0.80;-0.94;0.84;0.94;0.00;0.03;0.05;0.80;0.80;0.94;0.80;0.94;-0.00
311.00;-4.00;-0.37;4.21;0.37;0.00;0.08;0.05;4.00;4.00;0.37;4.00;0.37;-0.00
312.00;-5.20;-0.38;5.47;0.38;0.00;0.10;0.05;5.20;5.20;0.38;5.20;0.38;-0.00
313.00;-3.60;-0.86;3.79;0.86;0.00;0.08;0.05;3.60;3.60;0.86;3.60;0.86;-0.00
314.00;-0.80;-0.71;0.84;0.71;0.00;0.02;0.05;0.80;0.80;0.71;0.80;0.71;-0.00
315.00;-3.60;-0.33;3.79;0.33;0.00;0.07;0.05;3.60;3.60;0.33;3.60;0.33;-0.00
316.00;-3.60;-0.30;3.79;0.30;0.00;0.07;0.05;3.60;3.60;0.30;3.60;0.30;-0.00
317.00;-5.60;-0.31;5.89;0.31;0.00;0.10;0.05;5.60;5.60;0.31;5.60;0.31;-0.00
318.00;-0.80;-0.36;0.84;0.36;0.00;0.02;0.05;0.80;0.80;0.36;0.80;0.36;-0.00
319.00;-2.00;-0.29;2.11;0.29;0.00;0.04;0.05;2.00;2.00;0.29;2.00;0.29;-0.00
320.00;-2.00;-0.43;2.11;0.43;0.00;0.04;0.05;2.00;2.00;0.43;2.00;0.43;-0.00
321.00;-1.60;-0.94;1.68;0.94;0.00;0.04;0.05;1.60;1.60;0.94;1.60;0.94;-0.00
322.00;-0.80;-0.33;0.84;0.33;0.00;0.02;0.05;0.80;0.80;0.33;0.80;0.33;-0.00
323.00;-2.40;-0.31;2.53;0.31;0.00;0.05;0.05;2.40;2.40;0.31;2.40;0.31;-0.00
324.00;-2.80;-0.30;2.95;0.30;0.00;0.05;0.05;2.80;2.80;0.30;2.80;0.30;-0.00
325.00;-1.60;-0.29;1.68;0.29;0.00;0.03;0.05;1.60;1.60;0.29;1.60;0.29;-0.00
326.00;-0.80;-0.27;0.84;0.27;0.00;0.02;0.05;0.80;0.80;0.27;0.80;0.27;-0.00
327.00;-2.00;-0.82;2.11;0.82;0.00;0.05;0.05;2.00;2.00;0.82;2.00;0.82;-0.00
328.00;-2.40;-0.42;2.53;0.42;0.00;0.05;0.05;2.40;2.40;0.42;2.40;0.42;-0.00
329.00;-2.00;-1.34;2.11;1.34;0.00;0.05;0.05;2.00;2.00;1.34;2.00;1.34;-0.00
330.00;-0.80;-1.47;0.84;1.47;0.00;0.03;0.05;0.80;0.80;1.47;0.80;1.47;-0.00
331.00;-2.40;-0.34;2.53;0.34;0.00;0.05;0.05;2.40;2.40;0.34;2.40;0.34;-0.00
332.00;-5.20;-0.44;5.47;0.44;0.00;0.10;0.05;5.20;5.20;0.44;5.20;0.44;-0.00
333.00;-0.40;-0.33;0.42;0.33;0.00;0.02;0.11;0.40;0.40;0.33;0.40;0.33;-0.00
334.00;-2.00;-0.29;2.11;0.29;0.00;0.05;0.18;2.00;2.00;0.29;2.00;0.29;-0.00
335.00;-3.20;-1.47;3.37;1.47;0.00;0.14;0.24;3.20;3.20;1.47;3.20;1.47;-0.00
336.00;0.00;-2.04;0.00;2.04;0.00;0.15;0.30;-0.00;0.00;2.04;0.00;2.04;-0.00
337.00;-2.80;-0.94;2.95;0.94;0.00;0.12;0.30;2.80;2.80;0.94;2.80;0.94;-0.00
338.00;-2.40;-0.33;2.53;0.33;0.00;0.07;0.30;2.40;2.40;0.33;2.40;0.33;-0.00
339.00;-1.60;-0.30;1.68;0.30;0.00;0.05;0.30;1.60;1.60;0.30;1.60;0.30;-0.00
340.00;-3.60;-0.34;3.79;0.34;0.00;0.09;0.30;3.60;3.60;0.34;3.60;0.34;-0.00
341.00;-3.20;-0.39;3.37;0.39;0.00;0.09;0.30;3.20;3.20;0.39;3.20;0.39;-0.00
342.00;-1.60;-0.35;1.68;0.35;0.00;0.05;0.30;1.60;1.60;0.35;1.60;0.35;-0.00
343.00;-0.40;-0.35;0.42;0.35;0.00;0.03;0.30;0.40;0.40;0.35;0.40;0.35;-0.00
344.00;-1.60;-0.46;1.68;0.46;0.00;0.06;0.30;1.60;1.60;0.46;1.60;0.46;-0.00
345.00;-1.20;-0.54;1.26;0.54;0.00;0.06;0.30;1.20;1.20;0.54;1.20;0.54;-0.00
346.00;-0.80;-0.52;0.84;0.52;0.00;0.05;0.30;0.80;0.80;0.52;0.80;0.52;-0.00
347.00;-2.00;-0.41;2.11;0.41;0.00;0.07;0.30;2.00;2.00;0.41;2.00;0.41;-0.00
348.00;-2.00;-0.42;2.11;0.42;0.00;0.07;0.30;2.00;2.00;0.42;2.00;0.42;-0.00
349.00;-1.20;-0.24;1.26;0.24;0.00;0.04;0.30;1.20;1.20;0.24;1.20;0.24;-0.00
350.00;-1.20;-0.27;1.26;0.27;0.00;0.04;0.30;1.20;1.20;0.27;1.20;0.27;-0.00
351.00;-2.00;-0.33;2.11;0.33;0.00;0.06;0.30;2.00;2.00;0.33;2.00;0.33;-0.00
352.00;-1.60;-0.60;1.68;0.60;0.00;0.07;0.30;1.60;1.60;0.60;1.60;0.60;-0.00
353.00;-1.60;-0.36;1.68;0.36;0.00;0.06;0.30;1.60;1.60;0.36;1.60;0.36;-0.00
354.00;-0.80;-0.50;0.84;0.50;0.00;0.05;0.30;0.80;0.80;0.50;0.80;0.50;-0.00
355.00;-2.00;-0.37;2.11;0.37;0.00;0.06;0.30;2.00;2.00;0.37;2.00;0.37;-0.00
356.00;-2.00;-0.28;2.11;0.28;0.00;0.06;0.30;2.00;2.00;0.28;2.00;0.28;-0.00
357.00;-1.60;-0.41;1.68;0.41;0.00;0.06;0.30;1.60;1.60;0.41;1.60;0.41;-0.00
358.00;-1.20;-0.44;1.26;0.44;0.00;0.05;0.30;1.20;1.20;0.44;1.20;0.44;-0.00
359.00;-2.00;-0.42;2.11;0.42;0.00;0.07;0.30;2.00;2.00;0.42;2.00;0.42;-0.00
360.00;-2.00;-0.39;2.11;0.39;0.00;0.07;0.30;2.00;2.00;0.39;2.00;0.39;-0.00
361.00;-1.20;-0.39;1.26;0.39;0.00;0.05;0.30;1.20;1.20;0.39;1.20;0.39;-0.00
362.00;-1.20;-0.39;1.26;0.39;0.00;0.05;0.30;1.20;1.20;0.39;1.20;0.39;-0.00
363.00;-2.00;-0.46;2.11;0.46;0.00;0.07;0.30;2.00;2.00;0.46;2.00;0.46;-0.00
364.00;-2.00;-2.72;2.11;2.72;0.00;0.24;0.30;2.00;2.00;2.72;2.00;2.72;-0.00
365.00;-6.40;-1.50;6.74;1.50;0.00;0.23;0.30;6.40;6.40;1.50;6.40;1.50;-0.00
366.00;-1.60;-0.95;1.68;0.95;0.00;0.10;0.30;1.60;1.60;0.95;1.60;0.95;-0.00
367.00;-2.40;-1.17;2.53;1.17;0.00;0.13;0.30;2.40;2.40;1.17;2.40;1.17;-0.00
368.00;-2.00;-1.16;2.11;1.16;0.00;0.12;0.30;2.00;2.00;1.16;2.00;1.16;-0.00
369.00;-1.20;-1.18;1.26;1.18;0.00;0.11;0.30;1.20;1.20;1.18;1.20;1.18;-0.00
370.00;-1.20;-1.17;1.26;1.17;0.00;0.11;0.30;1.20;1.20;1.17;1.20;1.17;-0.00
371.00;-2.40;-1.10;2.53;1.10;0.00;0.13;0.30;2.40;2.40;1.10;2.40;1.10;-0.00
372.00;-2.00;-1.10;2.11;1.10;0.00;0.12;0.30;2.00;2.00;1.10;2.00;1.10;-0.00
373.00;-0.80;-1.23;0.84;1.23;0.00;0.11;0.30;0.80;0.80;1.23;0.80;1.23;-0.00
374.00;-2.80;-1.18;2.95;1.18;0.00;0.14;0.30;2.80;2.80;1.18;2.80;1.18;-0.00
375.00;-2.40;-1.19;2.53;1.19;0.00;0.13;0.30;2.40;2.40;1.19;2.40;1.19;-0.00
376.00;-1.60;-1.27;1.68;1.27;0.00;0.12;0.30;1.60;1.60;1.27;1.60;1.27;-0.00
377.00;-0.80;-1.25;0.84;1.25;0.00;0.11;0.30;0.80;0.80;1.25;0.80;1.25;-0.00
378.00;-2.80;-1.20;2.95;1.20;0.00;0.14;0.30;2.80;2.80;1.20;2.80;1.20;-0.00
379.00;-2.40;-1.05;2.53;1.05;0.00;0.12;0.30;2.40;2.40;1.05;2.40;1.05;-0.00
380.00;-2.00;-1.02;2.11;1.02;0.00;0.11;0.30;2.00;2.00;1.02;2.00;1.02;-0.00
381.00;-0.80;-1.14;0.84;1.14;0.00;0.08;0.24;0.80;0.80;1.14;0.80;1.14;-0.00
382.00;-3.20;-0.83;3.37;0.83;0.00;0.09;0.18;3.20;3.20;0.83;3.20;0.83;-0.00
383.00;-2.40;-0.93;2.53;0.93;0.00;0.07;0.11;2.40;2.40;0.93;2.40;0.93;-0.00
384.00;-2.80;-0.20;2.95;0.20;0.00;0.05;0.05;2.80;2.80;0.20;2.80;0.20;-0.00
385.00;-2.00;-0.28;2.11;0.28;0.00;0.04;0.05;2.00;2.00;0.28;2.00;0.28;-0.00
386.00;-0.80;-0.29;0.84;0.29;0.00;0.02;0.05;0.80;0.80;0.29;0.80;0.29;-0.00
387.00;-3.60;-0.32;3.79;0.32;0.00;0.07;0.05;3.60;3.60;0.32;3.60;0.32;-0.00
388.00;-3.20;-0.26;3.37;0.26;0.00;0.06;0.05;3.20;3.20;0.26;3.20;0.26;-0.00
389.00;-2.00;-0.19;2.11;0.19;0.00;0.04;0.05;2.00;2.00;0.19;2.00;0.19;-0.00
390.00;-0.80;-0.19;0.84;0.19;0.00;0.02;0.05;0.80;0.80;0.19;0.80;0.19;-0.00
391.00;-3.60;-0.21;3.79;0.21;0.00;0.07;0.05;3.60;3.60;0.21;3.60;0.21;-0.00
392.00;-2.80;-0.21;2.95;0.21;0.00;0.05;0.05;2.80;2.80;0.21;2.80;0.21;-0.00
393.00;-3.20;-0.30;3.37;0.30;0.00;0.06;0.05;3.20;3.20;0.30;3.20;0.30;-0.00
394.00;-0.80;-0.29;0.84;0.29;0.00;0.02;0.05;0.80;0.80;0.29;0.80;0.29;-0.00
395.00;-3.20;-0.32;3.37;0.32;0.00;0.06;0.05;3.20;3.20;0.32;3.20;0.32;-0.00
396.00;-3.20;-0.24;3.37;0.24;0.00;0.06;0.05;3.20;3.20;0.24;3.20;0.24;-0.00
397.00;-3.20;-0.27;3.37;0.27;0.00;0.06;0.05;3.20;3.20;0.27;3.20;0.27;-0.00
398.00;-0.80;-0.21;0.84;0.21;0.00;0.02;0.05;0.80;0.80;0.21;0.80;0.21;-0.00
399.00;-3.60;-0.22;3.79;0.22;0.00;0.07;0.05;3.60;3.60;0.22;3.60;0.22;-0.00
400.00;-3.60;-0.21;3.79;0.21;0.00;0.07;0.05;3.60;3.60;0.21;3.60;0.21;-0.00
401.00;-3.20;-0.31;3.37;0.31;0.00;0.06;0.05;3.20;3.20;0.31;3.20;0.31;-0.00
402.00;-0.80;-0.29;0.84;0.29;0.00;0.02;0.05;0.80;0.80;0.29;0.80;0.29;-0.00
403.00;-2.80;-0.32;2.95;0.32;0.00;0.05;0.05;2.80;2.80;0.32;2.80;0.32;-0.00
404.00;-3.20;-0.23;3.37;0.23;0.00;0.06;0.05;3.20;3.20;0.23;3.20;0.23;-0.00
405.00;-2.80;-0.20;2.95;0.20;0.00;0.05;0.05;2.80;2.80;0.20;2.80;0.20;-0.00
406.00;-0.80;-0.94;0.84;0.94;0.00;0.03;0.05;0.80;0.80;0.94;0.80;0.94;-0.00
407.00;-4.00;-0.37;4.21;0.37;0.00;0.08;0.05;4.00;4.00;0.37;4.00;0.37;-0.00
408.00;-5.20;-0.38;5.47;0.38;0.00;0.10;0.05;5.20;5.20;0.38;5.20;0.38;-0.00
409.00;-3.60;-0.86;3.79;0.86;0.00;0.08;0.05;3.60;3.60;0.86;3.60;0.86;-0.00
410.00;-0.80;-0.71;0.84;0.71;0.00;0.02;0.05;0.80;0.80;0.71;0.80;0.71;-0.00
411.00;-3.60;-0.33;3.79;0.33;0.00;0.07;0.05;3.60;3.60;0.33;3.60;0.33;-0.00
412.00;-3.60;-0.30;3.79;0.30;0.00;0.07;0.05;3.60;3.60;0.30;3.60;0.30;-0.00
413.00;-5.60;-0.31;5.89;0.31;0.00;0.10;0.05;5.60;5.60;0.31;5.60;0.31;-0.00
414.00;-0.80;-0.36;0.84;0.36;0.00;0.02;0.05;0.80;0.80;0.36;0.80;0.36;-0.00
415.00;-2.00;-0.29;2.11;0.29;0.00;0.04;0.05;2.00;2.00;0.29;2.00;0.29;-0.00
416.00;-2.00;-0.43;2.11;0.43;0.00;0.04;0.05;2.00;2.00;0.43;2.00;0.43;-0.00
417.00;-1.60;-0.94;1.68;0.94;0.00;0.04;0.05;1.60;1.60;0.94;1.60;0.94;-0.00
418.00;-0.80;-0.33;0.84;0.33;0.00;0.02;0.05;0.80;0.80;0.33;0.80;0.33;-0.00
419.00;-2.40;-0.31;2.53;0.31;0.00;0.05;0.05;2.40;2.40;0.31;2.40;0.31;-0.00
420.00;-2.80;-0.30;2.95;0.30;0.00;0.05;0.05;2.80;2.80;0.30;2.80;0.30;-0.00
421.00;-1.60;-0.29;1.68;0.29;0.00;0.03;0.05;1.60;1.60;0.29;1.60;0.29;-0.00
422.00;-0.80;-0.27;0.84;0.27;0.00;0.02;0.05;0.80;0.80;0.27;0.80;0.27;-0.00
423.00;-2.00;-0.82;2.11;0.82;0.00;0.05;0.05;2.00;2.00;0.82;2.00;0.82;-0.00
424.00;-2.40;-0.42;2.53;0.42;0.00;0.05;0.05;2.40;2.40;0.42;2.40;0.42;-0.00
425.00;-2.00;-1.34;2.11;1.34;0.00;0.05;0.05;2.00;2.00;1.34;2.00;1.34;-0.00
426.00;-0.80;-1.47;0.84;1.47;0.00;0.03;0.05;0.80;0.80;1.47;0.80;1.47;-0.00
427.00;-2.40;-0.34;2.53;0.34;0.00;0.05;0.05;2.40;2.40;0.34;2.40;0.34;-0.00
428.00;-5.20;-0.44;5.47;0.44;0.00;0.10;0.05;5.20;5.20;0.44;5.20;0.44;-0.00
429.00;-0.40;-0.33;0.42;0.33;0.00;0.02;0.11;0.40;0.40;0.33;0.40;0.33;-0.00
430.00;-2.00;-0.29;2.11;0.29;0.00;0.05;0.18;2.00;2.00;0.29;2.00;0.29;-0.00
431.00;-3.20;-1.47;3.37;1.47;0.00;0.14;0.24;3.20;3.20;1.47;3.20;1.47;-0.00
432.00;0.00;-2.04;0.00;2.04;0.00;0.15;0.30;-0.00;0.00;2.04;0.00;2.04;-0.00
433.00;-2.80;-0.94;2.95;0.94;0.00;0.12;0.30;2.80;2.80;0.94;2.80;0.94;-0.00
434.00;-2.40;-0.33;2.53;0.33;0.00;0.07;0.30;2.40;2.40;0.33;2.40;0.33;-0.00
435.00;-1.60;-0.30;1.68;0.30;0.00;0.05;0.30;1.60;1.60;0.30;1.60;0.30;-0.00
436.00;-3.60;-0.34;3.79;0.34;0.00;0.09;0.30;3.60;3.60;0.34;3.60;0.34;-0.00
437.00;-3.20;-0.39;3.37;0.39;0.00;0.09;0.30;3.20;3.20;0.39;3.20;0.39;-0.00
438.00;-1.60;-0.35;1.68;0.35;0.00;0.05;0.30;1.60;1.60;0.35;1.60;0.35;-0.00
439.00;-0.40;-0.35;0.42;0.35;0.00;0.03;0.30;0.40;0.40;0.35;0.40;0.35;-0.00
440.00;-1.60;-0.46;1.68;0.46;0.00;0.06;0.30;1.60;1.60;0.46;1.60;0.46;-0.00
441.00;-1.20;-0.54;1.26;0.54;0.00;0.06;0.30;1.20;1.20;0.54;1.20;0.54;-0.00
442.00;-0.80;-0.52;0.84;0.52;0.00;0.05;0.30;0.80;0.80;0.52;0.80;0.52;-0.00
443.00;-2.00;-0.41;2.11;0.41;0.00;0.07;0.30;2.00;2.00;0.41;2.00;0.41;-0.00
444.00;-2.00;-0.42;2.11;0.42;0.00;0.07;0.30;2.00;2.00;0.42;2.00;0.42;-0.00
445.00;-1.20;-0.24;1.26;0.24;0.00;0.04;0.30;1.20;1.20;0.24;1.20;0.24;-0.00
446.00;-1.20;-0.27;1.26;0.27;0.00;0.04;0.30;1.20;1.20;0.27;1.20;0.27;-0.00
447.00;-2.00;-0.33;2.11;0.33;0.00;0.06;0.30;2.00;2.00;0.33;2.00;0.33;-0.00
448.00;-1.60;-0.60;1.68;0.60;0.00;0.07;0.30;1.60;1.60;0.60;1.60;0.60;-0.00
449.00;-1.60;-0.36;1.68;0.36;0.00;0.06;0.30;1.60;1.60;0.36;1.60;0.36;-0.00
450.00;-0.80;-0.50;0.84;0.50;0.00;0.05;0.30;0.80;0.80;0.50;0.80;0.50;-0.00
451.00;-2.00;-0.37;2.11;0.37;0.00;0.06;0.30;2.00;2.00;0.37;2.00;0.37;-0.00
452.00;-2.00;-0.28;2.11;0.28;0.00;0.06;0.30;2.00;2.00;0.28;2.00;0.28;-0.00
453.00;-1.60;-0.41;1.68;0.41;0.00;0.06;0.30;1.60;1.60;0.41;1.60;0.41;-0.00
454.00;-1.20;-0.44;1.26;0.44;0.00;0.05;0.30;1.20;1.20;0.44;1.20;0.44;-0.00
455.00;-2.00;-0.42;2.11;0.42;0.00;0.07;0.30;2.00;2.00;0.42;2.00;0.42;-0.00
456.00;-2.00;-0.39;2.11;0.39;0.00;0.07;0.30;2.00;2.00;0.39;2.00;0.39;-0.00
457.00;-1.20;-0.39;1.26;0.39;0.00;0.05;0.30;1.20;1.20;0.39;1.20;0.39;-0.00
458.00;-1.20;-0.39;1.26;0.39;0.00;0.05;0.30;1.20;1.20;0.39;1.20;0.39;-0.00
459.00;-2.00;-0.46;2.11;0.46;0.00;0.07;0.30;2.00;2.00;0.46;2.00;0.46;-0.00
460.00;-2.00;-2.72;2.11;2.72;0.00;0.24;0.30;2.00;2.00;2.72;2.00;2.72;-0.00
461.00;-6.40;-1.50;6.74;1.50;0.00;0.23;0.30;6.40;6.40;1.50;6.40;1.50;-0.00
462.00;-1.60;-0.95;1.68;0.95;0.00;0.10;0.30;1.60;1.60;0.95;1.60;0.95;-0.00
463.00;-2.40;-1.17;2.53;1.17;0.00;0.13;0.30;2.40;2.40;1.17;2.40;1.17;-0.00
464.00;-2.00;-1.16;2.11;1.16;0.00;0.12;0.30;2.00;2.00;1.16;2.00;1.16;-0.00
465.00;-1.20;-1.18;1.26;1.18;0.00;0.11;0.30;1.20;1.20;1.18;1.20;1.18;-0.00
466.00;-1.20;-1.17;1.26;1.17;0.00;0.11;0.30;1.20;1.20;1.17;1.20;1.17;-0.00
467.00;-2.40;-1.10;2.53;1.10;0.00;0.13;0.30;2.40;2.40;1.10;2.40;1.10;-0.00
468.00;-2.00;-1.10;2.11;1.10;0.00;0.12;0.30;2.00;2.00;1.10;2.00;1.10;-0.00
469.00;-0.80;-1.23;0.84;1.23;0.00;0.11;0.30;0.80;0.80;1.23;0.80;1.23;-0.00
470.00;-2.80;-1.18;2.95;1.18;0.00;0.14;0.30;2.80;2.80;1.18;2.80;1.18;-0.00
471.00;-2.40;-1.19;2.53;1.19;0.00;0.13;0.30;2.40;2.40;1.19;2.40;1.19;-0.00
472.00;-1.60;-1.27;1.68;1.27;0.00;0.12;0.30;1.60;1.60;1.27;1.60;1.27;-0.00
473.00;-0.80;-1.25;0.84;1.25;0.00;0.11;0.30;0.80;0.80;1.25;0.80;1.25;-0.00
474.00;-2.80;-1.20;2.95;1.20;0.00;0.14;0.30;2.80;2.80;1.20;2.80;1.20;-0.00
475.00;-2.40;-1.05;2.53;1.05;0.00;0.12;0.30;2.40;2.40;1.05;2.40;1.05;-0.00
476.00;-2.00;-1.02;2.11;1.02;0.00;0.11;0.30;2.00;2.00;1.02;2.00;1.02;-0.00
477.00;-0.80;-1.14;0.84;1.14;0.00;0.08;0.24;0.80;0.80;1.14;0.80;1.14;-0.00
478.00;-3.20;-0.83;3.37;0.83;0.00;0.09;0.18;3.20;3.20;0.83;3.20;0.83;-0.00
479.00;-2.40;-0.93;2.53;0.93;0.00;0.07;0.11;2.40;2.40;0.93;2.40;0.93;-0.00
480.00;-2.80;-0.20;2.95;0.20;0.00;0.05;0.05;2.80;2.80;0.20;2.80;0.20;-0.00
481.00;-2.00;-0.28;2.11;0.28;0.00;0.04;0.05;2.00;2.00;0.28;2.00;0.28;-0.00
482.00;-0.80;-0.29;0.84;0.29;0.00;0.02;0.05;0.80;0.80;0.29;0.80;0.29;-0.00
483.00;-3.60;-0.32;3.79;0.32;0.00;0.07;0.05;3.60;3.60;0.32;3.60;0.32;-0.00
484.00;-3.20;-0.26;3.37;0.26;0.00;0.06;0.05;3.20;3.20;0.26;3.20;0.26;-0.00
485.00;-2.00;-0.19;2.11;0.19;0.00;0.04;0.05;2.00;2.00;0.19;2.00;0.19;-0.00
486.00;-0.80;-0.19;0.84;0.19;0.00;0.02;0.05;0.80;0.80;0.19;0.80;0.19;-0.00
487.00;-3.60;-0.21;3.79;0.21;0.00;0.07;0.05;3.60;3.60;0.21;3.60;0.21;-0.00
488.00;-2.80;-0.21;2.95;0.21;0.00;0.05;0.05;2.80;2.80;0.21;2.80;0.21;-0.00
489.00;-3.20;-0.30;3.37;0.30;0.00;0.06;0.05;3.20;3.20;0.30;3.20;0.30;-0.00
490.00;-0.80;-0.29;0.84;0.29;0.00;0.02;0.05;0.80;0.80;0.29;0.80;0.29;-0.00
491.00;-3.20;-0.32;3.37;0.32;0.00;0.06;0.05;3.20;3.20;0.32;3.20;0.32;-0.00
492.00;-3.20;-0.24;3.37;0.24;0.00;0.06;0.05;3.20;3.20;0.24;3.20;0.24;-0.00
493.00;-3.20;-0.27;3.37;0.27;0.00;0.06;0.05;3.20;3.20;0.27;3.20;0.27;-0.00
494.00;-0.80;-0.21;0.84;0.21;0.00;0.02;0.05;0.80;0.80;0.21;0.80;0.21;-0.00
495.00;-3.60;-0.22;3.79;0.22;0.00;0.07;0.05;3.60;3.60;0.22;3.60;0.22;-0.00
496.00;-3.60;-0.21;3.79;0.21;0.00;0.07;0.05;3.60;3.60;0.21;3.60;0.21;-0.00
497.00;-3.20;-0.31;3.37;0.31;0.00;0.06;0.05;3.20;3.20;0.31;3.20;0.31;-0.00
498.00;-0.80;-0.29;0.84;0.29;0.00;0.02;0.05;0.80;0.80;0.29;0.80;0.29;-0.00
499.00;-2.80;-0.32;2.95;0.32;0.00;0.05;0.05;2.80;2.80;0.32;2.80;0.32;-0.00
500.00;-3.20;-0.23;3.37;0.23;0.00;0.06;0.05;3.20;3.20;0.23;3.20;0.23;-0.00
501.00;-2.80;-0.20;2.95;0.20;0.00;0.05;0.05;2.80;2.80;0.20;2.80;0.20;-0.00
502.00;-0.80;-0.94;0.84;0.94;0.00;0.03;0.05;0.80;0.80;0.94;0.80;0.94;-0.00
503.00;-4.00;-0.37;4.21;0.37;0.00;0.08;0.05;4.00;4.00;0.37;4.00;0.37;-0.00
504.00;-5.20;-0.38;5.47;0.38;0.00;0.10;0.05;5.20;5.20;0.38;5.20;0.38;-0.00
505.00;-3.60;-0.86;3.79;0.86;0.00;0.08;0.05;3.60;3.60;0.86;3.60;0.86;-0.00
506.00;-0.80;-0.71;0.84;0.71;0.00;0.02;0.05;0.80;0.80;0.71;0.80;0.71;-0.00
507.00;-3.60;-0.33;3.79;0.33;0.00;0.07;0.05;3.60;3.60;0.33;3.60;0.33;-0.00
508.00;-3.60;-0.30;3.79;0.30;0.00;0.07;0.05;3.60;3.60;0.30;3.60;0.30;-0.00
509.00;-5.60;-0.31;5.89;0.31;0.00;0.10;0.05;5.60;5.60;0.31;5.60;0.31;-0.00
510.00;-0.80;-0.36;0.84;0.36;0.00;0.02;0.05;0.80;0.80;0.36;0.80;0.36;-0.00
511.00;-2.00;-0.29;2.11;0.29;0.00;0.04;0.05;2.00;2.00;0.29;2.00;0.29;-0.00
512.00;-2.00;-0.43;2.11;0.43;0.00;0.04;0.05;2.00;2.00;0.43;2.00;0.43;-0.00
513.00;-1.60;-0.94;1.68;0.94;0.00;0.04;0.05;1.60;1.60;0.94;1.60;0.94;-0.00
514.00;-0.80;-0.33;0.84;0.33;0.00;0.02;0.05;0.80;0.80;0.33;0.80;0.33;-0.00
515.00;-2.40;-0.31;2.53;0.31;0.00;0.05;0.05;2.40;2.40;0.31;2.40;0.31;-0.00
516.00;-2.80;-0.30;2.95;0.30;0.00;0.05;0.05;2.80;2.80;0.30;2.80;0.30;-0.00
517.00;-1.60;-0.29;1.68;0.29;0.00;0.03;0.05;1.60;1.60;0.29;1.60;0.29;-0.00
518.00;-0.80;-0.27;0.84;0.27;0.00;0.02;0.05;0.80;0.80;0.27;0.80;0.27;-0.00
519.00;-2.00;-0.82;2.11;0.82;0.00;0.05;0.05;2.00;2.00;0.82;2.00;0.82;-0.00
520.00;-2.40;-0.42;2.53;0.42;0.00;0.05;0.05;2.40;2.40;0.42;2.40;0.42;-0.00
521.00;-2.00;-1.34;2.11;1.34;0.00;0.05;0.05;2.00;2.00;1.34;2.00;1.34;-0.00
522.00;-0.80;-1.47;0.84;1.47;0.00;0.03;0.05;0.80;0.80;1.47;0.80;1.47;-0.00
523.00;-2.40;-0.34;2.53;0.34;0.00;0.05;0.05;2.40;2.40;0.34;2.40;0.34;-0.00
524.00;-5.20;-0.44;5.47;0.44;0.00;0.10;0.05;5.20;5.20;0.44;5.20;0.44;-0.00
525.00;-0.40;-0.33;0.42;0.33;0.00;0.02;0.11;0.40;0.40;0.33;0.40;0.33;-0.00
526.00;-2.00;-0.29;2.11;0.29;0.00;0.05;0.18;2.00;2.00;0.29;2.00;0.29;-0.00
527.00;-3.20;-1.47;3.37;1.47;0.00;0.14;0.24;3.20;3.20;1.47;3.20;1.47;-0.00
528.00;0.00;-2.04;0.00;2.04;0.00;0.15;0.30;-0.00;0.00;2.04;0.00;2.04;-0.00
529.00;-2.80;-0.94;2.95;0.94;0.00;0.12;0.30;2.80;2.80;0.94;2.80;0.94;-0.00
530.00;-2.40;-0.33;2.53;0.33;0.00;0.07;0.30;2.40;2.40;0.33;2.40;0.33;-0.00
531.00;-1.60;-0.30;1.68;0.30;0.00;0.05;0.30;1.60;1.60;0.30;1.60;0.30;-0.00
532.00;-3.60;-0.34;3.79;0.34;0.00;0.09;0.30;3.60;3.60;0.34;3.60;0.34;-0.00
533.00;-3.20;-0.39;3.37;0.39;0.00;0.09;0.30;3.20;3.20;0.39;3.20;0.39;-0.00
534.00;-1.60;-0.35;1.68;0.35;0.00;0.05;0.30;1.60;1.60;0.35;1.60;0.35;-0.00
535.00;-0.40;-0.35;0.42;0.35;0.00;0.03;0.30;0.40;0.40;0.35;0.40;0.35;-0.00
536.00;-1.60;-0.46;1.68;0.46;0.00;0.06;0.30;1.60;1.60;0.46;1.60;0.46;-0.00
537.00;-1.20;-0.54;1.26;0.54;0.00;0.06;0.30;1.20;1.20;0.54;1.20;0.54;-0.00
538.00;-0.80;-0.52;0.84;0.52;0.00;0.05;0.30;0.80;0.80;0.52;0.80;0.52;-0.00
539.00;-2.00;-0.41;2.11;0.41;0.00;0.07;0.30;2.00;2.00;0.41;2.00;0.41;-0.00
540.00;-2.00;-0.42;2.11;0.42;0.00;0.07;0.30;2.00;2.00;0.42;2.00;0.42;-0.00
541.00;-1.20;-0.24;1.26;0.24;0.00;0.04;0.30;1.20;1.20;0.24;1.20;0.24;-0.00
542.00;-1.20;-0.27;1.26;0.27;0.00;0.04;0.30;1.20;1.20;0.27;1.20;0.27;-0.00
543.00;-2.00;-0.33;2.11;0.33;0.00;0.06;0.30;2.00;2.00;0.33;2.00;0.33;-0.00
544.00;-1.60;-0.60;1.68;0.60;0.00;0.07;0.30;1.60;1.60;0.60;1.60;0.60;-0.00
545.00;-1.60;-0.36;1.68;0.36;0.00;0.06;0.30;1.60;1.60;0.36;1.60;0.36;-0.00
546.00;-0.80;-0.50;0.84;0.50;0.00;0.05;0.30;0.80;0.80;0.50;0.80;0.50;-0.00
547.00;-2.00;-0.37;2.11;0.37;0.00;0.06;0.30;2.00;2.00;0.37;2.00;0.37;-0.00
548.00;-2.00;-0.28;2.11;0.28;0.00;0.06;0.30;2.00;2.00;0.28;2.00;0.28;-0.00
549.00;-1.60;-0.41;1.68;0.41;0.00;0.06;0.30;1.60;1.60;0.41;1.60;0.41;-0.00
550.00;-1.20;-0.44;1.26;0.44;0.00;0.05;0.30;1.20;1.20;0.44;1.20;0.44;-0.00
551.00;-2.00;-0.42;2.11;0.42;0.00;0.07;0.30;2.00;2.00;0.42;2.00;0.42;-0.00
552.00;-2.00;-0.39;2.11;0.39;0.00;0.07;0.30;2.00;2.00;0.39;2.00;0.39;-0.00
553.00;-1.20;-0.39;1.26;0.39;0.00;0.05;0.30;1.20;1.20;0.39;1.20;0.39;-0.00
554.00;-1.20;-0.39;1.26;0.39;0.00;0.05;0.30;1.20;1.20;0.39;1.20;0.39;-0.00
555.00;-2.00;-0.46;2.11;0.46;0.00;0.07;0.30;2.00;2.00;0.46;2.00;0.46;-0.00
556.00;-2.00;-2.72;2.11;2.72;0.00;0.24;0.30;2.00;2.00;2.72;2.00;2.72;-0.00
557.00;-6.40;-1.50;6.74;1.50;0.00;0.23;0.30;6.40;6.40;1.50;6.40;1.50;-0.00
558.00;-1.60;-0.95;1.68;0.95;0.00;0.10;0.30;1.60;1.60;0.95;1.60;0.95;-0.00
559.00;-2.40;-1.17;2.53;1.17;0.00;0.13;0.30;2.40;2.40;1.17;2.40;1.17;-0.00
560.00;-2.00;-1.16;2.11;1.16;0.00;0.12;0.30;2.00;2.00;1.16;2.00;1.16;-0.00
561.00;-1.20;-1.18;1.26;1.18;0.00;0.11;0.30;1.20;1.20;1.18;1.20;1.18;-0.00
562.00;-1.20;-1.17;1.26;1.17;0.00;0.11;0.30;1.20;1.20;1.17;1.20;1.17;-0.00
563.00;-2.40;-1.10;2.53;1.10;0.00;0.13;0.30;2.40;2.40;1.10;2.40;1.10;-0.00
564.00;-2.00;-1.10;2.11;1.10;0.00;0.12;0.30;2.00;2.00;1.10;2.00;1.10;-0.00
565.00;-0.80;-1.23;0.84;1.23;0.00;0.11;0.30;0.80;0.80;1.23;0.80;1.23;-0.00
566.00;-2.80;-1.18;2.95;1.18;0.00;0.14;0.30;2.80;2.80;1.18;2.80;1.18;-0.00
567.00;-2.40;-1.19;2.53;1.19;0.00;0.13;0.30;2.40;2.40;1.19;2.40;1.19;-0.00
568.00;-1.60;-1.27;1.68;1.27;0.00;0.12;0.30;1.60;1.60;1.27;1.60;1.27;-0.00
569.00;-0.80;-1.25;0.84;1.25;0.00;0.11;0.30;0.80;0.80;1.25;0.80;1.25;-0.00
570.00;-2.80;-1.20;2.95;1.20;0.00;0.14;0.30;2.80;2.80;1.20;2.80;1.20;-0.00
571.00;-2.40;-1.05;2.53;1.05;0.00;0.12;0.30;2.40;2.40;1.05;2.40;1.05;-0.00
572.00;-2.00;-1.02;2.11;1.02;0.00;0.11;0.30;2.00;2.00;1.02;2.00;1.02;-0.00
573.00;-0.80;-1.14;0.84;1.14;0.00;0.08;0.24;0.80;0.80;1.14;0.80;1.14;-0.00
574.00;-3.20;-0.83;3.37;0.83;0.00;0.09;0.18;3.20;3.20;0.83;3.20;0.83;-0.00
575.00;-2.40;-0.93;2.53;0.93;0.00;0.07;0.11;2.40;2.40;0.93;2.40;0.93;-0.00
576.00;-2.80;-0.20;2.95;0.20;0.00;0.05;0.05;2.80;2.80;0.20;2.80;0.20;-0.00
577.00;-2.00;-0.28;2.11;0.28;0.00;0.04;0.05;2.00;2.00;0.28;2.00;0.28;-0.00
578.00;-0.80;-0.29;0.84;0.29;0.00;0.02;0.05;0.80;0.80;0.29;0.80;0.29;-0.00
579.00;-3.60;-0.32;3.79;0.32;0.00;0.07;0.05;3.60;3.60;0.32;3.60;0.32;-0.00
580.00;-3.20;-0.26;3.37;0.26;0.00;0.06;0.05;3.20;3.20;0.26;3.20;0.26;-0.00
581.00;-2.00;-0.19;2.11;0.19;0.00;0.04;0.05;2.00;2.00;0.19;2.00;0.19;-0.00
582.00;-0.80;-0.19;0.84;0.19;0.00;0.02;0.05;0.80;0.80;0.19;0.80;0.19;-0.00
583.00;-3.60;-0.21;3.79;0.21;0.00;0.07;0.05;3.60;3.60;0.21;3.60;0.21;-0.00
584.00;-2.80;-0.21;2.95;0.21;0.00;0.05;0.05;2.80;2.80;0.21;2.80;0.21;-0.00
585.00;-3.20;-0.30;3.37;0.30;0.00;0.06;0.05;3.20;3.20;0.30;3.20;0.30;-0.00
586.00;-0.80;-0.29;0.84;0.29;0.00;0.02;0.05;0.80;0.80;0.29;0.80;0.29;-0.00
587.00;-3.20;-0.32;3.37;0.32;0.00;0.06;0.05;3.20;3.20;0.32;3.20;0.32;-0.00
588.00;-3.20;-0.24;3.37;0.24;0.00;0.06;0.05;3.20;3.20;0.24;3.20;0.24;-0.00
589.00;-3.20;-0.27;3.37;0.27;0.00;0.06;0.05;3.20;3.20;0.27;3.20;0.27;-0.00
590.00;-0.80;-0.21;0.84;0.21;0.00;0.02;0.05;0.80;0.80;0.21;0.80;0.21;-0.00
591.00;-3.60;-0.22;3.79;0.22;0.00;0.07;0.05;3.60;3.60;0.22;3.60;0.22;-0.00
592.00;-3.60;-0.21;3.79;0.21;0.00;0.07;0.05;3.60;3.60;0.21;3.60;0.21;-0.00
593.00;-3.20;-0.31;3.37;0.31;0.00;0.06;0.05;3.20;3.20;0.31;3.20;0.31;-0.00
594.00;-0.80;-0.29;0.84;0.29;0.00;0.02;0.05;0.80;0.80;0.29;0.80;0.29;-0.00
595.00;-2.80;-0.32;2.95;0.32;0.00;0.05;0.05;2.80;2.80;0.32;2.80;0.32;-0.00
596.00;-3.20;-0.23;3.37;0.23;0.00;0.06;0.05;3.20;3.20;0.23;3.20;0.23;-0.00
597.00;-2.80;-0.20;2.95;0.20;0.00;0.05;0.05;2.80;2.80;0.20;2.80;0.20;-0.00
598.00;-0.80;-0.94;0.84;0.94;0.00;0.03;0.05;0.80;0.80;0.94;0.80;0.94;-0.00
599.00;-4.00;-0.37;4.21;0.37;0.00;0.08;0.05;4.00;4.00;0.37;4.00;0.37;-0.00
600.00;-5.20;-0.38;5.47;0.38;0.00;0.10;0.05;5.20;5.20;0.38;5.20;0.38;-0.00
601.00;-3.60;-0.86;3.79;0.86;0.00;0.08;0.05;3.60;3.60;0.86;3.60;0.86;-0.00
602.00;-0.80;-0.71;0.84;0.71;0.00;0.02;0.05;0.80;0.80;0.71;0.80;0.71;-0.00
603.00;-3.60;-0.33;3.79;0.33;0.00;0.07;0.05;3.60;3.60;0.33;3.60;0.33;-0.00
604.00;-3.60;-0.30;3.79;0.30;0.00;0.07;0.05;3.60;3.60;0.30;3.60;0.30;-0.00
605.00;-5.60;-0.31;5.89;0.31;0.00;0.10;0.05;5.60;5.60;0.31;5.60;0.31;-0.00
606.00;-0.80;-0.36;0.84;0.36;0.00;0.02;0.05;0.80;0.80;0.36;0.80;0.36;-0.00
607.00;-2.00;-0.29;2.11;0.29;0.00;0.04;0.05;2.00;2.00;0.29;2.00;0.29;-0.00
608.00;-2.00;-0.43;2.11;0.43;0.00;0.04;0.05;2.00;2.00;0.43;2.00;0.43;-0.00
609.00;-1.60;-0.94;1.68;0.94;0.00;0.04;0.05;1.60;1.60;0.94;1.60;0.94;-0.00
610.00;-0.80;-0.33;0.84;0.33;0.00;0.02;0.05;0.80;0.80;0.33;0.80;0.33;-0.00
611.00;-2.40;-0.31;2.53;0.31;0.00;0.05;0.05;2.40;2.40;0.31;2.40;0.31;-0.00
612.00;-2.80;-0.30;2.95;0.30;0.00;0.05;0.05;2.80;2.80;0.30;2.80;0.30;-0.00
613.00;-1.60;-0.29;1.68;0.29;0.00;0.03;0.05;1.60;1.60;0.29;1.60;0.29;-0.00
614.00;-0.80;-0.27;0.84;0.27;0.00;0.02;0.05;0.80;0.80;0.27;0.80;0.27;-0.00
615.00;-2.00;-0.82;2.11;0.82;0.00;0.05;0.05;2.00;2.00;0.82;2.00;0.82;-0.00
616.00;-2.40;-0.42;2.53;0.42;0.00;0.05;0.05;2.40;2.40;0.42;2.40;0.42;-0.00
617.00;-2.00;-1.34;2.11;1.34;0.00;0.05;0.05;2.00;2.00;1.34;2.00;1.34;-0.00
618.00;-0.80;-1.47;0.84;1.47;0.00;0.03;0.05;0.80;0.80;1.47;0.80;1.47;-0.00
619.00;-2.40;-0.34;2.53;0.34;0.00;0.05;0.05;2.40;2.40;0.34;2.40;0.34;-0.00
620.00;-5.20;-0.44;5.47;0.44;0.00;0.10;0.05;5.20;5.20;0.44;5.20;0.44;-0.00
621.00;-0.40;-0.33;0.42;0.33;0.00;0.02;0.11;0.40;0.40;0.33;0.40;0.33;-0.00
622.00;-2.00;-0.29;2.11;0.29;0.00;0.05;0.18;2.00;2.00;0.29;2.00;0.29;-0.00
623.00;-3.20;-1.47;3.37;1.47;0.00;0.14;0.24;3.20;3.20;1.47;3.20;1.47;-0.00
624.00;0.00;-2.04;0.00;2.04;0.00;0.15;0.30;-0.00;0.00;2.04;0.00;2.04;-0.00
625.00;-2.80;-0.94;2.95;0.94;0.00;0.12;0.30;2.80;2.80;0.94;2.80;0.94;-0.00
626.00;-2.40;-0.33;2.53;0.33;0.00;0.07;0.30;2.40;2.40;0.33;2.40;0.33;-0.00
627.00;-1.60;-0.30;1.68;0.30;0.00;0.05;0.30;1.60;1.60;0.30;1.60;0.30;-0.00
628.00;-3.60;-0.34;3.79;0.34;0.00;0.09;0.30;3.60;3.60;0.34;3.60;0.34;-0.00
629.00;-3.20;-0.39;3.37;0.39;0.00;0.09;0.30;3.20;3.20;0.39;3.20;0.39;-0.00
630.00;-1.60;-0.35;1.68;0.35;0.00;0.05;0.30;1.60;1.60;0.35;1.60;0.35;-0.00
631.00;-0.40;-0.35;0.42;0.35;0.00;0.03;0.30;0.40;0.40;0.35;0.40;0.35;-0.00
632.00;-1.60;-0.46;1.68;0.46;0.00;0.06;0.30;1.60;1.60;0.46;1.60;0.46;-0.00
633.00;-1.20;-0.54;1.26;0.54;0.00;0.06;0.30;1.20;1.20;0.54;1.20;0.54;-0.00
634.00;-0.80;-0.52;0.84;0.52;0.00;0.05;0.30;0.80;0.80;0.52;0.80;0.52;-0.00
635.00;-2.00;-0.41;2.11;0.41;0.00;0.07;0.30;2.00;2.00;0.41;2.00;0.41;-0.00
636.00;-2.00;-0.42;2.11;0.42;0.00;0.07;0.30;2.00;2.00;0.42;2.00;0.42;-0.00
637.00;-1.20;-0.24;1.26;0.24;0.00;0.04;0.30;1.20;1.20;0.24;1.20;0.24;-0.00
638.00;-1.20;-0.27;1.26;0.27;0.00;0.04;0.30;1.20;1.20;0.27;1.20;0.27;-0.00
639.00;-2.00;-0.33;2.11;0.33;0.00;0.06;0.30;2.00;2.00;0.33;2.00;0.33;-0.00
640.00;-1.60;-0.60;1.68;0.60;0.00;0.07;0.30;1.60;1.60;0.60;1.60;0.60;-0.00
641.00;-1.60;-0.36;1.68;0.36;0.00;0.06;0.30;1.60;1.60;0.36;1.60;0.36;-0.00
642.00;-0.80;-0.50;0.84;0.50;0.00;0.05;0.30;0.80;0.80;0.50;0.80;0.50;-0.00
643.00;-2.00;-0.37;2.11;0.37;0.00;0.06;0.30;2.00;2.00;0.37;2.00;0.37;-0.00
644.00;-2.00;-0.28;2.11;0.28;0.00;0.06;0.30;2.00;2.00;0.28;2.00;0.28;-0.00
645.00;-1.60;-0.41;1.68;0.41;0.00;0.06;0.30;1.60;1.60;0.41;1.60;0.41;-0.00
646.00;-1.20;-0.44;1.26;0.44;0.00;0.05;0.30;1.20;1.20;0.44;1.20;0.44;-0.00
647.00;-2.00;-0.42;2.11;0.42;0.00;0.07;0.30;2.00;2.00;0.42;2.00;0.42;-0.00
648.00;-2.00;-0.39;2.11;0.39;0.00;0.07;0.30;2.00;2.00;0.39;2.00;0.39;-0.00
649.00;-1.20;-0.39;1.26;0.39;0.00;0.05;0.30;1.20;1.20;0.39;1.20;0.39;-0.00
650.00;-1.20;-0.39;1.26;0.39;0.00;0.05;0.30;1.20;1.20;0.39;1.20;0.39;-0.00
651.00;-2.00;-0.46;2.11;0.46;0.00;0.07;0.30;2.00;2.00;0.46;2.00;0.46;-0.00
652.00;-2.00;-2.72;2.11;2.72;0.00;0.24;0.30;2.00;2.00;2.72;2.00;2.72;-0.00
653.00;-6.40;-1.50;6.74;1.50;0.00;0.23;0.30;6.40;6.40;1.50;6.40;1.50;-0.00
654.00;-1.60;-0.95;1.68;0.95;0.00;0.10;0.30;1.60;1.60;0.95;1.60;0.95;-0.00
655.00;-2.40;-1.17;2.53;1.17;0.00;0.13;0.30;2.40;2.40;1.17;2.40;1.17;-0.00
656.00;-2.00;-1.16;2.11;1.16;0.00;0.12;0.30;2.00;2.00;1.16;2.00;1.16;-0.00
657.00;-1.20;-1.18;1.26;1.18;0.00;0.11;0.30;1.20;1.20;1.18;1.20;1.18;-0.00
658.00;-1.20;-1.17;1.26;1.17;0.00;0.11;0.30;1.20;1.20;1.17;1.20;1.17;-0.00
659.00;-2.40;-1.10;2.53;1.10;0.00;0.13;0.30;2.40;2.40;1.10;2.40;1.10;-0.00
660.00;-2.00;-1.10;2.11;1.10;0.00;0.12;0.30;2.00;2.00;1.10;2.00;1.10;-0.00
661.00;-0.80;-1.23;0.84;1.23;0.00;0.11;0.30;0.80;0.80;1.23;0.80;1.23;-0.00
662.00;-2.80;-1.18;2.95;1.18;0.00;0.14;0.30;2.80;2.80;1.18;2.80;1.18;-0.00
663.00;-2.40;-1.19;2.53;1.19;0.00;0.13;0.30;2.40;2.40;1.19;2.40;1.19;-0.00
664.00;-1.60;-1.27;1.68;1.27;0.00;0.12;0.30;1.60;1.60;1.27;1.60;1.27;-0.00
665.00;-0.80;-1.25;0.84;1.25;0.00;0.11;0.30;0.80;0.80;1.25;0.80;1.25;-0.00
666.00;-2.80;-1.20;2.95;1.20;0.00;0.14;0.30;2.80;2.80;1.20;2.80;1.20;-0.00
667.00;-2.40;-1.05;2.53;1.05;0.00;0.12;0.30;2.40;2.40;1.05;2.40;1.05;-0.00
668.00;-2.00;-1.02;2.11;1.02;0.00;0.11;0.30;2.00;2.00;1.02;2.00;1.02;-0.00
669.00;-0.80;-1.14;0.84;1.14;0.00;0.08;0.24;0.80;0.80;1.14;0.80;1.14;-0.00
670.00;-3.20;-0.83;3.37;0.83;0.00;0.09;0.18;3.20;3.20;0.83;3.20;0.83;-0.00
671.00;-2.40;-0.93;2.53;0.93;0.00;0.07;0.11;2.40;2.40;0.93;2.40;0.93;-0.00