timeStep;demandHeat;demandElectricity;GasBoiler1;ElecBuy;ElecSell;HeatBuy;HeatSell;Cost;Price;
0.00;-2.80;-0.20;2.95;0.20;0.00;0.00;0.00;0.06;0.25
1.00;-2.00;-0.28;2.11;0.28;0.00;0.00;0.00;0.05;0.25
2.00;-0.80;-0.29;0.84;0.29;0.00;0.00;0.00;0.03;0.25
3.00;-3.60;-0.32;3.79;0.32;0.00;0.00;0.00;0.08;0.25
4.00;-3.20;-0.26;3.37;0.26;0.00;0.00;0.00;0.07;0.25
5.00;-2.00;-0.19;2.11;0.19;0.00;0.00;0.00;0.05;0.25
6.00;-0.80;-0.19;0.84;0.19;0.00;0.00;0.00;0.03;0.25
7.00;-3.60;-0.21;3.79;0.21;0.00;0.00;0.00;0.08;0.25
8.00;-2.80;-0.21;2.95;0.21;0.00;0.00;0.00;0.06;0.25
9.00;-3.20;-0.30;3.37;0.30;0.00;0.00;0.00;0.08;0.25
10.00;-0.80;-0.29;0.84;0.29;0.00;0.00;0.00;0.03;0.25
11.00;-3.20;-0.32;3.37;0.32;0.00;0.00;0.00;0.08;0.25
12.00;-3.20;-0.24;3.37;0.24;0.00;0.00;0.00;0.07;0.25
13.00;-3.20;-0.27;3.37;0.27;0.00;0.00;0.00;0.07;0.25
14.00;-0.80;-0.21;0.84;0.21;0.00;0.00;0.00;0.03;0.25
15.00;-3.60;-0.22;3.79;0.22;0.00;0.00;0.00;0.08;0.25
16.00;-3.60;-0.21;3.79;0.21;0.00;0.00;0.00;0.08;0.25
17.00;-3.20;-0.31;3.37;0.31;0.00;0.00;0.00;0.08;0.25
18.00;-0.80;-0.29;0.84;0.29;0.00;0.00;0.00;0.03;0.25
19.00;-2.80;-0.32;2.95;0.32;0.00;0.00;0.00;0.07;0.25
20.00;-3.20;-0.23;3.37;0.23;0.00;0.00;0.00;0.07;0.25
21.00;-2.80;-0.20;2.95;0.20;0.00;0.00;0.00;0.06;0.25
22.00;-0.80;-0.94;0.84;0.94;0.00;0.00;0.00;0.07;0.25
23.00;-4.00;-0.37;4.21;0.37;0.00;0.00;0.00;0.10;0.25
24.00;-5.20;-0.38;5.47;0.38;0.00;0.00;0.00;0.12;0.25
25.00;-3.60;-0.86;3.79;0.86;0.00;0.00;0.00;0.12;0.25
26.00;-0.80;-0.71;0.84;0.71;0.00;0.00;0.00;0.06;0.25
27.00;-3.60;-0.33;3.79;0.33;0.00;0.00;0.00;0.09;0.25
28.00;-3.60;-0.30;3.79;0.30;0.00;0.00;0.00;0.08;0.25
29.00;-5.60;-0.31;5.89;0.31;0.00;0.00;0.00;0.12;0.25
30.00;-0.80;-0.36;0.84;0.36;0.00;0.00;0.00;0.04;0.25
31.00;-2.00;-0.29;2.11;0.29;0.00;0.00;0.00;0.05;0.25
32.00;-2.00;-0.43;2.11;0.43;0.00;0.00;0.00;0.06;0.25
33.00;-1.60;-0.94;1.68;0.94;0.00;0.00;0.00;0.09;0.25
34.00;-0.80;-0.33;0.84;0.33;0.00;0.00;0.00;0.04;0.25
35.00;-2.40;-0.31;2.53;0.31;0.00;0.00;0.00;0.06;0.25
36.00;-2.80;-0.30;2.95;0.30;0.00;0.00;0.00;0.07;0.25
37.00;-1.60;-0.29;1.68;0.29;0.00;0.00;0.00;0.05;0.25
38.00;-0.80;-0.27;0.84;0.27;0.00;0.00;0.00;0.03;0.25
39.00;-2.00;-0.82;2.11;0.82;0.00;0.00;0.00;0.09;0.25
40.00;-2.40;-0.42;2.53;0.42;0.00;0.00;0.00;0.07;0.25
41.00;-2.00;-1.34;2.11;1.34;0.00;0.00;0.00;0.12;0.25
42.00;-0.80;-1.47;0.84;1.47;0.00;0.00;0.00;0.11;0.25
43.00;-2.40;-0.34;2.53;0.34;0.00;0.00;0.00;0.06;0.25
44.00;-5.20;-0.44;5.47;0.44;0.00;0.00;0.00;0.12;0.25
45.00;-0.40;-0.33;0.42;0.33;0.00;0.00;0.00;0.03;0.25
46.00;-2.00;-0.29;2.11;0.29;0.00;0.00;0.00;0.05;0.25
47.00;-3.20;-1.47;3.37;1.47;0.00;0.00;0.00;0.15;0.25
48.00;0.00;-2.04;0.00;2.04;0.00;0.00;0.00;0.13;0.25
49.00;-2.80;-0.94;2.95;0.94;0.00;0.00;0.00;0.11;0.25
50.00;-2.40;-0.33;2.53;0.33;0.00;0.00;0.00;0.06;0.25
51.00;-1.60;-0.30;1.68;0.30;0.00;0.00;0.00;0.05;0.25
52.00;-3.60;-0.34;3.79;0.34;0.00;0.00;0.00;0.09;0.25
53.00;-3.20;-0.39;3.37;0.39;0.00;0.00;0.00;0.08;0.25
54.00;-1.60;-0.35;1.68;0.35;0.00;0.00;0.00;0.05;0.25
55.00;-0.40;-0.35;0.42;0.35;0.00;0.00;0.00;0.03;0.25
56.00;-1.60;-0.46;1.68;0.46;0.00;0.00;0.00;0.06;0.25
57.00;-1.20;-0.54;1.26;0.54;0.00;0.00;0.00;0.06;0.25
58.00;-0.80;-0.52;0.84;0.52;0.00;0.00;0.00;0.05;0.25
59.00;-2.00;-0.41;2.11;0.41;0.00;0.00;0.00;0.06;0.25
60.00;-2.00;-0.42;2.11;0.42;0.00;0.00;0.00;0.06;0.25
61.00;-1.20;-0.24;1.26;0.24;0.00;0.00;0.00;0.04;0.25
62.00;-1.20;-0.27;1.26;0.27;0.00;0.00;0.00;0.04;0.25
63.00;-2.00;-0.33;2.11;0.33;0.00;0.00;0.00;0.06;0.25
64.00;-1.60;-0.60;1.68;0.60;0.00;0.00;0.00;0.07;0.25
65.00;-1.60;-0.36;1.68;0.36;0.00;0.00;0.00;0.05;0.25
66.00;-0.80;-0.50;0.84;0.50;0.00;0.00;0.00;0.05;0.25
67.00;-2.00;-0.37;2.11;0.37;0.00;0.00;0.00;0.06;0.25
68.00;-2.00;-0.28;2.11;0.28;0.00;0.00;0.00;0.05;0.25
69.00;-1.60;-0.41;1.68;0.41;0.00;0.00;0.00;0.05;0.25
70.00;-1.20;-0.44;1.26;0.44;0.00;0.00;0.00;0.05;0.25
71.00;-2.00;-0.42;2.11;0.42;0.00;0.00;0.00;0.06;0.25
72.00;-2.00;-0.39;2.11;0.39;0.00;0.00;0.00;0.06;0.25
73.00;-1.20;-0.39;1.26;0.39;0.00;0.00;0.00;0.05;0.25
74.00;-1.20;-0.39;1.26;0.39;0.00;0.00;0.00;0.05;0.25
75.00;-2.00;-0.46;2.11;0.46;0.00;0.00;0.00;0.07;0.25
76.00;-2.00;-2.72;2.11;2.72;0.00;0.00;0.00;0.21;0.25
77.00;-6.40;-1.50;6.74;1.50;0.00;0.00;0.00;0.21;0.25
78.00;-1.60;-0.95;1.68;0.95;0.00;0.00;0.00;0.09;0.25
79.00;-2.40;-1.17;2.53;1.17;0.00;0.00;0.00;0.12;0.25
80.00;-2.00;-1.16;2.11;1.16;0.00;0.00;0.00;0.11;0.25
81.00;-1.20;-1.18;1.26;1.18;0.00;0.00;0.00;0.10;0.25
82.00;-1.20;-1.17;1.26;1.17;0.00;0.00;0.00;0.10;0.25
83.00;-2.40;-1.10;2.53;1.10;0.00;0.00;0.00;0.11;0.25
84.00;-2.00;-1.10;2.11;1.10;0.00;0.00;0.00;0.11;0.25
85.00;-0.80;-1.23;0.84;1.23;0.00;0.00;0.00;0.09;0.25
86.00;-2.80;-1.18;2.95;1.18;0.00;0.00;0.00;0.12;0.25
87.00;-2.40;-1.19;2.53;1.19;0.00;0.00;0.00;0.12;0.25
88.00;-1.60;-1.27;1.68;1.27;0.00;0.00;0.00;0.11;0.25
89.00;-0.80;-1.25;0.84;1.25;0.00;0.00;0.00;0.09;0.25
90.00;-2.80;-1.20;2.95;1.20;0.00;0.00;0.00;0.13;0.25
91.00;-2.40;-1.05;2.53;1.05;0.00;0.00;0.00;0.11;0.25
92.00;-2.00;-1.02;2.11;1.02;0.00;0.00;0.00;0.10;0.25
93.00;-0.80;-1.14;0.84;1.14;0.00;0.00;0.00;0.09;0.25
94.00;-3.20;-0.83;3.37;0.83;0.00;0.00;0.00;0.11;0.25
95.00;-2.40;-0.93;2.53;0.93;0.00;0.00;0.00;0.10;0.25
96.00;-2.80;-0.20;2.95;0.20;0.00;0.00;0.00;0.06;0.25
97.00;-2.00;-0.28;2.11;0.28;0.00;0.00;0.00;0.05;0.25
98.00;-0.80;-0.29;0.84;0.29;0.00;0.00;0.00;0.03;0.25
99.00;-3.60;-0.32;3.79;0.32;0.00;0.00;0.00;0.08;0.25
100.00;-3.20;-0.26;3.37;0.26;0.00;0.00;0.00;0.07;0.25
101.00;-2.00;-0.19;2.11;0.19;0.00;0.00;0.00;0.05;0.25
102.00;-0.80;-0.19;0.84;0.19;0.00;0.00;0.00;0.03;0.25
103.00;-3.60;-0.21;3.79;0.21;0.00;0.00;0.00;0.08;0.25
104.00;-2.80;-0.21;2.95;0.21;0.00;0.00;0.00;0.06;0.25
105.00;-3.20;-0.30;3.37;0.30;0.00;0.00;0.00;0.08;0.25
106.00;-0.80;-0.29;0.84;0.29;0.00;0.00;0.00;0.03;0.25
107.00;-3.20;-0.32;3.37;0.32;0.00;0.00;0.00;0.08;0.25
108.00;-3.20;-0.24;3.37;0.24;0.00;0.00;0.00;0.07;0.25
109.00;-3.20;-0.27;3.37;0.27;0.00;0.00;0.00;0.07;0.25
110.00;-0.80;-0.21;0.84;0.21;0.00;0.00;0.00;0.03;0.25
111.00;-3.60;-0.22;3.79;0.22;0.00;0.00;0.00;0.08;0.25
112.00;-3.60;-0.21;3.79;0.21;0.00;0.00;0.00;0.08;0.25
113.00;-3.20;-0.31;3.37;0.31;0.00;0.00;0.00;0.08;0.25
114.00;-0.80;-0.29;0.84;0.29;0.00;0.00;0.00;0.03;0.25
115.00;-2.80;-0.32;2.95;0.32;0.00;0.00;0.00;0.07;0.25
116.00;-3.20;-0.23;3.37;0.23;0.00;0.00;0.00;0.07;0.25
117.00;-2.80;-0.20;2.95;0.20;0.00;0.00;0.00;0.06;0.25
118.00;-0.80;-0.94;0.84;0.94;0.00;0.00;0.00;0.07;0.25
119.00;-4.00;-0.37;4.21;0.37;0.00;0.00;0.00;0.10;0.25
120.00;-5.20;-0.38;5.47;0.38;0.00;0.00;0.00;0.12;0.25
121.00;-3.60;-0.86;3.79;0.86;0.00;0.00;0.00;0.12;0.25
122.00;-0.80;-0.71;0.84;0.71;0.00;0.00;0.00;0.06;0.25
123.00;-3.60;-0.33;3.79;0.33;0.00;0.00;0.00;0.09;0.25
124.00;-3.60;-0.30;3.79;0.30;0.00;0.00;0.00;0.08;0.25
125.00;-5.60;-0.31;5.89;0.31;0.00;0.00;0.00;0.12;0.25
126.00;-0.80;-0.36;0.84;0.36;0.00;0.00;0.00;0.04;0.25
127.00;-2.00;-0.29;2.11;0.29;0.00;0.00;0.00;0.05;0.25
128.00;-2.00;-0.43;2.11;0.43;0.00;0.00;0.00;0.06;0.25
129.00;-1.60;-0.94;1.68;0.94;0.00;0.00;0.00;0.09;0.25
130.00;-0.80;-0.33;0.84;0.33;0.00;0.00;0.00;0.04;0.25
131.00;-2.40;-0.31;2.53;0.31;0.00;0.00;0.00;0.06;0.25
132.00;-2.80;-0.30;2.95;0.30;0.00;0.00;0.00;0.07;0.25
133.00;-1.60;-0.29;1.68;0.29;0.00;0.00;0.00;0.05;0.25
134.00;-0.80;-0.27;0.84;0.27;0.00;0.00;0.00;0.03;0.25
135.00;-2.00;-0.82;2.11;0.82;0.00;0.00;0.00;0.09;0.25
136.00;-2.40;-0.42;2.53;0.42;0.00;0.00;0.00;0.07;0.25
137.00;-2.00;-1.34;2.11;1.34;0.00;0.00;0.00;0.12;0.25
138.00;-0.80;-1.47;0.84;1.47;0.00;0.00;0.00;0.11;0.25
139.00;-2.40;-0.34;2.53;0.34;0.00;0.00;0.00;0.06;0.25
140.00;-5.20;-0.44;5.47;0.44;0.00;0.00;0.00;0.12;0.25
141.00;-0.40;-0.33;0.42;0.33;0.00;0.00;0.00;0.03;0.25
142.00;-2.00;-0.29;2.11;0.29;0.00;0.00;0.00;0.05;0.25
143.00;-3.20;-1.47;3.37;1.47;0.00;0.00;0.00;0.15;0.25
144.00;0.00;-2.04;0.00;2.04;0.00;0.00;0.00;0.13;0.25
145.00;-2.80;-0.94;2.95;0.94;0.00;0.00;0.00;0.11;0.25
146.00;-2.40;-0.33;2.53;0.33;0.00;0.00;0.00;0.06;0.25
147.00;-1.60;-0.30;1.68;0.30;0.00;0.00;0.00;0.05;0.25
148.00;-3.60;-0.34;3.79;0.34;0.00;0.00;0.00;0.09;0.25
149.00;-3.20;-0.39;3.37;0.39;0.00;0.00;0.00;0.08;0.25
150.00;-1.60;-0.35;1.68;0.35;0.00;0.00;0.00;0.05;0.25
151.00;-0.40;-0.35;0.42;0.35;0.00;0.00;0.00;0.03;0.25
152.00;-1.60;-0.46;1.68;0.46;0.00;0.00;0.00;0.06;0.25
153.00;-1.20;-0.54;1.26;0.54;0.00;0.00;0.00;0.06;0.25
154.00;-0.80;-0.52;0.84;0.52;0.00;0.00;0.00;0.05;0.25
155.00;-2.00;-0.41;2.11;0.41;0.00;0.00;0.00;0.06;0.25
156.00;-2.00;-0.42;2.11;0.42;0.00;0.00;0.00;0.06;0.25
157.00;-1.20;-0.24;1.26;0.24;0.00;0.00;0.00;0.04;0.25
158.00;-1.20;-0.27;1.26;0.27;0.00;0.00;0.00;0.04;0.25
159.00;-2.00;-0.33;2.11;0.33;0.00;0.00;0.00;0.06;0.25
160.00;-1.60;-0.60;1.68;0.60;0.00;0.00;0.00;0.07;0.25
161.00;-1.60;-0.36;1.68;0.36;0.00;0.00;0.00;0.05;0.25
162.00;-0.80;-0.50;0.84;0.50;0.00;0.00;0.00;0.05;0.25
163.00;-2.00;-0.37;2.11;0.37;0.00;0.00;0.00;0.06;0.25
164.00;-2.00;-0.28;2.11;0.28;0.00;0.00;0.00;0.05;0.25
165.00;-1.60;-0.41;1.68;0.41;0.00;0.00;0.00;0.05;0.25
166.00;-1.20;-0.44;1.26;0.44;0.00;0.00;0.00;0.05;0.25
167.00;-2.00;-0.42;2.11;0.42;0.00;0.00;0.00;0.06;0.25
168.00;-2.00;-0.39;2.11;0.39;0.00;0.00;0.00;0.06;0.25
169.00;-1.20;-0.39;1.26;0.39;0.00;0.00;0.00;0.05;0.25
170.00;-1.20;-0.39;1.26;0.39;0.00;0.00;0.00;0.05;0.25
171.00;-2.00;-0.46;2.11;0.46;0.00;0.00;0.00;0.07;0.25
172.00;-2.00;-2.72;2.11;2.72;0.00;0.00;0.00;0.21;0.25
173.00;-6.40;-1.50;6.74;1.50;0.00;0.00;0.00;0.21;0.25
174.00;-1.60;-0.95;1.68;0.95;0.00;0.00;0.00;0.09;0.25
175.00;-2.40;-1.17;2.53;1.17;0.00;0.00;0.00;0.12;0.25
176.00;-2.00;-1.16;2.11;1.16;0.00;0.00;0.00;0.11;0.25
177.00;-1.20;-1.18;1.26;1.18;0.00;0.00;0.00;0.10;0.25
178.00;-1.20;-1.17;1.26;1.17;0.00;0.00;0.00;0.10;0.25
179.00;-2.40;-1.10;2.53;1.10;0.00;0.00;0.00;0.11;0.25
180.00;-2.00;-1.10;2.11;1.10;0.00;0.00;0.00;0.11;0.25
181.00;-0.80;-1.23;0.84;1.23;0.00;0.00;0.00;0.09;0.25
182.00;-2.80;-1.18;2.95;1.18;0.00;0.00;0.00;0.12;0.25
183.00;-2.40;-1.19;2.53;1.19;0.00;0.00;0.00;0.12;0.25
184.00;-1.60;-1.27;1.68;1.27;0.00;0.00;0.00;0.11;0.25
185.00;-0.80;-1.25;0.84;1.25;0.00;0.00;0.00;0.09;0.25
186.00;-2.80;-1.20;2.95;1.20;0.00;0.00;0.00;0.13;0.25
187.00;-2.40;-1.05;2.53;1.05;0.00;0.00;0.00;0.11;0.25
188.00;-2.00;-1.02;2.11;1.02;0.00;0.00;0.00;0.10;0.25
189.00;-0.80;-1.14;0.84;1.14;0.00;0.00;0.00;0.09;0.25
190.00;-3.20;-0.83;3.37;0.83;0.00;0.00;0.00;0.11;0.25
191.00;-2.40;-0.93;2.53;0.93;0.00;0.00;0.00;0.10;0.25
192.00;-2.80;-0.20;2.95;0.20;0.00;0.00;0.00;0.06;0.25
193.00;-2.00;-0.28;2.11;0.28;0.00;0.00;0.00;0.05;0.25
194.00;-0.80;-0.29;0.84;0.29;0.00;0.00;0.00;0.03;0.25
195.00;-3.60;-0.32;3.79;0.32;0.00;0.00;0.00;0.08;0.25
196.00;-3.20;-0.26;3.37;0.26;0.00;0.00;0.00;0.07;0.25
197.00;-2.00;-0.19;2.11;0.19;0.00;0.00;0.00;0.05;0.25
198.00;-0.80;-0.19;0.84;0.19;0.00;0.00;0.00;0.03;0.25
199.00;-3.60;-0.21;3.79;0.21;0.00;0.00;0.00;0.08;0.25
200.00;-2.80;-0.21;2.95;0.21;0.00;0.00;0.00;0.06;0.25
201.00;-3.20;-0.30;3.37;0.30;0.00;0.00;0.00;0.08;0.25
202.00;-0.80;-0.29;0.84;0.29;0.00;0.00;0.00;0.03;0.25
203.00;-3.20;-0.32;3.37;0.32;0.00;0.00;0.00;0.08;0.25
204.00;-3.20;-0.24;3.37;0.24;0.00;0.00;0.00;0.07;0.25
205.00;-3.20;-0.27;3.37;0.27;0.00;0.00;0.00;0.07;0.25
206.00;-0.80;-0.21;0.84;0.21;0.00;0.00;0.00;0.03;0.25
207.00;-3.60;-0.22;3.79;0.22;0.00;0.00;0.00;0.08;0.25
208.00;-3.60;-0.21;3.79;0.21;0.00;0.00;0.00;0.08;0.25
209.00;-3.20;-0.31;3.37;0.31;0.00;0.00;0.00;0.08;0.25
210.00;-0.80;-0.29;0.84;0.29;0.00;0.00;0.00;0.03;0.25
211.00;-2.80;-0.32;2.95;0.32;0.00;0.00;0.00;0.07;0.25
212.00;-3.20;-0.23;3.37;0.23;0.00;0.00;0.00;0.07;0.25
213.00;-2.80;-0.20;2.95;0.20;0.00;0.00;0.00;0.06;0.25
214.00;-0.80;-0.94;0.84;0.94;0.00;0.00;0.00;0.07;0.25
215.00;-4.00;-0.37;4.21;0.37;0.00;0.00;0.00;0.10;0.25
216.00;-5.20;-0.38;5.47;0.38;0.00;0.00;0.00;0.12;0.25
217.00;-3.60;-0.86;3.79;0.86;0.00;0.00;0.00;0.12;0.25
218.00;-0.80;-0.71;0.84;0.71;0.00;0.00;0.00;0.06;0.25
219.00;-3.60;-0.33;3.79;0.33;0.00;0.00;0.00;0.09;0.25
220.00;-3.60;-0.30;3.79;0.30;0.00;0.00;0.00;0.08;0.25
221.00;-5.60;-0.31;5.89;0.31;0.00;0.00;0.00;0.12;0.25
222.00;-0.80;-0.36;0.84;0.36;0.00;0.00;0.00;0.04;0.25
223.00;-2.00;-0.29;2.11;0.29;0.00;0.00;0.00;0.05;0.25
224.00;-2.00;-0.43;2.11;0.43;0.00;0.00;0.00;0.06;0.25
225.00;-1.60;-0.94;1.68;0.94;0.00;0.00;0.00;0.09;0.25
226.00;-0.80;-0.33;0.84;0.33;0.00;0.00;0.00;0.04;0.25
227.00;-2.40;-0.31;2.53;0.31;0.00;0.00;0.00;0.06;0.25
228.00;-2.80;-0.30;2.95;0.30;0.00;0.00;0.00;0.07;0.25
229.00;-1.60;-0.29;1.68;0.29;0.00;0.00;0.00;0.05;0.25
230.00;-0.80;-0.27;0.84;0.27;0.00;0.00;0.00;0.03;0.25
231.00;-2.00;-0.82;2.11;0.82;0.00;0.00;0.00;0.09;0.25
232.00;-2.40;-0.42;2.53;0.42;0.00;0.00;0.00;0.07;0.25
233.00;-2.00;-1.34;2.11;1.34;0.00;0.00;0.00;0.12;0.25
234.00;-0.80;-1.47;0.84;1.47;0.00;0.00;0.00;0.11;0.25
235.00;-2.40;-0.34;2.53;0.34;0.00;0.00;0.00;0.06;0.25
236.00;-5.20;-0.44;5.47;0.44;0.00;0.00;0.00;0.12;0.25
237.00;-0.40;-0.33;0.42;0.33;0.00;0.00;0.00;0.03;0.25
238.00;-2.00;-0.29;2.11;0.29;0.00;0.00;0.00;0.05;0.25
239.00;-3.20;-1.47;3.37;1.47;0.00;0.00;0.00;0.15;0.25
240.00;0.00;-2.04;0.00;2.04;0.00;0.00;0.00;0.13;0.25
241.00;-2.80;-0.94;2.95;0.94;0.00;0.00;0.00;0.11;0.25
242.00;-2.40;-0.33;2.53;0.33;0.00;0.00;0.00;0.06;0.25
243.00;-1.60;-0.30;1.68;0.30;0.00;0.00;0.00;0.05;0.25
244.00;-3.60;-0.34;3.79;0.34;0.00;0.00;0.00;0.09;0.25
245.00;-3.20;-0.39;3.37;0.39;0.00;0.00;0.00;0.08;0.25
246.00;-1.60;-0.35;1.68;0.35;0.00;0.00;0.00;0.05;0.25
247.00;-0.40;-0.35;0.42;0.35;0.00;0.00;0.00;0.03;0.25
248.00;-1.60;-0.46;1.68;0.46;0.00;0.00;0.00;0.06;0.25
249.00;-1.20;-0.54;1.26;0.54;0.00;0.00;0.00;0.06;0.25
250.00;-0.80;-0.52;0.84;0.52;0.00;0.00;0.00;0.05;0.25
251.00;-2.00;-0.41;2.11;0.41;0.00;0.00;0.00;0.06;0.25
252.00;-2.00;-0.42;2.11;0.42;0.00;0.00;0.00;0.06;0.25
253.00;-1.20;-0.24;1.26;0.24;0.00;0.00;0.00;0.04;0.25
254.00;-1.20;-0.27;1.26;0.27;0.00;0.00;0.00;0.04;0.25
255.00;-2.00;-0.33;2.11;0.33;0.00;0.00;0.00;0.06;0.25
256.00;-1.60;-0.60;1.68;0.60;0.00;0.00;0.00;0.07;0.25
257.00;-1.60;-0.36;1.68;0.36;0.00;0.00;0.00;0.05;0.25
258.00;-0.80;-0.50;0.84;0.50;0.00;0.00;0.00;0.05;0.25
259.00;-2.00;-0.37;2.11;0.37;0.00;0.00;0.00;0.06;0.25
260.00;-2.00;-0.28;2.11;0.28;0.00;0.00;0.00;0.05;0.25
261.00;-1.60;-0.41;1.68;0.41;0.00;0.00;0.00;0.05;0.25
262.00;-1.20;-0.44;1.26;0.44;0.00;0.00;0.00;0.05;0.25
263.00;-2.00;-0.42;2.11;0.42;0.00;0.00;0.00;0.06;0.25
264.00;-2.00;-0.39;2.11;0.39;0.00;0.00;0.00;0.06;0.25
265.00;-1.20;-0.39;1.26;0.39;0.00;0.00;0.00;0.05;0.25
266.00;-1.20;-0.39;1.26;0.39;0.00;0.00;0.00;0.05;0.25
267.00;-2.00;-0.46;2.11;0.46;0.00;0.00;0.00;0.07;0.25
268.00;-2.00;-2.72;2.11;2.72;0.00;0.00;0.00;0.21;0.25
269.00;-6.40;-1.50;6.74;1.50;0.00;0.00;0.00;0.21;0.25
270.00;-1.60;-0.95;1.68;0.95;0.00;0.00;0.00;0.09;0.25
271.00;-2.40;-1.17;2.53;1.17;0.00;0.00;0.00;0.12;0.25
272.00;-2.00;-1.16;2.11;1.16;0.00;0.00;0.00;0.11;0.25
273.00;-1.20;-1.18;1.26;1.18;0.00;0.00;0.00;0.10;0.25
274.00;-1.20;-1.17;1.26;1.17;0.00;0.00;0.00;0.10;0.25
275.00;-2.40;-1.10;2.53;1.10;0.00;0.00;0.00;0.11;0.25
276.00;-2.00;-1.10;2.11;1.10;0.00;0.00;0.00;0.11;0.25
277.00;-0.80;-1.23;0.84;1.23;0.00;0.00;0.00;0.09;0.25
278.00;-2.80;-1.18;2.95;1.18;0.00;0.00;0.00;0.12;0.25
279.00;-2.40;-1.19;2.53;1.19;0.00;0.00;0.00;0.12;0.25
280.00;-1.60;-1.27;1.68;1.27;0.00;0.00;0.00;0.11;0.25
281.00;-0.80;-1.25;0.84;1.25;0.00;0.00;0.00;0.09;0.25
282.00;-2.80;-1.20;2.95;1.20;0.00;0.00;0.00;0.13;0.25
283.00;-2.40;-1.05;2.53;1.05;0.00;0.00;0.00;0.11;0.25
284.00;-2.00;-1.02;2.11;1.02;0.00;0.00;0.00;0.10;0.25
285.00;-0.80;-1.14;0.84;1.14;0.00;0.00;0.00;0.09;0.25
286.00;-3.20;-0.83;3.37;0.83;0.00;0.00;0.00;0.11;0.25
287.00;-2.40;-0.93;2.53;0.93;0.00;0.00;0.00;0.10;0.25
288.00;-2.80;-0.20;2.95;0.20;0.00;0.00;0.00;0.06;0.25
289.00;-2.00;-0.28;2.11;0.28;0.00;0.00;0.00;0.05;0.25
290.00;-0.80;-0.29;0.84;0.29;0.00;0.00;0.00;0.03;0.25
291.00;-3.60;-0.32;3.79;0.32;0.00;0.00;0.00;0.08;0.25
292.00;-3.20;-0.26;3.37;0.26;0.00;0.00;0.00;0.07;0.25
293.00;-2.00;-0.19;2.11;0.19;0.00;0.00;0.00;0.05;0.25
294.00;-0.80;-0.19;0.84;0.19;0.00;0.00;0.00;0.03;0.25
295.00;-3.60;-0.21;3.79;0.21;0.00;0.00;0.00;0.08;0.25
296.00;-2.80;-0.21;2.95;0.21;0.00;0.00;0.00;0.06;0.25
297.00;-3.20;-0.30;3.37;0.30;0.00;0.00;0.00;0.08;0.25
298.00;-0.80;-0.29;0.84;0.29;0.00;0.00;0.00;0.03;0.25
299.00;-3.20;-0.32;3.37;0.32;0.00;0.00;0.00;0.08;0.25
300.00;-3.20;-0.24;3.37;0.24;0.00;0.00;0.00;0.07;0.25
301.00;-3.20;-0.27;3.37;0.27;0.00;0.00;0.00;0.07;0.25
302.00;-0.80;-0.21;0.84;0.21;0.00;0.00;0.00;0.03;0.25
303.00;-3.60;-0.22;3.79;0.22;0.00;0.00;0.00;0.08;0.25
304.00;-3.60;-0.21;3.79;0.21;0.00;0.00;0.00;0.08;0.25
305.00;-3.20;-0.31;3.37;0.31;0.00;0.00;0.00;0.08;0.25
306.00;-0.80;-0.29;0.84;0.29;0.00;0.00;0.00;0.03;0.25
307.00;-2.80;-0.32;2.95;0.32;0.00;0.00;0.00;0.07;0.25
308.00;-3.20;-0.23;3.37;0.23;0.00;0.00;0.00;0.07;0.25
309.00;-2.80;-0.20;2.95;0.20;0.00;0.00;0.00;0.06;0.25
310.00;-0.80;-0.94;0.84;0.94;0.00;0.00;0.00;0.07;0.25
311.00;-4.00;-0.37;4.21;0.37;0.00;0.00;0.00;0.10;0.25
312.00;-5.20;-0.38;5.47;0.38;0.00;0.00;0.00;0.12;0.25
313.00;-3.60;-0.86;3.79;0.86;0.00;0.00;0.00;0.12;0.25
314.00;-0.80;-0.71;0.84;0.71;0.00;0.00;0.00;0.06;0.25
315.00;-3.60;-0.33;3.79;0.33;0.00;0.00;0.00;0.09;0.25
316.00;-3.60;-0.30;3.79;0.30;0.00;0.00;0.00;0.08;0.25
317.00;-5.60;-0.31;5.89;0.31;0.00;0.00;0.00;0.12;0.25
318.00;-0.80;-0.36;0.84;0.36;0.00;0.00;0.00;0.04;0.25
319.00;-2.00;-0.29;2.11;0.29;0.00;0.00;0.00;0.05;0.25
320.00;-2.00;-0.43;2.11;0.43;0.00;0.00;0.00;0.06;0.25
321.00;-1.60;-0.94;1.68;0.94;0.00;0.00;0.00;0.09;0.25
322.00;-0.80;-0.33;0.84;0.33;0.00;0.00;0.00;0.04;0.25
323.00;-2.40;-0.31;2.53;0.31;0.00;0.00;0.00;0.06;0.25
324.00;-2.80;-0.30;2.95;0.30;0.00;0.00;0.00;0.07;0.25
325.00;-1.60;-0.29;1.68;0.29;0.00;0.00;0.00;0.05;0.25
326.00;-0.80;-0.27;0.84;0.27;0.00;0.00;0.00;0.03;0.25
327.00;-2.00;-0.82;2.11;0.82;0.00;0.00;0.00;0.09;0.25
328.00;-2.40;-0.42;2.53;0.42;0.00;0.00;0.00;0.07;0.25
329.00;-2.00;-1.34;2.11;1.34;0.00;0.00;0.00;0.12;0.25
330.00;-0.80;-1.47;0.84;1.47;0.00;0.00;0.00;0.11;0.25
331.00;-2.40;-0.34;2.53;0.34;0.00;0.00;0.00;0.06;0.25
332.00;-5.20;-0.44;5.47;0.44;0.00;0.00;0.00;0.12;0.25
333.00;-0.40;-0.33;0.42;0.33;0.00;0.00;0.00;0.03;0.25
334.00;-2.00;-0.29;2.11;0.29;0.00;0.00;0.00;0.05;0.25
335.00;-3.20;-1.47;3.37;1.47;0.00;0.00;0.00;0.15;0.25
336.00;0.00;-2.04;0.00;2.04;0.00;0.00;0.00;0.13;0.25
337.00;-2.80;-0.94;2.95;0.94;0.00;0.00;0.00;0.11;0.25
338.00;-2.40;-0.33;2.53;0.33;0.00;0.00;0.00;0.06;0.25
339.00;-1.60;-0.30;1.68;0.30;0.00;0.00;0.00;0.05;0.25
340.00;-3.60;-0.34;3.79;0.34;0.00;0.00;0.00;0.09;0.25
341.00;-3.20;-0.39;3.37;0.39;0.00;0.00;0.00;0.08;0.25
342.00;-1.60;-0.35;1.68;0.35;0.00;0.00;0.00;0.05;0.25
343.00;-0.40;-0.35;0.42;0.35;0.00;0.00;0.00;0.03;0.25
344.00;-1.60;-0.46;1.68;0.46;0.00;0.00;0.00;0.06;0.25
345.00;-1.20;-0.54;1.26;0.54;0.00;0.00;0.00;0.06;0.25
346.00;-0.80;-0.52;0.84;0.52;0.00;0.00;0.00;0.05;0.25
347.00;-2.00;-0.41;2.11;0.41;0.00;0.00;0.00;0.06;0.25
348.00;-2.00;-0.42;2.11;0.42;0.00;0.00;0.00;0.06;0.25
349.00;-1.20;-0.24;1.26;0.24;0.00;0.00;0.00;0.04;0.25
350.00;-1.20;-0.27;1.26;0.27;0.00;0.00;0.00;0.04;0.25
351.00;-2.00;-0.33;2.11;0.33;0.00;0.00;0.00;0.06;0.25
352.00;-1.60;-0.60;1.68;0.60;0.00;0.00;0.00;0.07;0.25
353.00;-1.60;-0.36;1.68;0.36;0.00;0.00;0.00;0.05;0.25
354.00;-0.80;-0.50;0.84;0.50;0.00;0.00;0.00;0.05;0.25
355.00;-2.00;-0.37;2.11;0.37;0.00;0.00;0.00;0.06;0.25
356.00;-2.00;-0.28;2.11;0.28;0.00;0.00;0.00;0.05;0.25
357.00;-1.60;-0.41;1.68;0.41;0.00;0.00;0.00;0.05;0.25
358.00;-1.20;-0.44;1.26;0.44;0.00;0.00;0.00;0.05;0.25
359.00;-2.00;-0.42;2.11;0.42;0.00;0.00;0.00;0.06;0.25
360.00;-2.00;-0.39;2.11;0.39;0.00;0.00;0.00;0.06;0.25
361.00;-1.20;-0.39;1.26;0.39;0.00;0.00;0.00;0.05;0.25
362.00;-1.20;-0.39;1.26;0.39;0.00;0.00;0.00;0.05;0.25
363.00;-2.00;-0.46;2.11;0.46;0.00;0.00;0.00;0.07;0.25
364.00;-2.00;-2.72;2.11;2.72;0.00;0.00;0.00;0.21;0.25
365.00;-6.40;-1.50;6.74;1.50;0.00;0.00;0.00;0.21;0.25
366.00;-1.60;-0.95;1.68;0.95;0.00;0.00;0.00;0.09;0.25
367.00;-2.40;-1.17;2.53;1.17;0.00;0.00;0.00;0.12;0.25
368.00;-2.00;-1.16;2.11;1.16;0.00;0.00;0.00;0.11;0.25
369.00;-1.20;-1.18;1.26;1.18;0.00;0.00;0.00;0.10;0.25
370.00;-1.20;-1.17;1.26;1.17;0.00;0.00;0.00;0.10;0.25
371.00;-2.40;-1.10;2.53;1.10;0.00;0.00;0.00;0.11;0.25
372.00;-2.00;-1.10;2.11;1.10;0.00;0.00;0.00;0.11;0.25
373.00;-0.80;-1.23;0.84;1.23;0.00;0.00;0.00;0.09;0.25
374.00;-2.80;-1.18;2.95;1.18;0.00;0.00;0.00;0.12;0.25
375.00;-2.40;-1.19;2.53;1.19;0.00;0.00;0.00;0.12;0.25
376.00;-1.60;-1.27;1.68;1.27;0.00;0.00;0.00;0.11;0.25
377.00;-0.80;-1.25;0.84;1.25;0.00;0.00;0.00;0.09;0.25
378.00;-2.80;-1.20;2.95;1.20;0.00;0.00;0.00;0.13;0.25
379.00;-2.40;-1.05;2.53;1.05;0.00;0.00;0.00;0.11;0.25
380.00;-2.00;-1.02;2.11;1.02;0.00;0.00;0.00;0.10;0.25
381.00;-0.80;-1.14;0.84;1.14;0.00;0.00;0.00;0.09;0.25
382.00;-3.20;-0.83;3.37;0.83;0.00;0.00;0.00;0.11;0.25
383.00;-2.40;-0.93;2.53;0.93;0.00;0.00;0.00;0.10;0.25
384.00;-2.80;-0.20;2.95;0.20;0.00;0.00;0.00;0.06;0.25
385.00;-2.00;-0.28;2.11;0.28;0.00;0.00;0.00;0.05;0.25
386.00;-0.80;-0.29;0.84;0.29;0.00;0.00;0.00;0.03;0.25
387.00;-3.60;-0.32;3.79;0.32;0.00;0.00;0.00;0.08;0.25
388.00;-3.20;-0.26;3.37;0.26;0.00;0.00;0.00;0.07;0.25
389.00;-2.00;-0.19;2.11;0.19;0.00;0.00;0.00;0.05;0.25
390.00;-0.80;-0.19;0.84;0.19;0.00;0.00;0.00;0.03;0.25
391.00;-3.60;-0.21;3.79;0.21;0.00;0.00;0.00;0.08;0.25
392.00;-2.80;-0.21;2.95;0.21;0.00;0.00;0.00;0.06;0.25
393.00;-3.20;-0.30;3.37;0.30;0.00;0.00;0.00;0.08;0.25
394.00;-0.80;-0.29;0.84;0.29;0.00;0.00;0.00;0.03;0.25
395.00;-3.20;-0.32;3.37;0.32;0.00;0.00;0.00;0.08;0.25
396.00;-3.20;-0.24;3.37;0.24;0.00;0.00;0.00;0.07;0.25
397.00;-3.20;-0.27;3.37;0.27;0.00;0.00;0.00;0.07;0.25
398.00;-0.80;-0.21;0.84;0.21;0.00;0.00;0.00;0.03;0.25
399.00;-3.60;-0.22;3.79;0.22;0.00;0.00;0.00;0.08;0.25
400.00;-3.60;-0.21;3.79;0.21;0.00;0.00;0.00;0.08;0.25
401.00;-3.20;-0.31;3.37;0.31;0.00;0.00;0.00;0.08;0.25
402.00;-0.80;-0.29;0.84;0.29;0.00;0.00;0.00;0.03;0.25
403.00;-2.80;-0.32;2.95;0.32;0.00;0.00;0.00;0.07;0.25
404.00;-3.20;-0.23;3.37;0.23;0.00;0.00;0.00;0.07;0.25
405.00;-2.80;-0.20;2.95;0.20;0.00;0.00;0.00;0.06;0.25
406.00;-0.80;-0.94;0.84;0.94;0.00;0.00;0.00;0.07;0.25
407.00;-4.00;-0.37;4.21;0.37;0.00;0.00;0.00;0.10;0.25
408.00;-5.20;-0.38;5.47;0.38;0.00;0.00;0.00;0.12;0.25
409.00;-3.60;-0.86;3.79;0.86;0.00;0.00;0.00;0.12;0.25
410.00;-0.80;-0.71;0.84;0.71;0.00;0.00;0.00;0.06;0.25
411.00;-3.60;-0.33;3.79;0.33;0.00;0.00;0.00;0.09;0.25
412.00;-3.60;-0.30;3.79;0.30;0.00;0.00;0.00;0.08;0.25
413.00;-5.60;-0.31;5.89;0.31;0.00;0.00;0.00;0.12;0.25
414.00;-0.80;-0.36;0.84;0.36;0.00;0.00;0.00;0.04;0.25
415.00;-2.00;-0.29;2.11;0.29;0.00;0.00;0.00;0.05;0.25
416.00;-2.00;-0.43;2.11;0.43;0.00;0.00;0.00;0.06;0.25
417.00;-1.60;-0.94;1.68;0.94;0.00;0.00;0.00;0.09;0.25
418.00;-0.80;-0.33;0.84;0.33;0.00;0.00;0.00;0.04;0.25
419.00;-2.40;-0.31;2.53;0.31;0.00;0.00;0.00;0.06;0.25
420.00;-2.80;-0.30;2.95;0.30;0.00;0.00;0.00;0.07;0.25
421.00;-1.60;-0.29;1.68;0.29;0.00;0.00;0.00;0.05;0.25
422.00;-0.80;-0.27;0.84;0.27;0.00;0.00;0.00;0.03;0.25
423.00;-2.00;-0.82;2.11;0.82;0.00;0.00;0.00;0.09;0.25
424.00;-2.40;-0.42;2.53;0.42;0.00;0.00;0.00;0.07;0.25
425.00;-2.00;-1.34;2.11;1.34;0.00;0.00;0.00;0.12;0.25
426.00;-0.80;-1.47;0.84;1.47;0.00;0.00;0.00;0.11;0.25
427.00;-2.40;-0.34;2.53;0.34;0.00;0.00;0.00;0.06;0.25
428.00;-5.20;-0.44;5.47;0.44;0.00;0.00;0.00;0.12;0.25
429.00;-0.40;-0.33;0.42;0.33;0.00;0.00;0.00;0.03;0.25
430.00;-2.00;-0.29;2.11;0.29;0.00;0.00;0.00;0.05;0.25
431.00;-3.20;-1.47;3.37;1.47;0.00;0.00;0.00;0.15;0.25
432.00;0.00;-2.04;0.00;2.04;0.00;0.00;0.00;0.13;0.25
433.00;-2.80;-0.94;2.95;0.94;0.00;0.00;0.00;0.11;0.25
434.00;-2.40;-0.33;2.53;0.33;0.00;0.00;0.00;0.06;0.25
435.00;-1.60;-0.30;1.68;0.30;0.00;0.00;0.00;0.05;0.25
436.00;-3.60;-0.34;3.79;0.34;0.00;0.00;0.00;0.09;0.25
437.00;-3.20;-0.39;3.37;0.39;0.00;0.00;0.00;0.08;0.25
438.00;-1.60;-0.35;1.68;0.35;0.00;0.00;0.00;0.05;0.25
439.00;-0.40;-0.35;0.42;0.35;0.00;0.00;0.00;0.03;0.25
440.00;-1.60;-0.46;1.68;0.46;0.00;0.00;0.00;0.06;0.25
441.00;-1.20;-0.54;1.26;0.54;0.00;0.00;0.00;0.06;0.25
442.00;-0.80;-0.52;0.84;0.52;0.00;0.00;0.00;0.05;0.25
443.00;-2.00;-0.41;2.11;0.41;0.00;0.00;0.00;0.06;0.25
444.00;-2.00;-0.42;2.11;0.42;0.00;0.00;0.00;0.06;0.25
445.00;-1.20;-0.24;1.26;0.24;0.00;0.00;0.00;0.04;0.25
446.00;-1.20;-0.27;1.26;0.27;0.00;0.00;0.00;0.04;0.25
447.00;-2.00;-0.33;2.11;0.33;0.00;0.00;0.00;0.06;0.25
448.00;-1.60;-0.60;1.68;0.60;0.00;0.00;0.00;0.07;0.25
449.00;-1.60;-0.36;1.68;0.36;0.00;0.00;0.00;0.05;0.25
450.00;-0.80;-0.50;0.84;0.50;0.00;0.00;0.00;0.05;0.25
451.00;-2.00;-0.37;2.11;0.37;0.00;0.00;0.00;0.06;0.25
452.00;-2.00;-0.28;2.11;0.28;0.00;0.00;0.00;0.05;0.25
453.00;-1.60;-0.41;1.68;0.41;0.00;0.00;0.00;0.05;0.25
454.00;-1.20;-0.44;1.26;0.44;0.00;0.00;0.00;0.05;0.25
455.00;-2.00;-0.42;2.11;0.42;0.00;0.00;0.00;0.06;0.25
456.00;-2.00;-0.39;2.11;0.39;0.00;0.00;0.00;0.06;0.25
457.00;-1.20;-0.39;1.26;0.39;0.00;0.00;0.00;0.05;0.25
458.00;-1.20;-0.39;1.26;0.39;0.00;0.00;0.00;0.05;0.25
459.00;-2.00;-0.46;2.11;0.46;0.00;0.00;0.00;0.07;0.25
460.00;-2.00;-2.72;2.11;2.72;0.00;0.00;0.00;0.21;0.25
461.00;-6.40;-1.50;6.74;1.50;0.00;0.00;0.00;0.21;0.25
462.00;-1.60;-0.95;1.68;0.95;0.00;0.00;0.00;0.09;0.25
463.00;-2.40;-1.17;2.53;1.17;0.00;0.00;0.00;0.12;0.25
464.00;-2.00;-1.16;2.11;1.16;0.00;0.00;0.00;0.11;0.25
465.00;-1.20;-1.18;1.26;1.18;0.00;0.00;0.00;0.10;0.25
466.00;-1.20;-1.17;1.26;1.17;0.00;0.00;0.00;0.10;0.25
467.00;-2.40;-1.10;2.53;1.10;0.00;0.00;0.00;0.11;0.25
468.00;-2.00;-1.10;2.11;1.10;0.00;0.00;0.00;0.11;0.25
469.00;-0.80;-1.23;0.84;1.23;0.00;0.00;0.00;0.09;0.25
470.00;-2.80;-1.18;2.95;1.18;0.00;0.00;0.00;0.12;0.25
471.00;-2.40;-1.19;2.53;1.19;0.00;0.00;0.00;0.12;0.25
472.00;-1.60;-1.27;1.68;1.27;0.00;0.00;0.00;0.11;0.25
473.00;-0.80;-1.25;0.84;1.25;0.00;0.00;0.00;0.09;0.25
474.00;-2.80;-1.20;2.95;1.20;0.00;0.00;0.00;0.13;0.25
475.00;-2.40;-1.05;2.53;1.05;0.00;0.00;0.00;0.11;0.25
476.00;-2.00;-1.02;2.11;1.02;0.00;0.00;0.00;0.10;0.25
477.00;-0.80;-1.14;0.84;1.14;0.00;0.00;0.00;0.09;0.25
478.00;-3.20;-0.83;3.37;0.83;0.00;0.00;0.00;0.11;0.25
479.00;-2.40;-0.93;2.53;0.93;0.00;0.00;0.00;0.10;0.25
480.00;-2.80;-0.20;2.95;0.20;0.00;0.00;0.00;0.06;0.25
481.00;-2.00;-0.28;2.11;0.28;0.00;0.00;0.00;0.05;0.25
482.00;-0.80;-0.29;0.84;0.29;0.00;0.00;0.00;0.03;0.25
483.00;-3.60;-0.32;3.79;0.32;0.00;0.00;0.00;0.08;0.25
484.00;-3.20;-0.26;3.37;0.26;0.00;0.00;0.00;0.07;0.25
485.00;-2.00;-0.19;2.11;0.19;0.00;0.00;0.00;0.05;0.25
486.00;-0.80;-0.19;0.84;0.19;0.00;0.00;0.00;0.03;0.25
487.00;-3.60;-0.21;3.79;0.21;0.00;0.00;0.00;0.08;0.25
488.00;-2.80;-0.21;2.95;0.21;0.00;0.00;0.00;0.06;0.25
489.00;-3.20;-0.30;3.37;0.30;0.00;0.00;0.00;0.08;0.25
490.00;-0.80;-0.29;0.84;0.29;0.00;0.00;0.00;0.03;0.25
491.00;-3.20;-0.32;3.37;0.32;0.00;0.00;0.00;0.08;0.25
492.00;-3.20;-0.24;3.37;0.24;0.00;0.00;0.00;0.07;0.25
493.00;-3.20;-0.27;3.37;0.27;0.00;0.00;0.00;0.07;0.25
494.00;-0.80;-0.21;0.84;0.21;0.00;0.00;0.00;0.03;0.25
495.00;-3.60;-0.22;3.79;0.22;0.00;0.00;0.00;0.08;0.25
496.00;-3.60;-0.21;3.79;0.21;0.00;0.00;0.00;0.08;0.25
497.00;-3.20;-0.31;3.37;0.31;0.00;0.00;0.00;0.08;0.25
498.00;-0.80;-0.29;0.84;0.29;0.00;0.00;0.00;0.03;0.25
499.00;-2.80;-0.32;2.95;0.32;0.00;0.00;0.00;0.07;0.25
500.00;-3.20;-0.23;3.37;0.23;0.00;0.00;0.00;0.07;0.25
501.00;-2.80;-0.20;2.95;0.20;0.00;0.00;0.00;0.06;0.25
502.00;-0.80;-0.94;0.84;0.94;0.00;0.00;0.00;0.07;0.25
503.00;-4.00;-0.37;4.21;0.37;0.00;0.00;0.00;0.10;0.25
504.00;-5.20;-0.38;5.47;0.38;0.00;0.00;0.00;0.12;0.25
505.00;-3.60;-0.86;3.79;0.86;0.00;0.00;0.00;0.12;0.25
506.00;-0.80;-0.71;0.84;0.71;0.00;0.00;0.00;0.06;0.25
507.00;-3.60;-0.33;3.79;0.33;0.00;0.00;0.00;0.09;0.25
508.00;-3.60;-0.30;3.79;0.30;0.00;0.00;0.00;0.08;0.25
509.00;-5.60;-0.31;5.89;0.31;0.00;0.00;0.00;0.12;0.25
510.00;-0.80;-0.36;0.84;0.36;0.00;0.00;0.00;0.04;0.25
511.00;-2.00;-0.29;2.11;0.29;0.00;0.00;0.00;0.05;0.25
512.00;-2.00;-0.43;2.11;0.43;0.00;0.00;0.00;0.06;0.25
513.00;-1.60;-0.94;1.68;0.94;0.00;0.00;0.00;0.09;0.25
514.00;-0.80;-0.33;0.84;0.33;0.00;0.00;0.00;0.04;0.25
515.00;-2.40;-0.31;2.53;0.31;0.00;0.00;0.00;0.06;0.25
516.00;-2.80;-0.30;2.95;0.30;0.00;0.00;0.00;0.07;0.25
517.00;-1.60;-0.29;1.68;0.29;0.00;0.00;0.00;0.05;0.25
518.00;-0.80;-0.27;0.84;0.27;0.00;0.00;0.00;0.03;0.25
519.00;-2.00;-0.82;2.11;0.82;0.00;0.00;0.00;0.09;0.25
520.00;-2.40;-0.42;2.53;0.42;0.00;0.00;0.00;0.07;0.25
521.00;-2.00;-1.34;2.11;1.34;0.00;0.00;0.00;0.12;0.25
522.00;-0.80;-1.47;0.84;1.47;0.00;0.00;0.00;0.11;0.25
523.00;-2.40;-0.34;2.53;0.34;0.00;0.00;0.00;0.06;0.25
524.00;-5.20;-0.44;5.47;0.44;0.00;0.00;0.00;0.12;0.25
525.00;-0.40;-0.33;0.42;0.33;0.00;0.00;0.00;0.03;0.25
526.00;-2.00;-0.29;2.11;0.29;0.00;0.00;0.00;0.05;0.25
527.00;-3.20;-1.47;3.37;1.47;0.00;0.00;0.00;0.15;0.25
528.00;0.00;-2.04;0.00;2.04;0.00;0.00;0.00;0.13;0.25
529.00;-2.80;-0.94;2.95;0.94;0.00;0.00;0.00;0.11;0.25
530.00;-2.40;-0.33;2.53;0.33;0.00;0.00;0.00;0.06;0.25
531.00;-1.60;-0.30;1.68;0.30;0.00;0.00;0.00;0.05;0.25
532.00;-3.60;-0.34;3.79;0.34;0.00;0.00;0.00;0.09;0.25
533.00;-3.20;-0.39;3.37;0.39;0.00;0.00;0.00;0.08;0.25
534.00;-1.60;-0.35;1.68;0.35;0.00;0.00;0.00;0.05;0.25
535.00;-0.40;-0.35;0.42;0.35;0.00;0.00;0.00;0.03;0.25
536.00;-1.60;-0.46;1.68;0.46;0.00;0.00;0.00;0.06;0.25
537.00;-1.20;-0.54;1.26;0.54;0.00;0.00;0.00;0.06;0.25
538.00;-0.80;-0.52;0.84;0.52;0.00;0.00;0.00;0.05;0.25
539.00;-2.00;-0.41;2.11;0.41;0.00;0.00;0.00;0.06;0.25
540.00;-2.00;-0.42;2.11;0.42;0.00;0.00;0.00;0.06;0.25
541.00;-1.20;-0.24;1.26;0.24;0.00;0.00;0.00;0.04;0.25
542.00;-1.20;-0.27;1.26;0.27;0.00;0.00;0.00;0.04;0.25
543.00;-2.00;-0.33;2.11;0.33;0.00;0.00;0.00;0.06;0.25
544.00;-1.60;-0.60;1.68;0.60;0.00;0.00;0.00;0.07;0.25
545.00;-1.60;-0.36;1.68;0.36;0.00;0.00;0.00;0.05;0.25
546.00;-0.80;-0.50;0.84;0.50;0.00;0.00;0.00;0.05;0.25
547.00;-2.00;-0.37;2.11;0.37;0.00;0.00;0.00;0.06;0.25
548.00;-2.00;-0.28;2.11;0.28;0.00;0.00;0.00;0.05;0.25
549.00;-1.60;-0.41;1.68;0.41;0.00;0.00;0.00;0.05;0.25
550.00;-1.20;-0.44;1.26;0.44;0.00;0.00;0.00;0.05;0.25
551.00;-2.00;-0.42;2.11;0.42;0.00;0.00;0.00;0.06;0.25
552.00;-2.00;-0.39;2.11;0.39;0.00;0.00;0.00;0.06;0.25
553.00;-1.20;-0.39;1.26;0.39;0.00;0.00;0.00;0.05;0.25
554.00;-1.20;-0.39;1.26;0.39;0.00;0.00;0.00;0.05;0.25
555.00;-2.00;-0.46;2.11;0.46;0.00;0.00;0.00;0.07;0.25
556.00;-2.00;-2.72;2.11;2.72;0.00;0.00;0.00;0.21;0.25
557.00;-6.40;-1.50;6.74;1.50;0.00;0.00;0.00;0.21;0.25
558.00;-1.60;-0.95;1.68;0.95;0.00;0.00;0.00;0.09;0.25
559.00;-2.40;-1.17;2.53;1.17;0.00;0.00;0.00;0.12;0.25
560.00;-2.00;-1.16;2.11;1.16;0.00;0.00;0.00;0.11;0.25
561.00;-1.20;-1.18;1.26;1.18;0.00;0.00;0.00;0.10;0.25
562.00;-1.20;-1.17;1.26;1.17;0.00;0.00;0.00;0.10;0.25
563.00;-2.40;-1.10;2.53;1.10;0.00;0.00;0.00;0.11;0.25
564.00;-2.00;-1.10;2.11;1.10;0.00;0.00;0.00;0.11;0.25
565.00;-0.80;-1.23;0.84;1.23;0.00;0.00;0.00;0.09;0.25
566.00;-2.80;-1.18;2.95;1.18;0.00;0.00;0.00;0.12;0.25
567.00;-2.40;-1.19;2.53;1.19;0.00;0.00;0.00;0.12;0.25
568.00;-1.60;-1.27;1.68;1.27;0.00;0.00;0.00;0.11;0.25
569.00;-0.80;-1.25;0.84;1.25;0.00;0.00;0.00;0.09;0.25
570.00;-2.80;-1.20;2.95;1.20;0.00;0.00;0.00;0.13;0.25
571.00;-2.40;-1.05;2.53;1.05;0.00;0.00;0.00;0.11;0.25
572.00;-2.00;-1.02;2.11;1.02;0.00;0.00;0.00;0.10;0.25
573.00;-0.80;-1.14;0.84;1.14;0.00;0.00;0.00;0.09;0.25
574.00;-3.20;-0.83;3.37;0.83;0.00;0.00;0.00;0.11;0.25
575.00;-2.40;-0.93;2.53;0.93;0.00;0.00;0.00;0.10;0.25
576.00;-2.80;-0.20;2.95;0.20;0.00;0.00;0.00;0.06;0.25
577.00;-2.00;-0.28;2.11;0.28;0.00;0.00;0.00;0.05;0.25
578.00;-0.80;-0.29;0.84;0.29;0.00;0.00;0.00;0.03;0.25
579.00;-3.60;-0.32;3.79;0.32;0.00;0.00;0.00;0.08;0.25
580.00;-3.20;-0.26;3.37;0.26;0.00;0.00;0.00;0.07;0.25
581.00;-2.00;-0.19;2.11;0.19;0.00;0.00;0.00;0.05;0.25
582.00;-0.80;-0.19;0.84;0.19;0.00;0.00;0.00;0.03;0.25
583.00;-3.60;-0.21;3.79;0.21;0.00;0.00;0.00;0.08;0.25
584.00;-2.80;-0.21;2.95;0.21;0.00;0.00;0.00;0.06;0.25
585.00;-3.20;-0.30;3.37;0.30;0.00;0.00;0.00;0.08;0.25
586.00;-0.80;-0.29;0.84;0.29;0.00;0.00;0.00;0.03;0.25
587.00;-3.20;-0.32;3.37;0.32;0.00;0.00;0.00;0.08;0.25
588.00;-3.20;-0.24;3.37;0.24;0.00;0.00;0.00;0.07;0.25
589.00;-3.20;-0.27;3.37;0.27;0.00;0.00;0.00;0.07;0.25
590.00;-0.80;-0.21;0.84;0.21;0.00;0.00;0.00;0.03;0.25
591.00;-3.60;-0.22;3.79;0.22;0.00;0.00;0.00;0.08;0.25
592.00;-3.60;-0.21;3.79;0.21;0.00;0.00;0.00;0.08;0.25
593.00;-3.20;-0.31;3.37;0.31;0.00;0.00;0.00;0.08;0.25
594.00;-0.80;-0.29;0.84;0.29;0.00;0.00;0.00;0.03;0.25
595.00;-2.80;-0.32;2.95;0.32;0.00;0.00;0.00;0.07;0.25
596.00;-3.20;-0.23;3.37;0.23;0.00;0.00;0.00;0.07;0.25
597.00;-2.80;-0.20;2.95;0.20;0.00;0.00;0.00;0.06;0.25
598.00;-0.80;-0.94;0.84;0.94;0.00;0.00;0.00;0.07;0.25
599.00;-4.00;-0.37;4.21;0.37;0.00;0.00;0.00;0.10;0.25
600.00;-5.20;-0.38;5.47;0.38;0.00;0.00;0.00;0.12;0.25
601.00;-3.60;-0.86;3.79;0.86;0.00;0.00;0.00;0.12;0.25
602.00;-0.80;-0.71;0.84;0.71;0.00;0.00;0.00;0.06;0.25
603.00;-3.60;-0.33;3.79;0.33;0.00;0.00;0.00;0.09;0.25
604.00;-3.60;-0.30;3.79;0.30;0.00;0.00;0.00;0.08;0.25
605.00;-5.60;-0.31;5.89;0.31;0.00;0.00;0.00;0.12;0.25
606.00;-0.80;-0.36;0.84;0.36;0.00;0.00;0.00;0.04;0.25
607.00;-2.00;-0.29;2.11;0.29;0.00;0.00;0.00;0.05;0.25
608.00;-2.00;-0.43;2.11;0.43;0.00;0.00;0.00;0.06;0.25
609.00;-1.60;-0.94;1.68;0.94;0.00;0.00;0.00;0.09;0.25
610.00;-0.80;-0.33;0.84;0.33;0.00;0.00;0.00;0.04;0.25
611.00;-2.40;-0.31;2.53;0.31;0.00;0.00;0.00;0.06;0.25
612.00;-2.80;-0.30;2.95;0.30;0.00;0.00;0.00;0.07;0.25
613.00;-1.60;-0.29;1.68;0.29;0.00;0.00;0.00;0.05;0.25
614.00;-0.80;-0.27;0.84;0.27;0.00;0.00;0.00;0.03;0.25
615.00;-2.00;-0.82;2.11;0.82;0.00;0.00;0.00;0.09;0.25
616.00;-2.40;-0.42;2.53;0.42;0.00;0.00;0.00;0.07;0.25
617.00;-2.00;-1.34;2.11;1.34;0.00;0.00;0.00;0.12;0.25
618.00;-0.80;-1.47;0.84;1.47;0.00;0.00;0.00;0.11;0.25
619.00;-2.40;-0.34;2.53;0.34;0.00;0.00;0.00;0.06;0.25
620.00;-5.20;-0.44;5.47;0.44;0.00;0.00;0.00;0.12;0.25
621.00;-0.40;-0.33;0.42;0.33;0.00;0.00;0.00;0.03;0.25
622.00;-2.00;-0.29;2.11;0.29;0.00;0.00;0.00;0.05;0.25
623.00;-3.20;-1.47;3.37;1.47;0.00;0.00;0.00;0.15;0.25
624.00;0.00;-2.04;0.00;2.04;0.00;0.00;0.00;0.13;0.25
625.00;-2.80;-0.94;2.95;0.94;0.00;0.00;0.00;0.11;0.25
626.00;-2.40;-0.33;2.53;0.33;0.00;0.00;0.00;0.06;0.25
627.00;-1.60;-0.30;1.68;0.30;0.00;0.00;0.00;0.05;0.25
628.00;-3.60;-0.34;3.79;0.34;0.00;0.00;0.00;0.09;0.25
629.00;-3.20;-0.39;3.37;0.39;0.00;0.00;0.00;0.08;0.25
630.00;-1.60;-0.35;1.68;0.35;0.00;0.00;0.00;0.05;0.25
631.00;-0.40;-0.35;0.42;0.35;0.00;0.00;0.00;0.03;0.25
632.00;-1.60;-0.46;1.68;0.46;0.00;0.00;0.00;0.06;0.25
633.00;-1.20;-0.54;1.26;0.54;0.00;0.00;0.00;0.06;0.25
634.00;-0.80;-0.52;0.84;0.52;0.00;0.00;0.00;0.05;0.25
635.00;-2.00;-0.41;2.11;0.41;0.00;0.00;0.00;0.06;0.25
636.00;-2.00;-0.42;2.11;0.42;0.00;0.00;0.00;0.06;0.25
637.00;-1.20;-0.24;1.26;0.24;0.00;0.00;0.00;0.04;0.25
638.00;-1.20;-0.27;1.26;0.27;0.00;0.00;0.00;0.04;0.25
639.00;-2.00;-0.33;2.11;0.33;0.00;0.00;0.00;0.06;0.25
640.00;-1.60;-0.60;1.68;0.60;0.00;0.00;0.00;0.07;0.25
641.00;-1.60;-0.36;1.68;0.36;0.00;0.00;0.00;0.05;0.25
642.00;-0.80;-0.50;0.84;0.50;0.00;0.00;0.00;0.05;0.25
643.00;-2.00;-0.37;2.11;0.37;0.00;0.00;0.00;0.06;0.25
644.00;-2.00;-0.28;2.11;0.28;0.00;0.00;0.00;0.05;0.25
645.00;-1.60;-0.41;1.68;0.41;0.00;0.00;0.00;0.05;0.25
646.00;-1.20;-0.44;1.26;0.44;0.00;0.00;0.00;0.05;0.25
647.00;-2.00;-0.42;2.11;0.42;0.00;0.00;0.00;0.06;0.25
648.00;-2.00;-0.39;2.11;0.39;0.00;0.00;0.00;0.06;0.25
649.00;-1.20;-0.39;1.26;0.39;0.00;0.00;0.00;0.05;0.25
650.00;-1.20;-0.39;1.26;0.39;0.00;0.00;0.00;0.05;0.25
651.00;-2.00;-0.46;2.11;0.46;0.00;0.00;0.00;0.07;0.25
652.00;-2.00;-2.72;2.11;2.72;0.00;0.00;0.00;0.21;0.25
653.00;-6.40;-1.50;6.74;1.50;0.00;0.00;0.00;0.21;0.25
654.00;-1.60;-0.95;1.68;0.95;0.00;0.00;0.00;0.09;0.25
655.00;-2.40;-1.17;2.53;1.17;0.00;0.00;0.00;0.12;0.25
656.00;-2.00;-1.16;2.11;1.16;0.00;0.00;0.00;0.11;0.25
657.00;-1.20;-1.18;1.26;1.18;0.00;0.00;0.00;0.10;0.25
658.00;-1.20;-1.17;1.26;1.17;0.00;0.00;0.00;0.10;0.25
659.00;-2.40;-1.10;2.53;1.10;0.00;0.00;0.00;0.11;0.25
660.00;-2.00;-1.10;2.11;1.10;0.00;0.00;0.00;0.11;0.25
661.00;-0.80;-1.23;0.84;1.23;0.00;0.00;0.00;0.09;0.25
662.00;-2.80;-1.18;2.95;1.18;0.00;0.00;0.00;0.12;0.25
663.00;-2.40;-1.19;2.53;1.19;0.00;0.00;0.00;0.12;0.25
664.00;-1.60;-1.27;1.68;1.27;0.00;0.00;0.00;0.11;0.25
665.00;-0.80;-1.25;0.84;1.25;0.00;0.00;0.00;0.09;0.25
666.00;-2.80;-1.20;2.95;1.20;0.00;0.00;0.00;0.13;0.25
667.00;-2.40;-1.05;2.53;1.05;0.00;0.00;0.00;0.11;0.25
668.00;-2.00;-1.02;2.11;1.02;0.00;0.00;0.00;0.10;0.25
669.00;-0.80;-1.14;0.84;1.14;0.00;0.00;0.00;0.09;0.25
670.00;-3.20;-0.83;3.37;0.83;0.00;0.00;0.00;0.11;0.25
671.00;-2.40;-0.93;2.53;0.93;0.00;0.00;0.00;0.10;0.25