demandHeat;demandElectricity;PV2;Battery2Discharge;Battery2Charge;PV3;ThermalStorage3Discharge;ThermalStorage3Charge;HeatPump3;CHP4;SolarThermic5;CHP5;ElecBuy;ElecSell;HeatBuy;HeatSell;Battery2SOC;ThermalStorage3SOC;Cost;
-10.10;-2.76;0.00;0.09;0.00;0.00;4.15;0.00;0.07;9.47;0.00;0.00;0.00;0.00;0.00;0.00;2.40;60.00;0.65
-10.60;-2.73;0.00;0.09;0.00;0.00;4.63;0.00;0.09;9.42;0.00;0.00;0.00;0.00;0.00;0.00;2.38;58.85;0.65
-7.48;-2.89;0.00;0.10;0.00;0.00;1.23;0.00;0.08;9.90;0.00;0.00;0.00;0.00;0.00;0.00;2.35;57.56;0.68
-7.37;-3.24;0.00;0.14;0.00;0.00;0.50;0.00;0.07;10.96;0.00;0.00;0.00;0.00;0.00;0.00;2.33;57.22;0.75
-11.13;-3.40;0.00;0.09;0.00;0.00;3.35;0.00;0.18;12.03;0.00;0.00;0.00;0.00;0.00;0.00;2.29;57.08;0.82
-12.40;-3.30;0.00;0.08;0.00;0.00;4.67;0.00;0.21;11.82;0.00;0.00;0.00;0.00;0.00;0.00;2.27;56.15;0.81
-9.01;-3.04;0.00;0.09;0.00;0.00;2.13;0.00;0.14;10.68;0.00;0.00;0.00;0.00;0.00;0.00;2.25;54.85;0.73
-6.91;-2.90;0.00;0.11;0.00;0.00;0.64;0.00;0.09;9.92;0.00;0.00;0.00;0.00;0.00;0.00;2.22;54.26;0.68
-8.44;-2.85;0.00;0.08;0.00;0.00;1.86;0.00;0.16;10.12;0.00;0.00;0.00;0.00;0.00;0.00;2.19;54.08;0.69
-11.09;-2.92;0.00;0.08;0.00;0.00;3.55;0.00;0.34;10.97;0.00;0.00;0.00;0.00;0.00;0.00;2.17;53.57;0.75
-9.19;-2.75;0.00;0.08;0.00;0.00;2.18;0.00;0.30;10.25;0.00;0.00;0.00;0.00;0.00;0.00;2.15;52.58;0.70
-7.68;-2.55;0.00;0.08;0.00;0.00;1.39;0.00;0.24;9.33;0.00;0.00;0.00;0.00;0.00;0.00;2.13;51.98;0.64
-8.90;-2.51;0.00;0.08;0.00;0.00;2.27;0.00;0.33;9.52;0.00;0.00;0.00;0.00;0.00;0.00;2.11;51.59;0.65
-13.04;-2.71;0.00;0.08;0.00;0.00;5.06;0.00;0.53;10.90;0.00;0.00;0.00;0.00;0.00;0.00;2.09;50.96;0.75
-11.01;-2.72;0.00;0.08;0.00;0.00;3.53;0.00;0.42;10.55;0.00;0.00;0.00;0.00;0.00;0.00;2.07;49.55;0.72
-8.91;-2.61;0.00;0.08;0.00;0.00;2.09;0.00;0.33;9.85;0.00;0.00;0.00;0.00;0.00;0.00;2.04;48.57;0.67
-8.88;-2.55;0.00;0.08;0.00;0.00;2.11;0.00;0.34;9.69;0.00;0.00;0.00;0.00;0.00;0.00;2.02;47.99;0.66
-9.63;-2.59;0.00;0.08;0.00;0.00;2.62;0.00;0.38;9.96;0.00;0.00;0.00;0.00;0.00;0.00;2.00;47.40;0.68
-8.47;-2.60;0.00;0.08;0.00;0.00;1.72;0.00;0.32;9.77;0.00;0.00;0.00;0.00;0.00;0.00;1.98;46.68;0.67
-10.58;-2.64;0.00;0.08;0.00;0.00;2.98;0.00;0.48;10.50;0.00;0.00;0.00;0.00;0.00;0.00;1.96;46.20;0.72
-14.49;-2.63;0.00;0.07;0.00;0.00;5.56;0.00;0.77;11.48;0.00;0.00;0.00;0.00;0.00;0.00;1.94;45.37;0.79
-13.43;-3.23;0.00;0.07;0.00;0.00;3.91;0.00;0.62;13.06;0.00;0.00;0.00;0.00;0.00;0.00;1.92;43.83;0.90
-10.82;-3.23;0.00;0.07;0.00;0.00;2.16;0.00;0.44;12.40;0.00;0.00;0.00;0.00;0.00;0.00;1.90;42.74;0.85
-9.51;-2.99;0.00;0.07;0.00;0.00;1.63;0.00;0.38;11.38;0.00;0.00;0.00;0.00;0.00;0.00;1.88;42.14;0.78
-9.34;-3.18;0.01;0.07;0.00;0.01;1.33;0.00;0.32;11.77;0.01;0.00;0.00;0.00;0.00;0.00;1.86;41.69;0.81
-13.17;-3.60;0.03;0.06;0.00;0.06;3.13;0.00;0.60;13.92;0.05;0.00;0.00;0.00;0.00;0.00;1.84;41.32;0.95
-14.58;-3.80;0.06;0.06;0.00;0.14;3.93;0.00;0.67;14.51;0.12;0.00;0.00;0.00;0.00;0.00;1.83;40.45;0.99
-14.01;-3.81;0.09;0.06;0.00;0.22;3.42;0.00;0.69;14.22;0.19;0.00;0.00;0.00;0.00;0.00;1.81;39.36;0.97
-19.05;-4.34;0.13;0.06;0.00;0.31;5.66;0.00;1.10;17.04;0.25;0.00;0.00;0.00;0.00;0.00;1.79;38.41;1.17
-20.21;-4.40;0.17;0.06;0.00;0.42;6.30;0.00;1.23;17.19;0.35;0.00;0.00;0.00;0.00;0.00;1.78;36.84;1.18
-10.02;-3.90;0.27;0.06;0.00;0.66;1.48;0.00;0.41;11.44;0.55;0.00;0.00;0.00;0.00;0.00;1.76;35.09;0.78
-14.12;-3.55;0.30;0.05;0.00;0.71;4.18;0.00;0.89;11.66;0.59;0.00;0.00;0.00;0.00;0.00;1.75;34.68;0.80
-17.42;-3.50;0.30;0.05;0.00;0.73;6.42;0.00;1.15;12.32;0.61;0.00;0.00;0.00;0.00;0.00;1.73;33.52;0.84
-12.80;-4.06;0.25;0.05;0.00;0.60;2.38;0.00;0.72;13.34;0.50;0.00;0.00;0.00;0.00;0.00;1.72;31.73;0.91
-12.98;-4.29;0.22;0.05;0.00;0.54;2.09;0.00;0.68;14.33;0.45;0.00;0.00;0.00;0.00;0.00;1.70;31.07;0.98
-13.15;-4.52;0.18;0.05;0.00;0.44;1.89;0.00;0.61;15.39;0.36;0.00;0.00;0.00;0.00;0.00;1.69;30.49;1.05
-9.91;-4.47;0.20;0.05;0.00;0.47;0.68;0.00;0.20;13.65;0.39;0.00;0.00;0.00;0.00;0.00;1.68;29.97;0.94
-7.50;-4.71;0.25;0.63;0.00;0.60;0.08;0.00;0.03;11.23;0.50;0.00;0.00;0.00;0.00;0.00;1.66;29.78;0.77
-10.96;-4.91;0.32;0.04;0.00;0.76;1.03;0.00;0.28;14.08;0.63;0.00;0.00;0.00;0.00;0.00;1.50;29.76;0.96
-12.84;-5.42;0.35;0.04;0.00;0.84;1.48;0.00;0.40;15.82;0.70;0.00;0.00;0.00;0.00;0.00;1.49;29.47;1.08
-8.82;-4.66;0.34;0.04;0.00;0.82;0.37;0.00;0.11;12.29;0.69;0.00;0.00;0.00;0.00;0.00;1.48;29.06;0.84
-11.00;-5.16;0.36;0.02;0.00;0.87;0.93;0.00;0.24;14.33;0.72;0.00;0.00;0.00;0.00;0.00;1.47;28.96;0.98
-13.25;-5.19;0.30;0.02;0.00;0.71;1.88;0.00;0.44;15.87;0.59;0.00;0.00;0.00;0.00;0.00;1.46;28.70;1.09
-12.33;-3.83;0.31;0.02;0.00;0.74;2.74;0.00;0.69;11.91;0.61;0.00;0.00;0.00;0.00;0.00;1.46;28.17;0.82
-11.17;-4.10;0.29;0.02;0.00;0.70;1.87;0.00;0.48;12.34;0.58;0.00;0.00;0.00;0.00;0.00;1.45;27.41;0.85
-9.70;-4.82;0.37;0.01;0.00;0.90;0.68;0.00;0.18;12.81;0.75;0.00;0.00;0.00;0.00;0.00;1.45;26.89;0.88
-12.40;-5.11;0.56;0.01;0.00;1.34;2.13;0.00;0.53;12.85;1.11;0.00;0.00;0.00;0.00;0.00;1.44;26.71;0.88
-11.89;-5.18;0.54;0.01;0.00;1.30;1.69;0.00;0.46;13.04;1.09;0.00;0.00;0.00;0.00;0.00;1.44;26.11;0.89
-9.86;-4.89;0.68;0.01;0.00;1.62;1.34;0.00;0.38;10.19;1.35;0.00;0.00;0.00;0.00;0.00;1.44;25.64;0.70
-14.49;-4.44;0.56;0.01;0.00;1.35;3.33;0.00;1.03;12.22;1.13;0.00;0.00;0.00;0.00;0.00;1.43;25.27;0.84
-17.18;-5.39;0.51;0.01;0.00;1.23;3.44;0.00;1.10;16.34;1.02;0.00;0.00;0.00;0.00;0.00;1.43;24.35;1.12
-10.50;-5.27;0.51;0.01;0.00;1.23;0.86;0.00;0.26;13.04;1.02;0.00;0.00;0.00;0.00;0.00;1.42;23.39;0.89
-7.85;-5.91;0.73;0.42;0.00;1.75;0.02;0.00;0.01;10.40;1.46;0.00;0.00;0.00;0.00;0.00;1.42;23.15;0.71
-8.81;-5.05;0.73;0.01;0.00;1.76;0.83;0.00;0.25;9.65;1.47;0.00;0.00;0.00;0.00;0.00;1.31;23.15;0.66
-8.26;-4.95;0.70;0.01;0.00;1.69;0.62;0.00;0.19;9.45;1.41;0.00;0.00;0.00;0.00;0.00;1.31;22.91;0.65
-12.67;-5.40;0.91;0.01;0.00;2.19;2.23;0.00;0.82;10.75;1.82;0.00;0.00;0.00;0.00;0.00;1.31;22.74;0.74
-18.44;-4.98;1.36;0.01;0.00;3.26;4.25;0.00;2.33;9.24;2.72;0.00;0.00;0.00;0.00;0.00;1.30;22.12;0.63
-17.75;-4.27;1.43;0.01;0.00;3.43;3.88;0.00;2.66;7.14;2.86;0.00;0.00;0.00;0.00;0.00;1.30;20.94;0.49
-12.86;-4.32;1.66;0.01;0.00;3.99;2.14;0.00;2.22;3.02;3.33;0.00;0.00;0.00;0.00;0.00;1.30;19.86;0.21
-11.25;-4.46;1.99;0.01;0.00;4.78;0.74;0.00;2.48;0.54;3.98;0.00;0.00;0.00;0.00;0.00;1.29;19.27;0.04
-10.08;-3.64;2.16;0.00;0.00;5.19;0.00;0.00;2.30;0.00;4.33;0.00;0.00;1.41;0.00;0.00;1.29;19.06;-0.18
-8.94;-3.42;2.26;0.00;0.00;5.43;0.00;0.00;1.76;0.00;4.53;0.00;0.00;2.51;0.00;0.00;1.29;19.06;-0.31
-15.52;-4.44;2.01;0.01;0.00;4.84;1.82;0.00;3.21;2.70;4.03;0.00;0.00;0.00;0.00;0.00;1.29;19.06;0.19
-16.87;-4.21;3.30;0.00;0.00;7.93;0.00;0.00;4.10;0.00;6.61;0.00;0.00;2.92;0.00;0.00;1.29;18.55;-0.37
-11.01;-3.86;2.67;0.00;0.00;6.41;0.00;0.00;2.27;0.00;5.34;0.00;0.00;2.94;0.00;0.00;1.29;18.55;-0.37
-10.33;-4.59;1.61;0.01;0.00;3.86;1.02;0.00;1.73;2.89;3.22;0.00;0.00;0.00;0.00;0.00;1.29;18.55;0.20
-11.33;-4.81;0.97;0.01;0.00;2.34;1.09;0.00;1.12;9.02;1.95;0.00;0.00;0.00;0.00;0.00;1.29;18.27;0.62
-9.23;-4.50;0.75;0.01;0.00;1.80;0.90;0.00;0.59;8.77;1.50;0.00;0.00;0.00;0.00;0.00;1.28;17.97;0.60
-10.22;-5.24;0.53;0.01;0.00;1.27;0.59;0.00;0.29;12.86;1.06;0.00;0.00;0.00;0.00;0.00;1.28;17.72;0.88
-14.77;-5.66;0.34;0.01;0.00;0.81;0.90;0.00;0.81;18.30;0.68;0.00;0.00;0.00;0.00;0.00;1.28;17.56;1.25
-15.86;-5.23;0.10;0.01;0.00;0.25;0.84;0.00;0.99;20.19;0.21;0.00;0.00;0.00;0.00;0.00;1.28;17.31;1.38
-10.98;-4.73;0.24;0.01;0.00;0.57;0.57;0.00;0.37;14.76;0.48;0.00;0.00;0.00;0.00;0.00;1.28;17.07;1.01
-9.50;-5.21;0.24;0.12;0.00;0.58;0.01;0.00;0.00;14.74;0.48;0.00;0.00;0.00;0.00;0.00;1.27;16.91;1.01
-10.86;-5.10;0.27;0.01;0.00;0.66;0.47;0.00;0.24;15.15;0.55;0.00;0.00;0.00;0.00;0.00;1.24;16.91;1.04
-13.57;-4.73;0.35;0.01;0.00;0.83;0.74;0.00;1.01;15.73;0.69;0.00;0.00;0.00;0.00;0.00;1.24;16.78;1.08
-17.59;-5.12;0.34;0.01;0.00;0.82;0.73;0.00;1.71;19.53;0.68;0.00;0.00;0.00;0.00;0.00;1.24;16.57;1.34
-13.99;-6.69;0.21;0.01;0.00;0.50;0.32;0.00;0.15;21.12;0.42;0.00;0.00;0.00;0.00;0.00;1.24;16.37;1.45
-14.14;-7.08;0.17;0.01;0.00;0.42;0.07;0.00;0.02;22.42;0.35;0.00;0.00;0.00;0.00;0.00;1.24;16.28;1.54
-11.34;-6.53;0.19;0.69;0.00;0.45;0.01;0.00;0.00;17.95;0.38;0.00;0.00;0.00;0.00;0.00;1.23;16.26;1.23
-11.60;-6.28;0.15;0.41;0.00;0.37;0.01;0.00;0.00;18.49;0.31;0.00;0.00;0.00;0.00;0.00;1.05;16.26;1.27
-18.32;-6.85;0.11;0.01;0.00;0.28;0.53;0.00;0.86;25.25;0.23;0.00;0.00;0.00;0.00;0.00;0.95;16.26;1.73
-17.48;-6.68;0.09;0.01;0.00;0.22;0.47;0.00;0.74;24.52;0.18;0.00;0.00;0.00;0.00;0.00;0.94;16.11;1.68
-12.31;-5.91;0.06;0.01;0.00;0.14;0.07;0.00;0.03;19.77;0.12;0.00;0.00;0.00;0.00;0.00;0.94;15.98;1.35
-13.66;-6.03;0.02;0.01;0.00;0.06;0.29;0.00;0.18;21.10;0.05;0.00;0.00;0.00;0.00;0.00;0.94;15.96;1.45
-12.10;-6.04;0.00;0.29;0.00;0.00;0.01;0.00;0.00;19.81;0.00;0.00;0.00;0.00;0.00;0.00;0.94;15.88;1.36
-8.22;-5.35;0.00;1.45;0.00;0.00;0.01;0.00;0.00;13.46;0.00;0.00;0.00;0.00;0.00;0.00;0.86;15.88;0.92
-12.90;-5.23;0.00;0.00;0.00;0.00;0.41;0.00;0.32;19.14;0.00;0.00;0.00;0.00;0.00;0.00;0.48;15.87;1.31
-14.11;-5.11;0.00;0.00;0.00;0.00;0.51;0.00;0.62;19.75;0.00;0.00;0.00;0.00;0.00;0.00;0.48;15.76;1.35
-9.38;-5.51;0.00;1.05;0.00;0.00;0.00;0.00;0.00;15.38;0.00;0.00;0.00;0.00;0.00;0.00;0.48;15.62;1.05
-9.99;-4.66;0.00;0.00;0.00;0.00;0.07;0.00;0.02;16.16;0.00;0.00;0.00;0.00;0.00;0.00;0.21;15.62;1.11
-14.23;-5.02;0.00;0.00;0.00;0.00;0.53;0.00;0.68;19.67;0.00;0.00;0.00;0.00;0.00;0.00;0.21;15.60;1.35
-12.09;-4.61;0.00;0.00;0.00;0.00;0.46;0.00;0.42;17.33;0.00;0.00;0.00;0.00;0.00;0.00;0.21;15.45;1.19
-7.95;-4.09;0.00;0.31;0.00;0.00;0.00;0.00;0.00;13.03;0.00;0.00;0.00;0.00;0.00;0.00;0.21;15.32;0.89
-11.39;-4.10;0.00;0.00;0.00;0.00;0.47;0.00;0.50;15.86;0.00;0.00;0.00;0.00;0.00;0.00;0.12;15.32;1.09
-14.06;-3.84;0.00;0.00;0.00;0.00;0.58;0.00;1.17;17.29;0.00;0.00;0.00;0.00;0.00;0.00;0.12;15.19;1.18
-10.09;-3.66;0.00;0.00;0.00;0.00;0.44;0.00;0.42;14.08;0.00;0.00;0.00;0.00;0.00;0.00;0.12;15.03;0.96
-10.10;-2.76;0.00;0.00;0.00;0.00;0.52;0.00;0.82;12.35;0.00;0.00;0.00;0.00;0.00;0.00;0.12;14.91;0.85
-10.60;-2.73;0.00;0.00;0.00;0.00;0.51;0.00;0.94;12.67;0.00;0.00;0.00;0.00;0.00;0.00;0.13;14.76;0.87
-7.48;-2.89;0.00;0.00;0.00;0.00;0.34;0.00;0.23;10.76;0.00;0.00;0.00;0.00;0.00;0.00;0.13;14.62;0.74
-7.37;-3.24;0.00;0.00;0.00;0.00;0.18;0.00;0.08;11.45;0.00;0.00;0.00;0.00;0.00;0.00;0.13;14.53;0.78
-11.13;-3.40;0.00;0.00;0.00;0.00;0.48;0.00;0.76;14.34;0.00;0.00;0.00;0.00;0.00;0.00;0.13;14.48;0.98
-12.40;-3.30;0.00;0.00;0.01;0.00;0.48;0.00;1.08;15.12;0.00;0.00;0.00;0.00;0.00;0.00;0.13;14.34;1.04
-9.01;-3.04;0.00;0.00;0.01;0.00;0.42;0.00;0.47;12.15;0.00;0.00;0.00;0.00;0.00;0.00;0.13;14.21;0.83
-6.91;-2.90;0.00;0.00;0.01;0.00;0.24;0.00;0.12;10.45;0.00;0.00;0.00;0.00;0.00;0.00;0.13;14.09;0.72
-8.44;-2.85;0.00;0.00;0.01;0.00;0.41;0.00;0.43;11.38;0.00;0.00;0.00;0.00;0.00;0.00;0.13;14.03;0.78
-11.09;-2.92;0.00;0.00;0.01;0.00;0.45;0.00;0.97;13.46;0.00;0.00;0.00;0.00;0.00;0.00;0.14;13.91;0.92
-9.19;-2.75;0.00;0.00;0.01;0.00;0.40;0.00;0.65;11.76;0.00;0.00;0.00;0.00;0.00;0.00;0.14;13.79;0.81
-7.68;-2.55;0.00;0.00;0.01;0.00;0.36;0.00;0.42;10.28;0.00;0.00;0.00;0.00;0.00;0.00;0.14;13.67;0.70
-8.90;-2.51;0.00;0.00;0.01;0.00;0.41;0.00;0.69;11.08;0.00;0.00;0.00;0.00;0.00;0.00;0.14;13.57;0.76
-13.04;-2.71;0.00;0.00;0.01;0.00;0.46;0.00;1.49;14.51;0.00;0.00;0.00;0.00;0.00;0.00;0.15;13.46;0.99
-11.01;-2.72;0.00;0.00;0.01;0.00;0.46;0.00;1.04;13.02;0.00;0.00;0.00;0.00;0.00;0.00;0.15;13.33;0.89
-8.91;-2.61;0.00;0.00;0.01;0.00;0.42;0.00;0.65;11.27;0.00;0.00;0.00;0.00;0.00;0.00;0.15;13.20;0.77
-8.88;-2.55;0.00;0.00;0.01;0.00;0.42;0.00;0.67;11.13;0.00;0.00;0.00;0.00;0.00;0.00;0.15;13.08;0.76
-9.63;-2.59;0.00;0.00;0.01;0.00;0.46;0.00;0.80;11.75;0.00;0.00;0.00;0.00;0.00;0.00;0.16;12.97;0.80
-8.47;-2.60;0.00;0.00;0.01;0.00;0.42;0.00;0.55;10.92;0.00;0.00;0.00;0.00;0.00;0.00;0.16;12.84;0.75
-10.58;-2.64;0.00;0.00;0.01;0.00;0.46;0.00;0.99;12.54;0.00;0.00;0.00;0.00;0.00;0.00;0.16;12.72;0.86
-14.49;-2.63;0.00;0.00;0.01;0.00;0.52;0.00;1.83;15.41;0.00;0.00;0.00;0.00;0.00;0.00;0.16;12.60;1.06
-13.43;-3.23;0.00;0.00;0.01;0.00;0.49;0.00;1.33;15.76;0.00;0.00;0.00;0.00;0.00;0.00;0.16;12.45;1.08
-10.82;-3.23;0.00;0.00;0.01;0.00;0.44;0.00;0.78;13.84;0.00;0.00;0.00;0.00;0.00;0.00;0.17;12.32;0.95
-9.51;-2.99;0.00;0.00;0.01;0.00;0.42;0.00;0.60;12.43;0.00;0.00;0.00;0.00;0.00;0.00;0.17;12.20;0.85
-9.34;-3.18;0.01;0.00;0.01;0.01;0.42;0.00;0.49;12.61;0.01;0.00;0.00;0.00;0.00;0.00;0.17;12.08;0.86
-13.17;-3.60;0.03;0.00;0.01;0.06;0.47;0.00;1.14;16.06;0.05;0.00;0.00;0.00;0.00;0.00;0.17;11.96;1.10
-14.58;-3.80;0.06;0.00;0.01;0.14;0.51;0.00;1.38;17.21;0.12;0.00;0.00;0.00;0.00;0.00;0.18;11.83;1.18
-14.01;-3.81;0.09;0.00;0.01;0.22;0.49;0.00;1.30;16.55;0.19;0.00;0.00;0.00;0.00;0.00;0.18;11.69;1.13
-19.05;-4.34;0.13;0.00;0.01;0.31;0.52;0.00;2.18;21.02;0.25;0.00;0.00;0.00;0.00;0.00;0.18;11.56;1.44
-20.21;-4.40;0.17;0.00;0.01;0.42;0.51;0.00;2.46;21.65;0.35;0.00;0.00;0.00;0.00;0.00;0.18;11.41;1.48
-10.02;-3.90;0.27;0.00;0.01;0.66;0.41;0.00;0.61;12.38;0.55;0.00;0.00;0.00;0.00;0.00;0.18;11.27;0.85
-14.12;-3.55;0.30;0.00;0.01;0.71;0.48;0.00;1.67;14.55;0.59;0.00;0.00;0.00;0.00;0.00;0.19;11.16;1.00
-17.42;-3.50;0.30;0.00;0.01;0.73;0.50;0.00;2.41;16.87;0.61;0.00;0.00;0.00;0.00;0.00;0.19;11.02;1.16
-12.80;-4.06;0.25;0.00;0.01;0.60;0.44;0.00;1.11;14.90;0.50;0.00;0.00;0.00;0.00;0.00;0.19;10.88;1.02
-12.98;-4.29;0.22;0.00;0.01;0.54;0.43;0.00;1.01;15.70;0.45;0.00;0.00;0.00;0.00;0.00;0.19;10.76;1.08
-13.15;-4.52;0.18;0.00;0.01;0.44;0.42;0.00;0.89;16.60;0.36;0.00;0.00;0.00;0.00;0.00;0.20;10.64;1.14
-9.91;-4.47;0.20;0.00;0.01;0.47;0.31;0.00;0.25;14.05;0.39;0.00;0.00;0.00;0.00;0.00;0.20;10.53;0.96
-7.50;-4.71;0.25;0.53;0.00;0.60;0.00;0.00;0.00;11.48;0.50;0.00;0.00;0.00;0.00;0.00;0.20;10.44;0.79
-10.96;-4.91;0.32;0.00;0.01;0.76;0.37;0.00;0.41;14.67;0.63;0.00;0.00;0.00;0.00;0.00;0.06;10.44;1.01
-12.84;-5.42;0.35;0.00;0.01;0.84;0.43;0.00;0.61;16.70;0.70;0.00;0.00;0.00;0.00;0.00;0.07;10.34;1.14
-8.82;-4.66;0.34;0.00;0.01;0.82;0.23;0.00;0.12;12.48;0.69;0.00;0.00;0.00;0.00;0.00;0.07;10.22;0.86
-11.00;-5.16;0.36;0.00;0.01;0.87;0.36;0.00;0.35;14.82;0.72;0.00;0.00;0.00;0.00;0.00;0.07;10.15;1.02
-13.25;-5.19;0.30;0.00;0.01;0.71;0.47;0.00;0.73;16.99;0.59;0.00;0.00;0.00;0.00;0.00;0.07;10.05;1.16
-12.33;-3.83;0.31;0.00;0.01;0.74;0.47;0.00;1.16;13.67;0.61;0.00;0.00;0.00;0.00;0.00;0.08;9.92;0.94
-11.17;-4.10;0.29;0.00;0.01;0.70;0.44;0.00;0.78;13.47;0.58;0.00;0.00;0.00;0.00;0.00;0.08;9.79;0.92
-9.70;-4.82;0.37;0.00;0.01;0.90;0.34;0.00;0.25;13.12;0.75;0.00;0.00;0.00;0.00;0.00;0.08;9.67;0.90
-12.40;-5.11;0.56;0.00;0.01;1.34;0.45;0.00;0.88;14.16;1.11;0.00;0.00;0.00;0.00;0.00;0.08;9.58;0.97
-11.89;-5.18;0.54;0.00;0.01;1.30;0.42;0.00;0.73;14.04;1.09;0.00;0.00;0.00;0.00;0.00;0.09;9.45;0.96
-9.86;-4.89;0.68;0.00;0.01;1.62;0.40;0.00;0.57;10.94;1.35;0.00;0.00;0.00;0.00;0.00;0.09;9.33;0.75
-14.49;-4.44;0.56;0.00;0.01;1.35;0.43;0.00;1.65;14.43;1.13;0.00;0.00;0.00;0.00;0.00;0.09;9.22;0.99
-17.18;-5.39;0.51;0.00;0.01;1.23;0.44;0.00;1.74;18.63;1.02;0.00;0.00;0.00;0.00;0.00;0.10;9.10;1.28
-10.50;-5.27;0.51;0.00;0.02;1.23;0.31;0.00;0.37;13.51;1.02;0.00;0.00;0.00;0.00;0.00;0.10;8.98;0.93
-7.85;-5.91;0.73;0.40;0.00;1.75;0.00;0.00;0.00;10.47;1.46;0.00;0.00;0.00;0.00;0.00;0.10;8.89;0.72
-8.81;-5.05;0.73;0.00;0.00;1.76;0.29;0.00;0.36;10.08;1.47;0.00;0.00;0.00;0.00;0.00;0.00;8.89;0.69
-8.26;-4.95;0.70;0.00;0.00;1.69;0.27;0.00;0.26;9.73;1.41;0.00;0.00;0.00;0.00;0.00;0.00;8.81;0.67
-12.67;-5.40;0.91;0.00;0.00;2.19;0.38;0.00;1.22;12.15;1.82;0.00;0.00;0.00;0.00;0.00;0.00;8.74;0.83
-18.44;-4.98;1.36;0.00;0.00;3.26;0.48;0.00;3.15;12.09;2.72;0.00;0.00;0.00;0.00;0.00;0.00;8.64;0.83
-17.75;-4.27;1.43;0.00;0.00;3.43;0.46;0.00;3.40;9.72;2.86;0.00;0.00;0.00;0.00;0.00;0.00;8.50;0.67
-12.86;-4.32;1.66;0.00;0.00;3.99;0.39;0.00;2.60;4.36;3.33;0.00;0.00;0.00;0.00;0.00;0.00;8.38;0.30
-11.25;-4.46;1.99;0.00;0.00;4.78;0.30;0.00;2.57;0.89;3.98;0.00;0.00;0.00;0.00;0.00;0.00;8.27;0.06
-10.08;-3.64;2.16;0.00;0.86;5.19;0.00;0.00;2.30;0.00;4.33;0.00;0.00;0.55;0.00;0.00;0.00;8.18;-0.07
-8.94;-3.42;2.26;0.00;1.49;5.43;0.00;0.00;1.76;0.00;4.53;0.00;0.00;1.02;0.00;0.00;0.21;8.18;-0.13
-15.52;-4.44;2.01;0.00;0.00;4.84;0.39;0.00;3.52;3.80;4.03;0.00;0.00;0.00;0.00;0.00;0.56;8.18;0.26
-16.87;-4.21;3.30;0.00;1.22;7.93;0.00;0.00;4.10;0.00;6.61;0.00;0.00;1.71;0.00;0.00;0.56;8.08;-0.21
-11.01;-3.86;2.67;0.00;1.15;6.41;0.00;0.00;2.27;0.00;5.34;0.00;0.00;1.79;0.00;0.00;0.85;8.08;-0.22
-10.33;-4.59;1.61;0.00;0.00;3.86;0.32;0.00;1.88;3.43;3.22;0.00;0.00;0.00;0.00;0.00;1.12;8.08;0.24
-11.33;-4.81;0.97;0.00;0.00;2.34;0.31;0.00;1.28;9.62;1.95;0.00;0.00;0.00;0.00;0.00;1.12;7.99;0.66
-9.23;-4.50;0.75;0.00;0.00;1.80;0.29;0.00;0.72;9.24;1.50;0.00;0.00;0.00;0.00;0.00;1.12;7.90;0.63
-10.22;-5.24;0.53;0.00;0.00;1.27;0.25;0.00;0.36;13.12;1.06;0.00;0.00;0.00;0.00;0.00;1.12;7.82;0.90
-14.77;-5.66;0.34;0.00;0.00;0.81;0.27;0.00;0.94;18.79;0.68;0.00;0.00;0.00;0.00;0.00;1.12;7.75;1.29
-15.86;-5.23;0.10;0.00;0.00;0.25;0.27;0.00;1.12;20.64;0.21;0.00;0.00;0.00;0.00;0.00;1.12;7.68;1.41
-10.98;-4.73;0.24;0.00;0.00;0.57;0.25;0.00;0.44;15.02;0.48;0.00;0.00;0.00;0.00;0.00;1.12;7.60;1.03
-9.50;-5.21;0.24;0.11;0.00;0.58;0.00;0.00;0.00;14.78;0.48;0.00;0.00;0.00;0.00;0.00;1.12;7.53;1.01
-10.86;-5.10;0.27;0.00;0.00;0.66;0.23;0.00;0.29;15.34;0.55;0.00;0.00;0.00;0.00;0.00;1.09;7.53;1.05
-13.57;-4.73;0.35;0.00;0.00;0.83;0.26;0.00;1.12;16.10;0.69;0.00;0.00;0.00;0.00;0.00;1.09;7.47;1.10
-17.59;-5.12;0.34;0.00;0.00;0.82;0.28;0.00;1.80;19.88;0.68;0.00;0.00;0.00;0.00;0.00;1.09;7.40;1.36
-13.99;-6.69;0.21;0.00;0.00;0.50;0.19;0.00;0.18;21.23;0.42;0.00;0.00;0.00;0.00;0.00;1.09;7.32;1.45
-14.14;-7.08;0.17;0.00;0.00;0.42;0.06;0.00;0.02;22.44;0.35;0.00;0.00;0.00;0.00;0.00;1.09;7.27;1.54
-11.34;-6.53;0.19;0.67;0.00;0.45;0.00;0.00;0.00;17.98;0.38;0.00;0.00;0.00;0.00;0.00;1.09;7.25;1.23
-11.60;-6.28;0.15;0.40;0.00;0.37;0.00;0.00;0.00;18.51;0.31;0.00;0.00;0.00;0.00;0.00;0.92;7.25;1.27
-18.32;-6.85;0.11;0.00;0.00;0.28;0.25;0.00;0.92;25.47;0.23;0.00;0.00;0.00;0.00;0.00;0.81;7.25;1.74
-17.48;-6.68;0.09;0.00;0.00;0.22;0.23;0.00;0.79;24.72;0.18;0.00;0.00;0.00;0.00;0.00;0.81;7.18;1.69
-12.31;-5.91;0.06;0.00;0.00;0.14;0.07;0.00;0.02;19.79;0.12;0.00;0.00;0.00;0.00;0.00;0.81;7.12;1.36
-13.66;-6.03;0.02;0.00;0.00;0.06;0.17;0.00;0.20;21.20;0.05;0.00;0.00;0.00;0.00;0.00;0.81;7.10;1.45
-12.10;-6.04;0.00;0.28;0.00;0.00;0.00;0.00;0.00;19.84;0.00;0.00;0.00;0.00;0.00;0.00;0.81;7.05;1.36
-8.22;-5.35;0.00;1.44;0.00;0.00;0.00;0.00;0.00;13.48;0.00;0.00;0.00;0.00;0.00;0.00;0.74;7.05;0.92
-12.90;-5.23;0.00;0.00;0.04;0.00;0.20;0.00;0.35;19.36;0.00;0.00;0.00;0.00;0.00;0.00;0.36;7.05;1.33
-14.11;-5.11;0.00;0.00;0.03;0.00;0.22;0.00;0.67;20.03;0.00;0.00;0.00;0.00;0.00;0.00;0.37;6.99;1.37
-9.38;-5.51;0.00;1.05;0.00;0.00;0.00;0.00;0.00;15.38;0.00;0.00;0.00;0.00;0.00;0.00;0.37;6.93;1.05
-9.99;-4.66;0.00;0.00;0.01;0.00;0.06;0.00;0.02;16.19;0.00;0.00;0.00;0.00;0.00;0.00;0.10;6.93;1.11
-14.23;-5.02;0.00;0.00;0.02;0.00;0.21;0.00;0.74;19.95;0.00;0.00;0.00;0.00;0.00;0.00;0.10;6.92;1.37
-12.09;-4.61;0.00;0.00;0.04;0.00;0.20;0.00;0.46;17.60;0.00;0.00;0.00;0.00;0.00;0.00;0.11;6.86;1.21
-7.95;-4.09;0.00;0.31;0.00;0.00;0.00;0.00;0.00;13.03;0.00;0.00;0.00;0.00;0.00;0.00;0.12;6.80;0.89
-11.39;-4.10;0.00;0.00;0.02;0.00;0.20;0.00;0.55;16.11;0.00;0.00;0.00;0.00;0.00;0.00;0.03;6.80;1.10
-14.06;-3.84;0.00;0.00;0.02;0.00;0.24;0.00;1.24;17.58;0.00;0.00;0.00;0.00;0.00;0.00;0.04;6.75;1.20
-10.09;-3.66;0.00;0.00;0.02;0.00;0.20;0.00;0.47;14.30;0.00;0.00;0.00;0.00;0.00;0.00;0.04;6.68;0.98
-10.10;-2.76;0.00;0.00;0.02;0.00;0.21;0.00;0.88;12.61;0.00;0.00;0.00;0.00;0.00;0.00;0.05;6.62;0.86
-10.60;-2.73;0.00;0.00;0.01;0.00;0.22;0.00;1.00;12.91;0.00;0.00;0.00;0.00;0.00;0.00;0.05;6.57;0.88
-7.48;-2.89;0.00;0.00;0.01;0.00;0.18;0.00;0.26;10.90;0.00;0.00;0.00;0.00;0.00;0.00;0.06;6.51;0.75
-7.37;-3.24;0.00;0.00;0.01;0.00;0.13;0.00;0.09;11.51;0.00;0.00;0.00;0.00;0.00;0.00;0.06;6.46;0.79
-11.13;-3.40;0.00;0.00;0.01;0.00;0.22;0.00;0.81;14.56;0.00;0.00;0.00;0.00;0.00;0.00;0.06;6.42;1.00
-12.40;-3.30;0.00;0.00;0.03;0.00;0.21;0.00;1.12;15.37;0.00;0.00;0.00;0.00;0.00;0.00;0.06;6.36;1.05
-9.01;-3.04;0.00;0.00;0.03;0.00;0.20;0.00;0.51;12.35;0.00;0.00;0.00;0.00;0.00;0.00;0.07;6.30;0.85
-6.91;-2.90;0.00;0.00;0.03;0.00;0.15;0.00;0.13;10.54;0.00;0.00;0.00;0.00;0.00;0.00;0.08;6.25;0.72
-8.44;-2.85;0.00;0.00;0.03;0.00;0.19;0.00;0.48;11.57;0.00;0.00;0.00;0.00;0.00;0.00;0.09;6.21;0.79
-11.09;-2.92;0.00;0.00;0.02;0.00;0.20;0.00;1.02;13.66;0.00;0.00;0.00;0.00;0.00;0.00;0.09;6.15;0.94
-9.19;-2.75;0.00;0.00;0.02;0.00;0.19;0.00;0.69;11.94;0.00;0.00;0.00;0.00;0.00;0.00;0.10;6.09;0.82
-7.68;-2.55;0.00;0.00;0.02;0.00;0.18;0.00;0.45;10.43;0.00;0.00;0.00;0.00;0.00;0.00;0.10;6.04;0.71
-8.90;-2.51;0.00;0.00;0.02;0.00;0.19;0.00;0.73;11.26;0.00;0.00;0.00;0.00;0.00;0.00;0.11;5.99;0.77
-13.04;-2.71;0.00;0.00;0.01;0.00;0.20;0.00;1.54;14.72;0.00;0.00;0.00;0.00;0.00;0.00;0.11;5.94;1.01
-11.01;-2.72;0.00;0.00;0.02;0.00;0.21;0.00;1.10;13.22;0.00;0.00;0.00;0.00;0.00;0.00;0.12;5.88;0.91
-8.91;-2.61;0.00;0.00;0.02;0.00;0.19;0.00;0.69;11.46;0.00;0.00;0.00;0.00;0.00;0.00;0.12;5.82;0.78
-8.88;-2.55;0.00;0.00;0.02;0.00;0.19;0.00;0.72;11.31;0.00;0.00;0.00;0.00;0.00;0.00;0.12;5.77;0.78
-9.63;-2.59;0.00;0.00;0.02;0.00;0.21;0.00;0.86;11.95;0.00;0.00;0.00;0.00;0.00;0.00;0.13;5.72;0.82
-8.47;-2.60;0.00;0.00;0.02;0.00;0.19;0.00;0.60;11.10;0.00;0.00;0.00;0.00;0.00;0.00;0.13;5.66;0.76
-10.58;-2.64;0.00;0.00;0.01;0.00;0.20;0.00;1.04;12.75;0.00;0.00;0.00;0.00;0.00;0.00;0.14;5.61;0.87
-14.49;-2.63;0.00;0.00;0.01;0.00;0.20;0.00;1.90;15.65;0.00;0.00;0.00;0.00;0.00;0.00;0.14;5.55;1.07
-13.43;-3.23;0.00;0.00;0.01;0.00;0.21;0.00;1.39;15.98;0.00;0.00;0.00;0.00;0.00;0.00;0.14;5.49;1.09
-10.82;-3.23;0.00;0.00;0.02;0.00;0.20;0.00;0.83;14.04;0.00;0.00;0.00;0.00;0.00;0.00;0.14;5.44;0.96
-9.51;-2.99;0.00;0.00;0.02;0.00;0.19;0.00;0.65;12.62;0.00;0.00;0.00;0.00;0.00;0.00;0.15;5.38;0.86
-9.34;-3.18;0.01;0.00;0.02;0.01;0.19;0.00;0.53;12.80;0.01;0.00;0.00;0.00;0.00;0.00;0.15;5.33;0.88
-13.17;-3.60;0.03;0.00;0.01;0.06;0.20;0.00;1.20;16.27;0.05;0.00;0.00;0.00;0.00;0.00;0.16;5.28;1.11
-14.58;-3.80;0.06;0.00;0.01;0.14;0.21;0.00;1.44;17.45;0.12;0.00;0.00;0.00;0.00;0.00;0.16;5.22;1.20
-14.01;-3.81;0.09;0.00;0.01;0.22;0.20;0.00;1.36;16.78;0.19;0.00;0.00;0.00;0.00;0.00;0.16;5.17;1.15
-19.05;-4.34;0.13;0.00;0.01;0.31;0.20;0.00;2.25;21.27;0.25;0.00;0.00;0.00;0.00;0.00;0.17;5.11;1.46
-20.21;-4.40;0.17;0.00;0.01;0.42;0.20;0.00;2.52;21.90;0.35;0.00;0.00;0.00;0.00;0.00;0.17;5.05;1.50
-10.02;-3.90;0.27;0.00;0.01;0.66;0.18;0.00;0.66;12.54;0.55;0.00;0.00;0.00;0.00;0.00;0.17;5.00;0.86
-14.12;-3.55;0.30;0.00;0.02;0.71;0.19;0.00;1.73;14.78;0.59;0.00;0.00;0.00;0.00;0.00;0.17;4.95;1.01
-17.42;-3.50;0.30;0.00;0.01;0.73;0.20;0.00;2.47;17.09;0.61;0.00;0.00;0.00;0.00;0.00;0.18;4.90;1.17
-12.80;-4.06;0.25;0.00;0.02;0.60;0.19;0.00;1.16;15.10;0.50;0.00;0.00;0.00;0.00;0.00;0.18;4.84;1.03
-12.98;-4.29;0.22;0.00;0.01;0.54;0.18;0.00;1.06;15.88;0.45;0.00;0.00;0.00;0.00;0.00;0.18;4.79;1.09
-13.15;-4.52;0.18;0.00;0.02;0.44;0.18;0.00;0.95;16.79;0.36;0.00;0.00;0.00;0.00;0.00;0.19;4.74;1.15
-9.91;-4.47;0.20;0.00;0.02;0.47;0.15;0.00;0.29;14.17;0.39;0.00;0.00;0.00;0.00;0.00;0.19;4.69;0.97
-7.50;-4.71;0.25;0.53;0.00;0.60;0.00;0.00;0.00;11.48;0.50;0.00;0.00;0.00;0.00;0.00;0.19;4.64;0.79
-10.96;-4.91;0.32;0.00;0.02;0.76;0.17;0.00;0.45;14.82;0.63;0.00;0.00;0.00;0.00;0.00;0.05;4.64;1.02
-12.84;-5.42;0.35;0.00;0.01;0.84;0.17;0.00;0.66;16.90;0.70;0.00;0.00;0.00;0.00;0.00;0.06;4.60;1.16
-8.82;-4.66;0.34;0.00;0.02;0.82;0.14;0.00;0.13;12.57;0.69;0.00;0.00;0.00;0.00;0.00;0.06;4.55;0.86
-11.00;-5.16;0.36;0.00;0.01;0.87;0.16;0.00;0.39;14.97;0.72;0.00;0.00;0.00;0.00;0.00;0.07;4.51;1.03
-13.25;-5.19;0.30;0.00;0.01;0.71;0.18;0.00;0.79;17.21;0.59;0.00;0.00;0.00;0.00;0.00;0.07;4.47;1.18
-12.33;-3.83;0.31;0.00;0.01;0.74;0.18;0.00;1.23;13.89;0.61;0.00;0.00;0.00;0.00;0.00;0.07;4.42;0.95
-11.17;-4.10;0.29;0.00;0.01;0.70;0.17;0.00;0.83;13.67;0.58;0.00;0.00;0.00;0.00;0.00;0.08;4.37;0.94
-9.70;-4.82;0.37;0.00;0.01;0.90;0.15;0.00;0.28;13.26;0.75;0.00;0.00;0.00;0.00;0.00;0.08;4.32;0.91
-12.40;-5.11;0.56;0.00;0.01;1.34;0.17;0.00;0.94;14.37;1.11;0.00;0.00;0.00;0.00;0.00;0.08;4.28;0.98
-11.89;-5.18;0.54;0.00;0.02;1.30;0.16;0.00;0.78;14.24;1.09;0.00;0.00;0.00;0.00;0.00;0.09;4.23;0.98
-9.86;-4.89;0.68;0.00;0.02;1.62;0.16;0.00;0.62;11.13;1.35;0.00;0.00;0.00;0.00;0.00;0.09;4.18;0.76
-14.49;-4.44;0.56;0.00;0.01;1.35;0.17;0.00;1.71;14.63;1.13;0.00;0.00;0.00;0.00;0.00;0.09;4.14;1.00
-17.18;-5.39;0.51;0.00;0.02;1.23;0.16;0.00;1.80;18.85;1.02;0.00;0.00;0.00;0.00;0.00;0.09;4.09;1.29
-10.50;-5.27;0.51;0.00;0.02;1.23;0.14;0.00;0.41;13.65;1.02;0.00;0.00;0.00;0.00;0.00;0.10;4.04;0.93
-7.85;-5.91;0.73;0.40;0.00;1.75;0.00;0.00;0.00;10.47;1.46;0.00;0.00;0.00;0.00;0.00;0.10;4.01;0.72
-8.81;-5.05;0.73;0.00;0.00;1.76;0.14;0.00;0.40;10.19;1.47;0.00;0.00;0.00;0.00;0.00;0.00;4.01;0.70
-8.26;-4.95;0.70;0.00;0.00;1.69;0.13;0.00;0.29;9.84;1.41;0.00;0.00;0.00;0.00;0.00;0.00;3.97;0.67
-12.67;-5.40;0.91;0.00;0.00;2.19;0.15;0.00;1.27;12.32;1.82;0.00;0.00;0.00;0.00;0.00;0.00;3.93;0.84
-18.44;-4.98;1.36;0.00;0.00;3.26;0.17;0.00;3.22;12.32;2.72;0.00;0.00;0.00;0.00;0.00;0.00;3.89;0.84
-17.75;-4.27;1.43;0.00;0.00;3.43;0.16;0.00;3.47;9.95;2.86;0.00;0.00;0.00;0.00;0.00;0.00;3.84;0.68
-12.86;-4.32;1.66;0.00;0.00;3.99;0.15;0.00;2.65;4.54;3.33;0.00;0.00;0.00;0.00;0.00;0.00;3.80;0.31
-11.25;-4.46;1.99;0.00;0.00;4.78;0.14;0.00;2.61;1.01;3.98;0.00;0.00;0.00;0.00;0.00;0.00;3.76;0.07
-10.08;-3.64;2.16;0.00;0.87;5.19;0.00;0.00;2.30;0.00;4.33;0.00;0.00;0.54;0.00;0.00;0.00;3.72;-0.07
-8.94;-3.42;2.26;0.00;1.46;5.43;0.00;0.00;1.76;0.00;4.53;0.00;0.00;1.05;0.00;0.00;0.21;3.72;-0.13
-15.52;-4.44;2.01;0.00;0.00;4.84;0.14;0.00;3.57;3.98;4.03;0.00;0.00;0.00;0.00;0.00;0.55;3.72;0.27
-16.87;-4.21;3.30;0.00;1.22;7.93;0.00;0.00;4.10;0.00;6.61;0.00;0.00;1.70;0.00;0.00;0.55;3.68;-0.21
-11.01;-3.86;2.67;0.00;1.17;6.41;0.00;0.00;2.27;0.00;5.34;0.00;0.00;1.78;0.00;0.00;0.85;3.68;-0.22
-10.33;-4.59;1.61;0.00;0.00;3.86;0.13;0.00;1.92;3.57;3.22;0.00;0.00;0.00;0.00;0.00;1.12;3.68;0.24
-11.33;-4.81;0.97;0.00;0.00;2.34;0.13;0.00;1.32;9.76;1.95;0.00;0.00;0.00;0.00;0.00;1.12;3.64;0.67
-9.23;-4.50;0.75;0.00;0.00;1.80;0.13;0.00;0.76;9.36;1.50;0.00;0.00;0.00;0.00;0.00;1.12;3.61;0.64
-10.22;-5.24;0.53;0.00;0.00;1.27;0.12;0.00;0.39;13.22;1.06;0.00;0.00;0.00;0.00;0.00;1.12;3.57;0.91
-14.77;-5.66;0.34;0.00;0.00;0.81;0.13;0.00;0.97;18.90;0.68;0.00;0.00;0.00;0.00;0.00;1.12;3.54;1.29
-15.86;-5.23;0.10;0.00;0.00;0.25;0.13;0.00;1.15;20.74;0.21;0.00;0.00;0.00;0.00;0.00;1.12;3.50;1.42
-10.98;-4.73;0.24;0.00;0.00;0.57;0.12;0.00;0.47;15.12;0.48;0.00;0.00;0.00;0.00;0.00;1.12;3.47;1.04
-9.50;-5.21;0.24;0.11;0.00;0.58;0.00;0.00;0.00;14.78;0.48;0.00;0.00;0.00;0.00;0.00;1.12;3.43;1.01
-10.86;-5.10;0.27;0.00;0.00;0.66;0.12;0.00;0.31;15.43;0.55;0.00;0.00;0.00;0.00;0.00;1.09;3.43;1.06
-13.57;-4.73;0.35;0.00;0.00;0.83;0.12;0.00;1.15;16.21;0.69;0.00;0.00;0.00;0.00;0.00;1.09;3.40;1.11
-17.59;-5.12;0.34;0.00;0.00;0.82;0.12;0.00;1.84;20.00;0.68;0.00;0.00;0.00;0.00;0.00;1.09;3.37;1.37
-13.99;-6.69;0.21;0.00;0.00;0.50;0.10;0.00;0.20;21.29;0.42;0.00;0.00;0.00;0.00;0.00;1.09;3.34;1.46
-14.14;-7.08;0.17;0.00;0.00;0.42;0.05;0.00;0.02;22.45;0.35;0.00;0.00;0.00;0.00;0.00;1.09;3.31;1.54
-11.34;-6.53;0.19;0.67;0.00;0.45;0.00;0.00;0.00;17.98;0.38;0.00;0.00;0.00;0.00;0.00;1.09;3.30;1.23
-11.60;-6.28;0.15;0.40;0.00;0.37;0.00;0.00;0.00;18.51;0.31;0.00;0.00;0.00;0.00;0.00;0.92;3.30;1.27
-18.32;-6.85;0.11;0.00;0.00;0.28;0.12;0.00;0.95;25.57;0.23;0.00;0.00;0.00;0.00;0.00;0.81;3.30;1.75
-17.48;-6.68;0.09;0.00;0.00;0.22;0.11;0.00;0.82;24.81;0.18;0.00;0.00;0.00;0.00;0.00;0.81;3.26;1.70
-12.31;-5.91;0.06;0.00;0.00;0.14;0.05;0.00;0.03;19.80;0.12;0.00;0.00;0.00;0.00;0.00;0.81;3.23;1.36
-13.66;-6.03;0.02;0.00;0.00;0.06;0.10;0.00;0.22;21.26;0.05;0.00;0.00;0.00;0.00;0.00;0.81;3.22;1.46
-12.10;-6.04;0.00;0.28;0.00;0.00;0.00;0.00;0.00;19.84;0.00;0.00;0.00;0.00;0.00;0.00;0.81;3.19;1.36
-8.22;-5.35;0.00;1.44;0.00;0.00;0.00;0.00;0.00;13.48;0.00;0.00;0.00;0.00;0.00;0.00;0.74;3.19;0.92
-12.90;-5.23;0.00;0.00;0.03;0.00;0.10;0.00;0.38;19.43;0.00;0.00;0.00;0.00;0.00;0.00;0.36;3.19;1.33
-14.11;-5.11;0.00;0.00;0.03;0.00;0.10;0.00;0.70;20.11;0.00;0.00;0.00;0.00;0.00;0.00;0.37;3.16;1.38
-9.38;-5.51;0.00;1.05;0.00;0.00;0.00;0.00;0.00;15.38;0.00;0.00;0.00;0.00;0.00;0.00;0.37;3.14;1.05
-9.99;-4.66;0.00;0.00;0.01;0.00;0.05;0.00;0.02;16.20;0.00;0.00;0.00;0.00;0.00;0.00;0.10;3.14;1.11
-14.23;-5.02;0.00;0.00;0.03;0.00;0.10;0.00;0.76;20.05;0.00;0.00;0.00;0.00;0.00;0.00;0.10;3.12;1.37
-12.09;-4.61;0.00;0.00;0.03;0.00;0.10;0.00;0.48;17.67;0.00;0.00;0.00;0.00;0.00;0.00;0.11;3.09;1.21
-7.95;-4.09;0.00;0.31;0.00;0.00;0.00;0.00;0.00;13.03;0.00;0.00;0.00;0.00;0.00;0.00;0.12;3.07;0.89
-11.39;-4.10;0.00;0.00;0.03;0.00;0.10;0.00;0.57;16.19;0.00;0.00;0.00;0.00;0.00;0.00;0.03;3.07;1.11
-14.06;-3.84;0.00;0.00;0.02;0.00;0.10;0.00;1.27;17.68;0.00;0.00;0.00;0.00;0.00;0.00;0.04;3.04;1.21
-10.09;-3.66;0.00;0.00;0.02;0.00;0.10;0.00;0.49;14.38;0.00;0.00;0.00;0.00;0.00;0.00;0.04;3.01;0.98
-10.10;-2.76;0.00;0.00;0.02;0.00;0.10;0.00;0.90;12.70;0.00;0.00;0.00;0.00;0.00;0.00;0.05;2.98;0.87
-10.60;-2.73;0.00;0.00;0.01;0.00;0.10;0.00;1.03;13.01;0.00;0.00;0.00;0.00;0.00;0.00;0.05;2.96;0.89
-7.48;-2.89;0.00;0.00;0.02;0.00;0.09;0.00;0.28;10.97;0.00;0.00;0.00;0.00;0.00;0.00;0.05;2.93;0.75
-7.37;-3.24;0.00;0.00;0.01;0.00;0.08;0.00;0.10;11.55;0.00;0.00;0.00;0.00;0.00;0.00;0.06;2.91;0.79
-11.13;-3.40;0.00;0.00;0.01;0.00;0.09;0.00;0.84;14.65;0.00;0.00;0.00;0.00;0.00;0.00;0.06;2.88;1.00
-12.40;-3.30;0.00;0.00;0.03;0.00;0.10;0.00;1.15;15.45;0.00;0.00;0.00;0.00;0.00;0.00;0.06;2.86;1.06
-9.01;-3.04;0.00;0.00;0.03;0.00;0.09;0.00;0.53;12.43;0.00;0.00;0.00;0.00;0.00;0.00;0.07;2.83;0.85
-6.91;-2.90;0.00;0.00;0.03;0.00;0.08;0.00;0.15;10.59;0.00;0.00;0.00;0.00;0.00;0.00;0.08;2.81;0.73
-8.44;-2.85;0.00;0.00;0.03;0.00;0.09;0.00;0.50;11.65;0.00;0.00;0.00;0.00;0.00;0.00;0.08;2.79;0.80
-11.09;-2.92;0.00;0.00;0.02;0.00;0.09;0.00;1.04;13.75;0.00;0.00;0.00;0.00;0.00;0.00;0.09;2.76;0.94
-9.19;-2.75;0.00;0.00;0.02;0.00;0.09;0.00;0.71;12.01;0.00;0.00;0.00;0.00;0.00;0.00;0.10;2.73;0.82
-7.68;-2.55;0.00;0.00;0.02;0.00;0.09;0.00;0.47;10.50;0.00;0.00;0.00;0.00;0.00;0.00;0.10;2.71;0.72
-8.90;-2.51;0.00;0.00;0.02;0.00;0.09;0.00;0.75;11.34;0.00;0.00;0.00;0.00;0.00;0.00;0.11;2.68;0.78
-13.04;-2.71;0.00;0.00;0.02;0.00;0.10;0.00;1.56;14.80;0.00;0.00;0.00;0.00;0.00;0.00;0.11;2.66;1.01
-11.01;-2.72;0.00;0.00;0.02;0.00;0.10;0.00;1.12;13.31;0.00;0.00;0.00;0.00;0.00;0.00;0.11;2.63;0.91
-8.91;-2.61;0.00;0.00;0.02;0.00;0.09;0.00;0.72;11.53;0.00;0.00;0.00;0.00;0.00;0.00;0.12;2.60;0.79
-8.88;-2.55;0.00;0.00;0.01;0.00;0.09;0.00;0.74;11.37;0.00;0.00;0.00;0.00;0.00;0.00;0.12;2.58;0.78
-9.63;-2.59;0.00;0.00;0.02;0.00;0.09;0.00;0.88;12.03;0.00;0.00;0.00;0.00;0.00;0.00;0.12;2.55;0.82
-8.47;-2.60;0.00;0.00;0.02;0.00;0.09;0.00;0.62;11.18;0.00;0.00;0.00;0.00;0.00;0.00;0.13;2.53;0.77
-10.58;-2.64;0.00;0.00;0.02;0.00;0.09;0.00;1.07;12.83;0.00;0.00;0.00;0.00;0.00;0.00;0.13;2.50;0.88
-14.49;-2.63;0.00;0.00;0.01;0.00;0.09;0.00;1.92;15.74;0.00;0.00;0.00;0.00;0.00;0.00;0.14;2.48;1.08
-13.43;-3.23;0.00;0.00;0.01;0.00;0.09;0.00;1.41;16.07;0.00;0.00;0.00;0.00;0.00;0.00;0.14;2.45;1.10
-10.82;-3.23;0.00;0.00;0.02;0.00;0.09;0.00;0.85;14.12;0.00;0.00;0.00;0.00;0.00;0.00;0.14;2.43;0.97
-9.51;-2.99;0.00;0.00;0.02;0.00;0.09;0.00;0.67;12.69;0.00;0.00;0.00;0.00;0.00;0.00;0.15;2.40;0.87
-9.34;-3.18;0.01;0.00;0.02;0.01;0.09;0.00;0.56;12.87;0.01;0.00;0.00;0.00;0.00;0.00;0.15;2.38;0.88
-13.17;-3.60;0.03;0.00;0.01;0.06;0.09;0.00;1.22;16.35;0.05;0.00;0.00;0.00;0.00;0.00;0.15;2.35;1.12
-14.58;-3.80;0.06;0.00;0.01;0.14;0.09;0.00;1.47;17.54;0.12;0.00;0.00;0.00;0.00;0.00;0.16;2.33;1.20
-14.01;-3.81;0.09;0.00;0.01;0.22;0.09;0.00;1.38;16.86;0.19;0.00;0.00;0.00;0.00;0.00;0.16;2.31;1.16
-19.05;-4.34;0.13;0.00;0.01;0.31;0.09;0.00;2.27;21.35;0.25;0.00;0.00;0.00;0.00;0.00;0.16;2.28;1.46
-20.21;-4.40;0.17;0.00;0.01;0.42;0.09;0.00;2.55;21.98;0.35;0.00;0.00;0.00;0.00;0.00;0.17;2.26;1.51
-10.02;-3.90;0.27;0.00;0.02;0.66;0.08;0.00;0.67;12.63;0.55;0.00;0.00;0.00;0.00;0.00;0.17;2.23;0.87
-14.12;-3.55;0.30;0.00;0.02;0.71;0.09;0.00;1.75;14.85;0.59;0.00;0.00;0.00;0.00;0.00;0.17;2.21;1.02
-17.42;-3.50;0.30;0.00;0.01;0.73;0.09;0.00;2.50;17.18;0.61;0.00;0.00;0.00;0.00;0.00;0.18;2.18;1.18
-12.80;-4.06;0.25;0.00;0.01;0.60;0.08;0.00;1.18;15.17;0.50;0.00;0.00;0.00;0.00;0.00;0.18;2.16;1.04
-12.98;-4.29;0.22;0.00;0.02;0.54;0.08;0.00;1.08;15.97;0.45;0.00;0.00;0.00;0.00;0.00;0.18;2.14;1.09
-13.15;-4.52;0.18;0.00;0.01;0.44;0.08;0.00;0.97;16.85;0.36;0.00;0.00;0.00;0.00;0.00;0.19;2.11;1.15
-9.91;-4.47;0.20;0.00;0.02;0.47;0.07;0.00;0.30;14.23;0.39;0.00;0.00;0.00;0.00;0.00;0.19;2.09;0.98
-7.50;-4.71;0.25;0.53;0.00;0.60;0.00;0.00;0.00;11.48;0.50;0.00;0.00;0.00;0.00;0.00;0.19;2.07;0.79
-10.96;-4.91;0.32;0.00;0.02;0.76;0.08;0.00;0.47;14.89;0.63;0.00;0.00;0.00;0.00;0.00;0.05;2.07;1.02
-12.84;-5.42;0.35;0.00;0.01;0.84;0.08;0.00;0.68;16.97;0.70;0.00;0.00;0.00;0.00;0.00;0.06;2.05;1.16
-8.82;-4.66;0.34;0.00;0.01;0.82;0.07;0.00;0.15;12.61;0.69;0.00;0.00;0.00;0.00;0.00;0.06;2.03;0.86
-11.00;-5.16;0.36;0.00;0.01;0.87;0.08;0.00;0.41;15.04;0.72;0.00;0.00;0.00;0.00;0.00;0.06;2.01;1.03
-13.25;-5.19;0.30;0.00;0.01;0.71;0.08;0.00;0.81;17.28;0.59;0.00;0.00;0.00;0.00;0.00;0.07;1.99;1.18
-12.33;-3.83;0.31;0.00;0.01;0.74;0.08;0.00;1.25;13.97;0.61;0.00;0.00;0.00;0.00;0.00;0.07;1.97;0.96
-11.17;-4.10;0.29;0.00;0.01;0.70;0.08;0.00;0.85;13.74;0.58;0.00;0.00;0.00;0.00;0.00;0.07;1.95;0.94
-9.70;-4.82;0.37;0.00;0.01;0.90;0.07;0.00;0.30;13.32;0.75;0.00;0.00;0.00;0.00;0.00;0.08;1.92;0.91
-12.40;-5.11;0.56;0.00;0.01;1.34;0.07;0.00;0.96;14.45;1.11;0.00;0.00;0.00;0.00;0.00;0.08;1.90;0.99
-11.89;-5.18;0.54;0.00;0.02;1.30;0.07;0.00;0.80;14.31;1.09;0.00;0.00;0.00;0.00;0.00;0.08;1.88;0.98
-9.86;-4.89;0.68;0.00;0.02;1.62;0.07;0.00;0.64;11.19;1.35;0.00;0.00;0.00;0.00;0.00;0.09;1.86;0.77
-14.49;-4.44;0.56;0.00;0.01;1.35;0.07;0.00;1.73;14.71;1.13;0.00;0.00;0.00;0.00;0.00;0.09;1.84;1.01
-17.18;-5.39;0.51;0.00;0.02;1.23;0.07;0.00;1.82;18.92;1.02;0.00;0.00;0.00;0.00;0.00;0.10;1.83;1.30
-10.50;-5.27;0.51;0.00;0.02;1.23;0.07;0.00;0.42;13.70;1.02;0.00;0.00;0.00;0.00;0.00;0.10;1.81;0.94
-7.85;-5.91;0.73;0.40;0.00;1.75;0.00;0.00;0.00;10.47;1.46;0.00;0.00;0.00;0.00;0.00;0.10;1.79;0.72
-8.81;-5.05;0.73;0.00;0.00;1.76;0.06;0.00;0.41;10.25;1.47;0.00;0.00;0.00;0.00;0.00;0.00;1.79;0.70
-8.26;-4.95;0.70;0.00;0.00;1.69;0.06;0.00;0.30;9.89;1.41;0.00;0.00;0.00;0.00;0.00;0.00;1.77;0.68
-12.67;-5.40;0.91;0.00;0.00;2.19;0.07;0.00;1.29;12.39;1.82;0.00;0.00;0.00;0.00;0.00;0.00;1.75;0.85
-18.44;-4.98;1.36;0.00;0.00;3.26;0.07;0.00;3.24;12.39;2.72;0.00;0.00;0.00;0.00;0.00;0.00;1.73;0.85
-17.75;-4.27;1.43;0.00;0.00;3.43;0.07;0.00;3.49;10.02;2.86;0.00;0.00;0.00;0.00;0.00;0.00;1.72;0.69
-12.86;-4.32;1.66;0.00;0.00;3.99;0.06;0.00;2.67;4.60;3.33;0.00;0.00;0.00;0.00;0.00;0.00;1.70;0.32
-11.25;-4.46;1.99;0.00;0.00;4.78;0.06;0.00;2.62;1.07;3.98;0.00;0.00;0.00;0.00;0.00;0.00;1.68;0.07
-10.08;-3.64;2.16;0.00;0.86;5.19;0.00;0.00;2.30;0.00;4.33;0.00;0.00;0.55;0.00;0.00;0.00;1.66;-0.07
-8.94;-3.42;2.26;0.00;1.44;5.43;0.00;0.00;1.76;0.00;4.53;0.00;0.00;1.07;0.00;0.00;0.21;1.66;-0.13
-15.52;-4.44;2.01;0.00;0.00;4.84;0.06;0.00;3.59;4.04;4.03;0.00;0.00;0.00;0.00;0.00;0.55;1.66;0.28
-16.87;-4.21;3.30;0.00;1.24;7.93;0.00;0.00;4.10;0.00;6.61;0.00;0.00;1.69;0.00;0.00;0.55;1.64;-0.21
-11.01;-3.86;2.67;0.00;1.19;6.41;0.00;0.00;2.27;0.00;5.34;0.00;0.00;1.75;0.00;0.00;0.84;1.64;-0.22
-10.33;-4.59;1.61;0.00;0.00;3.86;0.06;0.00;1.93;3.62;3.22;0.00;0.00;0.00;0.00;0.00;1.12;1.64;0.25
-11.33;-4.81;0.97;0.00;0.00;2.34;0.06;0.00;1.34;9.80;1.95;0.00;0.00;0.00;0.00;0.00;1.12;1.63;0.67
-9.23;-4.50;0.75;0.00;0.00;1.80;0.06;0.00;0.77;9.42;1.50;0.00;0.00;0.00;0.00;0.00;1.12;1.61;0.65
-10.22;-5.24;0.53;0.00;0.00;1.27;0.06;0.00;0.41;13.27;1.06;0.00;0.00;0.00;0.00;0.00;1.12;1.59;0.91
-14.77;-5.66;0.34;0.00;0.00;0.81;0.06;0.00;0.99;18.95;0.68;0.00;0.00;0.00;0.00;0.00;1.12;1.58;1.30
-15.86;-5.23;0.10;0.00;0.00;0.25;0.06;0.00;1.16;20.79;0.21;0.00;0.00;0.00;0.00;0.00;1.12;1.56;1.42
-10.98;-4.73;0.24;0.00;0.00;0.57;0.05;0.00;0.48;15.17;0.48;0.00;0.00;0.00;0.00;0.00;1.12;1.55;1.04
-9.50;-5.21;0.24;0.11;0.00;0.58;0.00;0.00;0.00;14.78;0.48;0.00;0.00;0.00;0.00;0.00;1.12;1.53;1.01
-10.86;-5.10;0.27;0.00;0.00;0.66;0.05;0.00;0.33;15.48;0.55;0.00;0.00;0.00;0.00;0.00;1.09;1.53;1.06
-13.57;-4.73;0.35;0.00;0.00;0.83;0.05;0.00;1.16;16.26;0.69;0.00;0.00;0.00;0.00;0.00;1.09;1.52;1.11
-17.59;-5.12;0.34;0.00;0.00;0.82;0.05;0.00;1.85;20.05;0.68;0.00;0.00;0.00;0.00;0.00;1.09;1.50;1.37
-13.99;-6.69;0.21;0.00;0.00;0.50;0.05;0.00;0.21;21.33;0.42;0.00;0.00;0.00;0.00;0.00;1.09;1.49;1.46
-14.14;-7.08;0.17;0.00;0.00;0.42;0.03;0.00;0.02;22.46;0.35;0.00;0.00;0.00;0.00;0.00;1.09;1.48;1.54
-11.34;-6.53;0.19;0.67;0.00;0.45;0.00;0.00;0.00;17.98;0.38;0.00;0.00;0.00;0.00;0.00;1.09;1.47;1.23
-11.60;-6.28;0.15;0.40;0.00;0.37;0.00;0.00;0.00;18.51;0.31;0.00;0.00;0.00;0.00;0.00;0.92;1.47;1.27
-18.32;-6.85;0.11;0.00;0.00;0.28;0.05;0.00;0.97;25.61;0.23;0.00;0.00;0.00;0.00;0.00;0.81;1.47;1.75
-17.48;-6.68;0.09;0.00;0.00;0.22;0.05;0.00;0.83;24.85;0.18;0.00;0.00;0.00;0.00;0.00;0.81;1.45;1.70
-12.31;-5.91;0.06;0.00;0.00;0.14;0.03;0.00;0.03;19.81;0.12;0.00;0.00;0.00;0.00;0.00;0.81;1.44;1.36
-13.66;-6.03;0.02;0.00;0.00;0.06;0.04;0.00;0.23;21.30;0.05;0.00;0.00;0.00;0.00;0.00;0.81;1.43;1.46
-12.10;-6.04;0.00;0.28;0.00;0.00;0.00;0.00;0.00;19.84;0.00;0.00;0.00;0.00;0.00;0.00;0.81;1.42;1.36
-8.22;-5.35;0.00;1.44;0.00;0.00;0.00;0.00;0.00;13.48;0.00;0.00;0.00;0.00;0.00;0.00;0.74;1.42;0.92
-12.90;-5.23;0.00;0.00;0.03;0.00;0.05;0.00;0.39;19.47;0.00;0.00;0.00;0.00;0.00;0.00;0.36;1.42;1.33
-14.11;-5.11;0.00;0.00;0.03;0.00;0.05;0.00;0.71;20.15;0.00;0.00;0.00;0.00;0.00;0.00;0.37;1.40;1.38
-9.38;-5.51;0.00;1.05;0.00;0.00;0.00;0.00;0.00;15.38;0.00;0.00;0.00;0.00;0.00;0.00;0.37;1.39;1.05
-9.99;-4.66;0.00;0.00;0.01;0.00;0.03;0.00;0.03;16.21;0.00;0.00;0.00;0.00;0.00;0.00;0.10;1.39;1.11
-14.23;-5.02;0.00;0.00;0.03;0.00;0.05;0.00;0.77;20.09;0.00;0.00;0.00;0.00;0.00;0.00;0.10;1.38;1.38
-12.09;-4.61;0.00;0.00;0.03;0.00;0.04;0.00;0.50;17.71;0.00;0.00;0.00;0.00;0.00;0.00;0.11;1.37;1.21
-7.95;-4.09;0.00;0.31;0.00;0.00;0.00;0.00;0.00;13.03;0.00;0.00;0.00;0.00;0.00;0.00;0.11;1.36;0.89
-11.39;-4.10;0.00;0.00;0.03;0.00;0.04;0.00;0.58;16.23;0.00;0.00;0.00;0.00;0.00;0.00;0.03;1.36;1.11
-14.06;-3.84;0.00;0.00;0.02;0.00;0.05;0.00;1.28;17.72;0.00;0.00;0.00;0.00;0.00;0.00;0.04;1.34;1.21
-10.09;-3.66;0.00;0.00;0.02;0.00;0.04;0.00;0.50;14.42;0.00;0.00;0.00;0.00;0.00;0.00;0.04;1.33;0.99
-10.10;-2.76;0.00;0.00;0.02;0.00;0.05;0.00;0.92;12.74;0.00;0.00;0.00;0.00;0.00;0.00;0.05;1.32;0.87
-10.60;-2.73;0.00;0.00;0.01;0.00;0.04;0.00;1.04;13.05;0.00;0.00;0.00;0.00;0.00;0.00;0.05;1.31;0.89
-7.48;-2.89;0.00;0.00;0.02;0.00;0.04;0.00;0.29;11.01;0.00;0.00;0.00;0.00;0.00;0.00;0.05;1.29;0.75
-7.37;-3.24;0.00;0.00;0.01;0.00;0.04;0.00;0.11;11.58;0.00;0.00;0.00;0.00;0.00;0.00;0.06;1.28;0.79
-11.13;-3.40;0.00;0.00;0.01;0.00;0.04;0.00;0.85;14.69;0.00;0.00;0.00;0.00;0.00;0.00;0.06;1.27;1.01
-12.40;-3.30;0.00;0.00;0.03;0.00;0.04;0.00;1.16;15.49;0.00;0.00;0.00;0.00;0.00;0.00;0.06;1.26;1.06
-9.01;-3.04;0.00;0.00;0.03;0.00;0.04;0.00;0.54;12.46;0.00;0.00;0.00;0.00;0.00;0.00;0.07;1.25;0.85
-6.91;-2.90;0.00;0.00;0.02;0.00;0.04;0.00;0.16;10.62;0.00;0.00;0.00;0.00;0.00;0.00;0.08;1.24;0.73
-8.44;-2.85;0.00;0.00;0.03;0.00;0.04;0.00;0.51;11.69;0.00;0.00;0.00;0.00;0.00;0.00;0.08;1.23;0.80
-11.09;-2.92;0.00;0.00;0.02;0.00;0.04;0.00;1.05;13.79;0.00;0.00;0.00;0.00;0.00;0.00;0.09;1.21;0.94
-9.19;-2.75;0.00;0.00;0.02;0.00;0.04;0.00;0.72;12.05;0.00;0.00;0.00;0.00;0.00;0.00;0.09;1.20;0.83
-7.68;-2.55;0.00;0.00;0.02;0.00;0.04;0.00;0.48;10.54;0.00;0.00;0.00;0.00;0.00;0.00;0.10;1.19;0.72
-8.90;-2.51;0.00;0.00;0.02;0.00;0.04;0.00;0.77;11.38;0.00;0.00;0.00;0.00;0.00;0.00;0.10;1.18;0.78
-13.04;-2.71;0.00;0.00;0.02;0.00;0.04;0.00;1.58;14.84;0.00;0.00;0.00;0.00;0.00;0.00;0.11;1.17;1.02
-11.01;-2.72;0.00;0.00;0.02;0.00;0.04;0.00;1.13;13.35;0.00;0.00;0.00;0.00;0.00;0.00;0.11;1.16;0.91
-8.91;-2.61;0.00;0.00;0.01;0.00;0.04;0.00;0.73;11.56;0.00;0.00;0.00;0.00;0.00;0.00;0.12;1.14;0.79
-8.88;-2.55;0.00;0.00;0.02;0.00;0.04;0.00;0.75;11.43;0.00;0.00;0.00;0.00;0.00;0.00;0.12;1.13;0.78
-9.63;-2.59;0.00;0.00;0.02;0.00;0.04;0.00;0.89;12.07;0.00;0.00;0.00;0.00;0.00;0.00;0.12;1.12;0.83
-8.47;-2.60;0.00;0.00;0.02;0.00;0.04;0.00;0.63;11.22;0.00;0.00;0.00;0.00;0.00;0.00;0.13;1.11;0.77
-10.58;-2.64;0.00;0.00;0.02;0.00;0.04;0.00;1.08;12.87;0.00;0.00;0.00;0.00;0.00;0.00;0.13;1.10;0.88
-14.49;-2.63;0.00;0.00;0.01;0.00;0.04;0.00;1.93;15.77;0.00;0.00;0.00;0.00;0.00;0.00;0.14;1.09;1.08
-13.43;-3.23;0.00;0.00;0.01;0.00;0.04;0.00;1.42;16.11;0.00;0.00;0.00;0.00;0.00;0.00;0.14;1.08;1.10
-10.82;-3.23;0.00;0.00;0.02;0.00;0.04;0.00;0.86;14.15;0.00;0.00;0.00;0.00;0.00;0.00;0.14;1.06;0.97
-9.51;-2.99;0.00;0.00;0.02;0.00;0.04;0.00;0.68;12.73;0.00;0.00;0.00;0.00;0.00;0.00;0.15;1.05;0.87
-9.34;-3.18;0.01;0.00;0.01;0.01;0.04;0.00;0.57;12.90;0.01;0.00;0.00;0.00;0.00;0.00;0.15;1.04;0.88
-13.17;-3.60;0.03;0.00;0.02;0.06;0.04;0.00;1.23;16.39;0.05;0.00;0.00;0.00;0.00;0.00;0.15;1.03;1.12
-14.58;-3.80;0.06;0.00;0.02;0.14;0.04;0.00;1.48;17.58;0.12;0.00;0.00;0.00;0.00;0.00;0.16;1.02;1.20
-14.01;-3.81;0.09;0.00;0.02;0.22;0.04;0.00;1.39;16.90;0.19;0.00;0.00;0.00;0.00;0.00;0.16;1.01;1.16
-19.05;-4.34;0.13;0.00;0.01;0.31;0.04;0.00;2.28;21.39;0.25;0.00;0.00;0.00;0.00;0.00;0.16;1.00;1.47
-20.21;-4.40;0.17;0.00;0.01;0.42;0.04;0.00;2.56;22.02;0.35;0.00;0.00;0.00;0.00;0.00;0.17;0.99;1.51
-10.02;-3.90;0.27;0.00;0.02;0.66;0.04;0.00;0.68;12.66;0.55;0.00;0.00;0.00;0.00;0.00;0.17;0.98;0.87
-14.12;-3.55;0.30;0.00;0.02;0.71;0.04;0.00;1.76;14.89;0.59;0.00;0.00;0.00;0.00;0.00;0.17;0.97;1.02
-17.42;-3.50;0.30;0.00;0.01;0.73;0.04;0.00;2.51;17.22;0.61;0.00;0.00;0.00;0.00;0.00;0.18;0.96;1.18
-12.80;-4.06;0.25;0.00;0.01;0.60;0.04;0.00;1.19;15.21;0.50;0.00;0.00;0.00;0.00;0.00;0.18;0.95;1.04
-12.98;-4.29;0.22;0.00;0.02;0.54;0.04;0.00;1.09;16.00;0.45;0.00;0.00;0.00;0.00;0.00;0.18;0.94;1.10
-13.15;-4.52;0.18;0.00;0.02;0.44;0.04;0.00;0.98;16.89;0.36;0.00;0.00;0.00;0.00;0.00;0.19;0.93;1.16
-9.91;-4.47;0.20;0.00;0.01;0.47;0.03;0.00;0.31;14.26;0.39;0.00;0.00;0.00;0.00;0.00;0.19;0.92;0.98
-7.50;-4.71;0.25;0.53;0.00;0.60;0.00;0.00;0.00;11.48;0.50;0.00;0.00;0.00;0.00;0.00;0.20;0.91;0.79
-10.96;-4.91;0.32;0.00;0.01;0.76;0.04;0.00;0.48;14.92;0.63;0.00;0.00;0.00;0.00;0.00;0.05;0.91;1.02
-12.84;-5.42;0.35;0.00;0.01;0.84;0.03;0.00;0.69;17.00;0.70;0.00;0.00;0.00;0.00;0.00;0.06;0.90;1.16
-8.82;-4.66;0.34;0.00;0.02;0.82;0.03;0.00;0.16;12.64;0.69;0.00;0.00;0.00;0.00;0.00;0.06;0.89;0.87
-11.00;-5.16;0.36;0.00;0.01;0.87;0.03;0.00;0.42;15.07;0.72;0.00;0.00;0.00;0.00;0.00;0.07;0.88;1.03
-13.25;-5.19;0.30;0.00;0.01;0.71;0.03;0.00;0.82;17.32;0.59;0.00;0.00;0.00;0.00;0.00;0.07;0.87;1.19
-12.33;-3.83;0.31;0.00;0.01;0.74;0.03;0.00;1.26;14.00;0.61;0.00;0.00;0.00;0.00;0.00;0.07;0.86;0.96
-11.17;-4.10;0.29;0.00;0.01;0.70;0.03;0.00;0.86;13.77;0.58;0.00;0.00;0.00;0.00;0.00;0.08;0.85;0.94
-9.70;-4.82;0.37;0.00;0.01;0.90;0.03;0.00;0.31;13.35;0.75;0.00;0.00;0.00;0.00;0.00;0.08;0.84;0.91
-12.40;-5.11;0.56;0.00;0.01;1.34;0.03;0.00;0.97;14.48;1.11;0.00;0.00;0.00;0.00;0.00;0.08;0.83;0.99
-11.89;-5.18;0.54;0.00;0.02;1.30;0.03;0.00;0.81;14.34;1.09;0.00;0.00;0.00;0.00;0.00;0.08;0.82;0.98
-9.86;-4.89;0.68;0.00;0.02;1.62;0.03;0.00;0.65;11.22;1.35;0.00;0.00;0.00;0.00;0.00;0.09;0.82;0.77
-14.49;-4.44;0.56;0.00;0.01;1.35;0.03;0.00;1.74;14.74;1.13;0.00;0.00;0.00;0.00;0.00;0.09;0.81;1.01
-17.18;-5.39;0.51;0.00;0.01;1.23;0.03;0.00;1.83;18.94;1.02;0.00;0.00;0.00;0.00;0.00;0.10;0.80;1.30
-10.50;-5.27;0.51;0.00;0.02;1.23;0.03;0.00;0.43;13.73;1.02;0.00;0.00;0.00;0.00;0.00;0.10;0.79;0.94
-7.85;-5.91;0.73;0.40;0.00;1.75;0.00;0.00;0.00;10.47;1.46;0.00;0.00;0.00;0.00;0.00;0.10;0.78;0.72
-8.81;-5.05;0.73;0.00;0.00;1.76;0.03;0.00;0.42;10.27;1.47;0.00;0.00;0.00;0.00;0.00;0.00;0.78;0.70
-8.26;-4.95;0.70;0.00;0.00;1.69;0.03;0.00;0.31;9.91;1.41;0.00;0.00;0.00;0.00;0.00;0.00;0.77;0.68
-12.67;-5.40;0.91;0.00;0.00;2.19;0.03;0.00;1.30;12.41;1.82;0.00;0.00;0.00;0.00;0.00;0.00;0.77;0.85
-18.44;-4.98;1.36;0.00;0.00;3.26;0.03;0.00;3.24;12.42;2.72;0.00;0.00;0.00;0.00;0.00;0.00;0.76;0.85
-17.75;-4.27;1.43;0.00;0.00;3.43;0.03;0.00;3.50;10.05;2.86;0.00;0.00;0.00;0.00;0.00;0.00;0.75;0.69
-12.86;-4.32;1.66;0.00;0.00;3.99;0.03;0.00;2.68;4.63;3.33;0.00;0.00;0.00;0.00;0.00;0.00;0.74;0.32
-11.25;-4.46;1.99;0.00;0.00;4.78;0.03;0.00;2.63;1.09;3.98;0.00;0.00;0.00;0.00;0.00;0.00;0.73;0.08
-10.08;-3.64;2.16;0.00;0.85;5.19;0.00;0.00;2.30;0.00;4.33;0.00;0.00;0.57;0.00;0.00;0.00;0.73;-0.07
-8.94;-3.42;2.26;0.00;1.44;5.43;0.00;0.00;1.76;0.00;4.53;0.00;0.00;1.07;0.00;0.00;0.20;0.73;-0.13
-15.52;-4.44;2.01;0.00;0.00;4.84;0.03;0.00;3.59;4.07;4.03;0.00;0.00;0.00;0.00;0.00;0.54;0.73;0.28
-16.87;-4.21;3.30;0.00;1.24;7.93;0.00;0.00;4.10;0.00;6.61;0.00;0.00;1.68;0.00;0.00;0.54;0.72;-0.21
-11.01;-3.86;2.67;0.00;1.19;6.41;0.00;0.00;2.27;0.00;5.34;0.00;0.00;1.75;0.00;0.00;0.84;0.72;-0.22
-10.33;-4.59;1.61;0.00;0.00;3.86;0.03;0.00;1.94;3.65;3.22;0.00;0.00;0.00;0.00;0.00;1.12;0.72;0.25
-11.33;-4.81;0.97;0.00;0.00;2.34;0.03;0.00;1.35;9.83;1.95;0.00;0.00;0.00;0.00;0.00;1.12;0.71;0.67
-9.23;-4.50;0.75;0.00;0.00;1.80;0.03;0.00;0.78;9.44;1.50;0.00;0.00;0.00;0.00;0.00;1.12;0.70;0.65
-10.22;-5.24;0.53;0.00;0.00;1.27;0.03;0.00;0.41;13.29;1.06;0.00;0.00;0.00;0.00;0.00;1.12;0.70;0.91
-14.77;-5.66;0.34;0.00;0.00;0.81;0.03;0.00;1.00;18.97;0.68;0.00;0.00;0.00;0.00;0.00;1.12;0.69;1.30
-15.86;-5.23;0.10;0.00;0.00;0.25;0.03;0.00;1.17;20.82;0.21;0.00;0.00;0.00;0.00;0.00;1.12;0.68;1.43
-10.98;-4.73;0.24;0.00;0.00;0.57;0.02;0.00;0.49;15.19;0.48;0.00;0.00;0.00;0.00;0.00;1.12;0.68;1.04
-9.50;-5.21;0.24;0.11;0.00;0.58;0.00;0.00;0.00;14.78;0.48;0.00;0.00;0.00;0.00;0.00;1.12;0.67;1.01
-10.86;-5.10;0.27;0.00;0.00;0.66;0.02;0.00;0.33;15.50;0.55;0.00;0.00;0.00;0.00;0.00;1.09;0.67;1.06
-13.57;-4.73;0.35;0.00;0.00;0.83;0.02;0.00;1.17;16.28;0.69;0.00;0.00;0.00;0.00;0.00;1.09;0.66;1.12
-17.59;-5.12;0.34;0.00;0.00;0.82;0.02;0.00;1.86;20.07;0.68;0.00;0.00;0.00;0.00;0.00;1.09;0.66;1.38
-13.99;-6.69;0.21;0.00;0.00;0.50;0.02;0.00;0.21;21.35;0.42;0.00;0.00;0.00;0.00;0.00;1.09;0.65;1.46
-14.14;-7.08;0.17;0.00;0.00;0.42;0.02;0.00;0.03;22.47;0.35;0.00;0.00;0.00;0.00;0.00;1.09;0.64;1.54
-11.34;-6.53;0.19;0.67;0.00;0.45;0.00;0.00;0.00;17.98;0.38;0.00;0.00;0.00;0.00;0.00;1.09;0.64;1.23
-11.60;-6.28;0.15;0.40;0.00;0.37;0.00;0.00;0.00;18.51;0.31;0.00;0.00;0.00;0.00;0.00;0.92;0.64;1.27
-18.32;-6.85;0.11;0.00;0.00;0.28;0.02;0.00;0.97;25.63;0.23;0.00;0.00;0.00;0.00;0.00;0.81;0.64;1.76
-17.48;-6.68;0.09;0.00;0.00;0.22;0.02;0.00;0.84;24.87;0.18;0.00;0.00;0.00;0.00;0.00;0.81;0.63;1.70
-12.31;-5.91;0.06;0.00;0.00;0.14;0.02;0.00;0.03;19.82;0.12;0.00;0.00;0.00;0.00;0.00;0.81;0.63;1.36
-13.66;-6.03;0.02;0.00;0.00;0.06;0.02;0.00;0.23;21.31;0.05;0.00;0.00;0.00;0.00;0.00;0.81;0.62;1.46
-12.10;-6.04;0.00;0.28;0.00;0.00;0.00;0.00;0.00;19.84;0.00;0.00;0.00;0.00;0.00;0.00;0.81;0.61;1.36
-8.22;-5.35;0.00;1.44;0.00;0.00;0.00;0.00;0.00;13.48;0.00;0.00;0.00;0.00;0.00;0.00;0.74;0.61;0.92
-12.90;-5.23;0.00;0.00;0.03;0.00;0.02;0.00;0.39;19.49;0.00;0.00;0.00;0.00;0.00;0.00;0.36;0.61;1.34
-14.11;-5.11;0.00;0.00;0.03;0.00;0.02;0.00;0.71;20.17;0.00;0.00;0.00;0.00;0.00;0.00;0.37;0.61;1.38
-9.38;-5.51;0.00;1.05;0.00;0.00;0.00;0.00;0.00;15.38;0.00;0.00;0.00;0.00;0.00;0.00;0.37;0.60;1.05
-9.99;-4.66;0.00;0.00;0.01;0.00;0.02;0.00;0.03;16.22;0.00;0.00;0.00;0.00;0.00;0.00;0.10;0.60;1.11
-14.23;-5.02;0.00;0.00;0.03;0.00;0.02;0.00;0.78;20.10;0.00;0.00;0.00;0.00;0.00;0.00;0.10;0.60;1.38
-12.09;-4.61;0.00;0.00;0.03;0.00;0.02;0.00;0.50;17.72;0.00;0.00;0.00;0.00;0.00;0.00;0.11;0.59;1.21
-7.95;-4.09;0.00;0.31;0.00;0.00;0.00;0.00;0.00;13.03;0.00;0.00;0.00;0.00;0.00;0.00;0.11;0.59;0.89
-11.39;-4.10;0.00;0.00;0.02;0.00;0.02;0.00;0.59;16.24;0.00;0.00;0.00;0.00;0.00;0.00;0.03;0.59;1.11
-14.06;-3.84;0.00;0.00;0.02;0.00;0.02;0.00;1.29;17.74;0.00;0.00;0.00;0.00;0.00;0.00;0.04;0.58;1.22
-10.09;-3.66;0.00;0.00;0.02;0.00;0.02;0.00;0.51;14.44;0.00;0.00;0.00;0.00;0.00;0.00;0.04;0.58;0.99
-10.10;-2.76;0.00;0.00;0.02;0.00;0.02;0.00;0.92;12.76;0.00;0.00;0.00;0.00;0.00;0.00;0.05;0.57;0.87
-10.60;-2.73;0.00;0.00;0.01;0.00;0.02;0.00;1.04;13.07;0.00;0.00;0.00;0.00;0.00;0.00;0.05;0.56;0.90
-7.48;-2.89;0.00;0.00;0.01;0.00;0.02;0.00;0.29;11.02;0.00;0.00;0.00;0.00;0.00;0.00;0.05;0.56;0.76
-7.37;-3.24;0.00;0.00;0.01;0.00;0.02;0.00;0.11;11.59;0.00;0.00;0.00;0.00;0.00;0.00;0.06;0.55;0.79
-11.13;-3.40;0.00;0.00;0.01;0.00;0.02;0.00;0.85;14.71;0.00;0.00;0.00;0.00;0.00;0.00;0.06;0.55;1.01
-12.40;-3.30;0.00;0.00;0.03;0.00;0.02;0.00;1.17;15.51;0.00;0.00;0.00;0.00;0.00;0.00;0.06;0.54;1.06
-9.01;-3.04;0.00;0.00;0.03;0.00;0.02;0.00;0.55;12.48;0.00;0.00;0.00;0.00;0.00;0.00;0.07;0.54;0.86
-6.91;-2.90;0.00;0.00;0.02;0.00;0.02;0.00;0.16;10.64;0.00;0.00;0.00;0.00;0.00;0.00;0.08;0.53;0.73
-8.44;-2.85;0.00;0.00;0.03;0.00;0.02;0.00;0.51;11.71;0.00;0.00;0.00;0.00;0.00;0.00;0.08;0.53;0.80
-11.09;-2.92;0.00;0.00;0.02;0.00;0.02;0.00;1.06;13.80;0.00;0.00;0.00;0.00;0.00;0.00;0.09;0.52;0.95
-9.19;-2.75;0.00;0.00;0.02;0.00;0.02;0.00;0.72;12.07;0.00;0.00;0.00;0.00;0.00;0.00;0.09;0.52;0.83
-7.68;-2.55;0.00;0.00;0.02;0.00;0.02;0.00;0.49;10.55;0.00;0.00;0.00;0.00;0.00;0.00;0.10;0.51;0.72
-8.90;-2.51;0.00;0.00;0.02;0.00;0.02;0.00;0.77;11.39;0.00;0.00;0.00;0.00;0.00;0.00;0.10;0.51;0.78
-13.04;-2.71;0.00;0.00;0.02;0.00;0.02;0.00;1.58;14.86;0.00;0.00;0.00;0.00;0.00;0.00;0.11;0.50;1.02
-11.01;-2.72;0.00;0.00;0.02;0.00;0.02;0.00;1.14;13.37;0.00;0.00;0.00;0.00;0.00;0.00;0.11;0.50;0.92
-8.91;-2.61;0.00;0.00;0.02;0.00;0.02;0.00;0.73;11.59;0.00;0.00;0.00;0.00;0.00;0.00;0.12;0.49;0.79
-8.88;-2.55;0.00;0.00;0.02;0.00;0.02;0.00;0.75;11.44;0.00;0.00;0.00;0.00;0.00;0.00;0.12;0.49;0.78
-9.63;-2.59;0.00;0.00;0.02;0.00;0.02;0.00;0.90;12.09;0.00;0.00;0.00;0.00;0.00;0.00;0.13;0.48;0.83
-8.47;-2.60;0.00;0.00;0.02;0.00;0.02;0.00;0.64;11.23;0.00;0.00;0.00;0.00;0.00;0.00;0.13;0.48;0.77
-10.58;-2.64;0.00;0.00;0.02;0.00;0.02;0.00;1.08;12.88;0.00;0.00;0.00;0.00;0.00;0.00;0.13;0.47;0.88
-14.49;-2.63;0.00;0.00;0.01;0.00;0.02;0.00;1.94;15.79;0.00;0.00;0.00;0.00;0.00;0.00;0.14;0.47;1.08
-13.43;-3.23;0.00;0.00;0.01;0.00;0.02;0.00;1.43;16.13;0.00;0.00;0.00;0.00;0.00;0.00;0.14;0.46;1.10
-10.82;-3.23;0.00;0.00;0.02;0.00;0.02;0.00;0.86;14.17;0.00;0.00;0.00;0.00;0.00;0.00;0.14;0.46;0.97
-9.51;-2.99;0.00;0.00;0.02;0.00;0.02;0.00;0.69;12.75;0.00;0.00;0.00;0.00;0.00;0.00;0.15;0.45;0.87
-9.34;-3.18;0.01;0.00;0.02;0.01;0.02;0.00;0.57;12.92;0.01;0.00;0.00;0.00;0.00;0.00;0.15;0.45;0.89
-13.17;-3.60;0.03;0.00;0.01;0.06;0.02;0.00;1.24;16.40;0.05;0.00;0.00;0.00;0.00;0.00;0.16;0.44;1.12
-14.58;-3.80;0.06;0.00;0.02;0.14;0.02;0.00;1.49;17.59;0.12;0.00;0.00;0.00;0.00;0.00;0.16;0.44;1.21
-14.01;-3.81;0.09;0.00;0.01;0.22;0.02;0.00;1.39;16.92;0.19;0.00;0.00;0.00;0.00;0.00;0.16;0.43;1.16
-19.05;-4.34;0.13;0.00;0.01;0.31;0.02;0.00;2.29;21.41;0.25;0.00;0.00;0.00;0.00;0.00;0.17;0.43;1.47
-20.21;-4.40;0.17;0.00;0.01;0.42;0.02;0.00;2.56;22.03;0.35;0.00;0.00;0.00;0.00;0.00;0.17;0.42;1.51
-10.02;-3.90;0.27;0.00;0.02;0.66;0.02;0.00;0.69;12.68;0.55;0.00;0.00;0.00;0.00;0.00;0.17;0.42;0.87
-14.12;-3.55;0.30;0.00;0.01;0.71;0.02;0.00;1.77;14.90;0.59;0.00;0.00;0.00;0.00;0.00;0.18;0.42;1.02
-17.42;-3.50;0.30;0.00;0.01;0.73;0.02;0.00;2.52;17.23;0.61;0.00;0.00;0.00;0.00;0.00;0.18;0.41;1.18
-12.80;-4.06;0.25;0.00;0.01;0.60;0.02;0.00;1.20;15.23;0.50;0.00;0.00;0.00;0.00;0.00;0.18;0.41;1.04
-12.98;-4.29;0.22;0.00;0.01;0.54;0.02;0.00;1.10;16.01;0.45;0.00;0.00;0.00;0.00;0.00;0.19;0.40;1.10
-13.15;-4.52;0.18;0.00;0.01;0.44;0.02;0.00;0.98;16.91;0.36;0.00;0.00;0.00;0.00;0.00;0.19;0.40;1.16
-9.91;-4.47;0.20;0.00;0.01;0.47;0.01;0.00;0.32;14.27;0.39;0.00;0.00;0.00;0.00;0.00;0.19;0.39;0.98
-7.50;-4.71;0.25;0.53;0.00;0.60;0.00;0.00;0.00;11.48;0.50;0.00;0.00;0.00;0.00;0.00;0.20;0.39;0.79
-10.96;-4.91;0.32;0.00;0.02;0.76;0.02;0.00;0.48;14.94;0.63;0.00;0.00;0.00;0.00;0.00;0.06;0.39;1.02
-12.84;-5.42;0.35;0.00;0.01;0.84;0.01;0.00;0.70;17.02;0.70;0.00;0.00;0.00;0.00;0.00;0.06;0.39;1.17
-8.82;-4.66;0.34;0.00;0.01;0.82;0.01;0.00;0.16;12.65;0.69;0.00;0.00;0.00;0.00;0.00;0.06;0.38;0.87
-11.00;-5.16;0.36;0.00;0.01;0.87;0.01;0.00;0.43;15.09;0.72;0.00;0.00;0.00;0.00;0.00;0.07;0.38;1.03
-13.25;-5.19;0.30;0.00;0.01;0.71;0.02;0.00;0.83;17.33;0.59;0.00;0.00;0.00;0.00;0.00;0.07;0.37;1.19
-12.33;-3.83;0.31;0.00;0.01;0.74;0.01;0.00;1.26;14.02;0.61;0.00;0.00;0.00;0.00;0.00;0.07;0.37;0.96
-11.17;-4.10;0.29;0.00;0.01;0.70;0.01;0.00;0.87;13.79;0.58;0.00;0.00;0.00;0.00;0.00;0.08;0.37;0.94
-9.70;-4.82;0.37;0.00;0.01;0.90;0.01;0.00;0.31;13.36;0.75;0.00;0.00;0.00;0.00;0.00;0.08;0.36;0.92
-12.40;-5.11;0.56;0.00;0.01;1.34;0.01;0.00;0.97;14.49;1.11;0.00;0.00;0.00;0.00;0.00;0.08;0.36;0.99
-11.89;-5.18;0.54;0.00;0.02;1.30;0.01;0.00;0.82;14.35;1.09;0.00;0.00;0.00;0.00;0.00;0.09;0.35;0.98
-9.86;-4.89;0.68;0.00;0.02;1.62;0.01;0.00;0.66;11.24;1.35;0.00;0.00;0.00;0.00;0.00;0.09;0.35;0.77
-14.49;-4.44;0.56;0.00;0.01;1.35;0.01;0.00;1.74;14.75;1.13;0.00;0.00;0.00;0.00;0.00;0.09;0.35;1.01
-17.18;-5.39;0.51;0.00;0.01;1.23;0.01;0.00;1.83;18.95;1.02;0.00;0.00;0.00;0.00;0.00;0.10;0.34;1.30
-10.50;-5.27;0.51;0.00;0.02;1.23;0.01;0.00;0.43;13.74;1.02;0.00;0.00;0.00;0.00;0.00;0.10;0.34;0.94
-7.85;-5.91;0.73;0.40;0.00;1.75;0.00;0.00;0.00;10.47;1.46;0.00;0.00;0.00;0.00;0.00;0.10;0.33;0.72
-8.81;-5.05;0.73;0.00;0.00;1.76;0.01;0.00;0.42;10.28;1.47;0.00;0.00;0.00;0.00;0.00;0.00;0.33;0.70
-8.26;-4.95;0.70;0.00;0.00;1.69;0.01;0.00;0.32;9.93;1.41;0.00;0.00;0.00;0.00;0.00;0.00;0.33;0.68
-12.67;-5.40;0.91;0.00;0.00;2.19;0.01;0.00;1.30;12.43;1.82;0.00;0.00;0.00;0.00;0.00;0.00;0.33;0.85
-18.44;-4.98;1.36;0.00;0.00;3.26;0.01;0.00;3.25;12.44;2.72;0.00;0.00;0.00;0.00;0.00;0.00;0.32;0.85
-17.75;-4.27;1.43;0.00;0.00;3.43;0.01;0.00;3.50;10.06;2.86;0.00;0.00;0.00;0.00;0.00;0.00;0.32;0.69
-12.86;-4.32;1.66;0.00;0.00;3.99;0.01;0.00;2.68;4.64;3.33;0.00;0.00;0.00;0.00;0.00;0.00;0.32;0.32
-11.25;-4.46;1.99;0.00;0.00;4.78;0.01;0.00;2.63;1.10;3.98;0.00;0.00;0.00;0.00;0.00;0.00;0.31;0.08
-10.08;-3.64;2.16;0.00;0.86;5.19;0.00;0.00;2.30;0.00;4.33;0.00;0.00;0.55;0.00;0.00;0.00;0.31;-0.07
-8.94;-3.42;2.26;0.00;1.46;5.43;0.00;0.00;1.76;0.00;4.53;0.00;0.00;1.05;0.00;0.00;0.20;0.31;-0.13
-15.52;-4.44;2.01;0.00;0.00;4.84;0.01;0.00;3.60;4.08;4.03;0.00;0.00;0.00;0.00;0.00;0.55;0.31;0.28
-16.87;-4.21;3.30;0.00;1.23;7.93;0.00;0.00;4.10;0.00;6.61;0.00;0.00;1.70;0.00;0.00;0.55;0.31;-0.21
-11.01;-3.86;2.67;0.00;1.18;6.41;0.00;0.00;2.27;0.00;5.34;0.00;0.00;1.77;0.00;0.00;0.84;0.31;-0.22
-10.33;-4.59;1.61;0.00;0.00;3.86;0.01;0.00;1.94;3.66;3.22;0.00;0.00;0.00;0.00;0.00;1.12;0.31;0.25
-11.33;-4.81;0.97;0.00;0.00;2.34;0.01;0.00;1.35;9.84;1.95;0.00;0.00;0.00;0.00;0.00;1.12;0.30;0.67
-9.23;-4.50;0.75;0.00;0.00;1.80;0.01;0.00;0.78;9.45;1.50;0.00;0.00;0.00;0.00;0.00;1.12;0.30;0.65
-10.22;-5.24;0.53;0.00;0.00;1.27;0.01;0.00;0.42;13.30;1.06;0.00;0.00;0.00;0.00;0.00;1.12;0.30;0.91
-14.77;-5.66;0.34;0.00;0.00;0.81;0.01;0.00;1.00;18.98;0.68;0.00;0.00;0.00;0.00;0.00;1.12;0.30;1.30
-15.86;-5.23;0.10;0.00;0.00;0.25;0.01;0.00;1.17;20.83;0.21;0.00;0.00;0.00;0.00;0.00;1.12;0.29;1.43
-10.98;-4.73;0.24;0.00;0.00;0.57;0.01;0.00;0.49;15.20;0.48;0.00;0.00;0.00;0.00;0.00;1.12;0.29;1.04
-9.50;-5.21;0.24;0.11;0.00;0.58;0.00;0.00;0.00;14.78;0.48;0.00;0.00;0.00;0.00;0.00;1.12;0.29;1.01
-10.86;-5.10;0.27;0.00;0.00;0.66;0.01;0.00;0.33;15.51;0.55;0.00;0.00;0.00;0.00;0.00;1.09;0.29;1.06
-13.57;-4.73;0.35;0.00;0.00;0.83;0.01;0.00;1.17;16.29;0.69;0.00;0.00;0.00;0.00;0.00;1.09;0.28;1.12
-17.59;-5.12;0.34;0.00;0.00;0.82;0.01;0.00;1.86;20.08;0.68;0.00;0.00;0.00;0.00;0.00;1.09;0.28;1.38
-13.99;-6.69;0.21;0.00;0.00;0.50;0.01;0.00;0.22;21.36;0.42;0.00;0.00;0.00;0.00;0.00;1.09;0.28;1.46
-14.14;-7.08;0.17;0.00;0.00;0.42;0.01;0.00;0.03;22.48;0.35;0.00;0.00;0.00;0.00;0.00;1.09;0.27;1.54
-11.34;-6.53;0.19;0.67;0.00;0.45;0.00;0.00;0.00;17.98;0.38;0.00;0.00;0.00;0.00;0.00;1.09;0.27;1.23
-11.60;-6.28;0.15;0.40;0.00;0.37;0.00;0.00;0.00;18.51;0.31;0.00;0.00;0.00;0.00;0.00;0.92;0.27;1.27
-18.32;-6.85;0.11;0.00;0.00;0.28;0.01;0.00;0.97;25.64;0.23;0.00;0.00;0.00;0.00;0.00;0.81;0.27;1.76
-17.48;-6.68;0.09;0.00;0.00;0.22;0.01;0.00;0.84;24.88;0.18;0.00;0.00;0.00;0.00;0.00;0.81;0.27;1.70
-12.31;-5.91;0.06;0.00;0.00;0.14;0.01;0.00;0.04;19.83;0.12;0.00;0.00;0.00;0.00;0.00;0.81;0.27;1.36
-13.66;-6.03;0.02;0.00;0.00;0.06;0.01;0.00;0.24;21.32;0.05;0.00;0.00;0.00;0.00;0.00;0.81;0.26;1.46
-12.10;-6.04;0.00;0.28;0.00;0.00;0.00;0.00;0.00;19.84;0.00;0.00;0.00;0.00;0.00;0.00;0.81;0.26;1.36
-8.22;-5.35;0.00;1.44;0.00;0.00;0.00;0.00;0.00;13.48;0.00;0.00;0.00;0.00;0.00;0.00;0.74;0.26;0.92
-12.90;-5.23;0.00;0.00;0.03;0.00;0.01;0.00;0.40;19.49;0.00;0.00;0.00;0.00;0.00;0.00;0.36;0.26;1.34
-14.11;-5.11;0.00;0.00;0.03;0.00;0.01;0.00;0.72;20.17;0.00;0.00;0.00;0.00;0.00;0.00;0.36;0.26;1.38
-9.38;-5.51;0.00;1.05;0.00;0.00;0.00;0.00;0.00;15.38;0.00;0.00;0.00;0.00;0.00;0.00;0.37;0.26;1.05
-9.99;-4.66;0.00;0.00;0.01;0.00;0.01;0.00;0.03;16.24;0.00;0.00;0.00;0.00;0.00;0.00;0.10;0.26;1.11
-14.23;-5.02;0.00;0.00;0.03;0.00;0.01;0.00;0.78;20.11;0.00;0.00;0.00;0.00;0.00;0.00;0.10;0.25;1.38
-12.09;-4.61;0.00;0.00;0.03;0.00;0.01;0.00;0.51;17.73;0.00;0.00;0.00;0.00;0.00;0.00;0.11;0.25;1.21
-7.95;-4.09;0.00;0.31;0.00;0.00;0.00;0.00;0.00;13.03;0.00;0.00;0.00;0.00;0.00;0.00;0.11;0.25;0.89
-11.39;-4.10;0.00;0.00;0.03;0.00;0.01;0.00;0.59;16.26;0.00;0.00;0.00;0.00;0.00;0.00;0.03;0.25;1.11
-14.06;-3.84;0.00;0.00;0.02;0.00;0.01;0.00;1.29;17.75;0.00;0.00;0.00;0.00;0.00;0.00;0.04;0.25;1.22
-10.09;-3.66;0.00;0.00;0.02;0.00;0.01;0.00;0.51;14.45;0.00;0.00;0.00;0.00;0.00;0.00;0.04;0.24;0.99
-10.10;-2.76;0.00;0.00;0.02;0.00;0.01;0.00;0.92;12.77;0.00;0.00;0.00;0.00;0.00;0.00;0.05;0.24;0.87
-10.60;-2.73;0.00;0.00;0.01;0.00;0.01;0.00;1.05;13.08;0.00;0.00;0.00;0.00;0.00;0.00;0.05;0.24;0.90
-7.48;-2.89;0.00;0.00;0.01;0.00;0.01;0.00;0.30;11.03;0.00;0.00;0.00;0.00;0.00;0.00;0.05;0.24;0.76
-7.37;-3.24;0.00;0.00;0.01;0.00;0.01;0.00;0.11;11.60;0.00;0.00;0.00;0.00;0.00;0.00;0.06;0.24;0.79
-11.13;-3.40;0.00;0.00;0.01;0.00;0.01;0.00;0.86;14.72;0.00;0.00;0.00;0.00;0.00;0.00;0.06;0.23;1.01
-12.40;-3.30;0.00;0.00;0.04;0.00;0.01;0.00;1.17;15.53;0.00;0.00;0.00;0.00;0.00;0.00;0.06;0.23;1.06
-9.01;-3.04;0.00;0.00;0.03;0.00;0.01;0.00;0.55;12.49;0.00;0.00;0.00;0.00;0.00;0.00;0.07;0.23;0.86
-6.91;-2.90;0.00;0.00;0.02;0.00;0.01;0.00;0.16;10.64;0.00;0.00;0.00;0.00;0.00;0.00;0.08;0.23;0.73
-8.44;-2.85;0.00;0.00;0.03;0.00;0.01;0.00;0.52;11.72;0.00;0.00;0.00;0.00;0.00;0.00;0.08;0.22;0.80
-11.09;-2.92;0.00;0.00;0.02;0.00;0.01;0.00;1.06;13.81;0.00;0.00;0.00;0.00;0.00;0.00;0.09;0.22;0.95
-9.19;-2.75;0.00;0.00;0.02;0.00;0.01;0.00;0.73;12.08;0.00;0.00;0.00;0.00;0.00;0.00;0.10;0.22;0.83
-7.68;-2.55;0.00;0.00;0.02;0.00;0.01;0.00;0.49;10.56;0.00;0.00;0.00;0.00;0.00;0.00;0.10;0.22;0.72
-8.90;-2.51;0.00;0.00;0.02;0.00;0.01;0.00;0.77;11.41;0.00;0.00;0.00;0.00;0.00;0.00;0.11;0.22;0.78
-13.04;-2.71;0.00;0.00;0.01;0.00;0.01;0.00;1.58;14.87;0.00;0.00;0.00;0.00;0.00;0.00;0.11;0.21;1.02
-11.01;-2.72;0.00;0.00;0.02;0.00;0.01;0.00;1.14;13.37;0.00;0.00;0.00;0.00;0.00;0.00;0.12;0.21;0.92
-8.91;-2.61;0.00;0.00;0.02;0.00;0.01;0.00;0.73;11.59;0.00;0.00;0.00;0.00;0.00;0.00;0.12;0.21;0.79
-8.88;-2.55;0.00;0.00;0.02;0.00;0.01;0.00;0.76;11.45;0.00;0.00;0.00;0.00;0.00;0.00;0.12;0.21;0.78
-9.63;-2.59;0.00;0.00;0.02;0.00;0.01;0.00;0.90;12.10;0.00;0.00;0.00;0.00;0.00;0.00;0.13;0.20;0.83
-8.47;-2.60;0.00;0.00;0.02;0.00;0.01;0.00;0.64;11.24;0.00;0.00;0.00;0.00;0.00;0.00;0.13;0.20;0.77
-10.58;-2.64;0.00;0.00;0.02;0.00;0.01;0.00;1.08;12.89;0.00;0.00;0.00;0.00;0.00;0.00;0.14;0.20;0.88
-14.49;-2.63;0.00;0.00;0.01;0.00;0.01;0.00;1.94;15.80;0.00;0.00;0.00;0.00;0.00;0.00;0.14;0.20;1.08
-13.43;-3.23;0.00;0.00;0.01;0.00;0.01;0.00;1.43;16.13;0.00;0.00;0.00;0.00;0.00;0.00;0.14;0.20;1.11
-10.82;-3.23;0.00;0.00;0.02;0.00;0.01;0.00;0.87;14.18;0.00;0.00;0.00;0.00;0.00;0.00;0.15;0.19;0.97
-9.51;-2.99;0.00;0.00;0.02;0.00;0.01;0.00;0.69;12.76;0.00;0.00;0.00;0.00;0.00;0.00;0.15;0.19;0.87
-9.34;-3.18;0.01;0.00;0.02;0.01;0.01;0.00;0.57;12.93;0.01;0.00;0.00;0.00;0.00;0.00;0.15;0.19;0.89
-13.17;-3.60;0.03;0.00;0.01;0.06;0.01;0.00;1.24;16.41;0.05;0.00;0.00;0.00;0.00;0.00;0.16;0.19;1.12
-14.58;-3.80;0.06;0.00;0.01;0.14;0.01;0.00;1.49;17.60;0.12;0.00;0.00;0.00;0.00;0.00;0.16;0.19;1.21
-14.01;-3.81;0.09;0.00;0.01;0.22;0.01;0.00;1.40;16.92;0.19;0.00;0.00;0.00;0.00;0.00;0.16;0.18;1.16
-19.05;-4.34;0.13;0.00;0.01;0.31;0.01;0.00;2.29;21.41;0.25;0.00;0.00;0.00;0.00;0.00;0.17;0.18;1.47
-20.21;-4.40;0.17;0.00;0.01;0.42;0.01;0.00;2.57;22.04;0.35;0.00;0.00;0.00;0.00;0.00;0.17;0.18;1.51
-10.02;-3.90;0.27;0.00;0.02;0.66;0.01;0.00;0.69;12.68;0.55;0.00;0.00;0.00;0.00;0.00;0.17;0.18;0.87
-14.12;-3.55;0.30;0.00;0.01;0.71;0.01;0.00;1.77;14.91;0.59;0.00;0.00;0.00;0.00;0.00;0.18;0.18;1.02
-17.42;-3.50;0.30;0.00;0.01;0.73;0.01;0.00;2.52;17.24;0.61;0.00;0.00;0.00;0.00;0.00;0.18;0.17;1.18
-12.80;-4.06;0.25;0.00;0.02;0.60;0.01;0.00;1.20;15.24;0.50;0.00;0.00;0.00;0.00;0.00;0.18;0.17;1.04
-12.98;-4.29;0.22;0.00;0.01;0.54;0.01;0.00;1.10;16.02;0.45;0.00;0.00;0.00;0.00;0.00;0.19;0.17;1.10
-13.15;-4.52;0.18;0.00;0.02;0.44;0.01;0.00;0.98;16.92;0.36;0.00;0.00;0.00;0.00;0.00;0.19;0.17;1.16
-9.91;-4.47;0.20;0.00;0.02;0.47;0.01;0.00;0.32;14.28;0.39;0.00;0.00;0.00;0.00;0.00;0.19;0.17;0.98
-7.50;-4.71;0.25;0.53;0.00;0.60;0.00;0.00;0.00;11.48;0.50;0.00;0.00;0.00;0.00;0.00;0.20;0.16;0.79
-10.96;-4.91;0.32;0.00;0.02;0.76;0.01;0.00;0.48;14.95;0.63;0.00;0.00;0.00;0.00;0.00;0.06;0.16;1.02
-12.84;-5.42;0.35;0.00;0.01;0.84;0.01;0.00;0.70;17.02;0.70;0.00;0.00;0.00;0.00;0.00;0.06;0.16;1.17
-8.82;-4.66;0.34;0.00;0.01;0.82;0.01;0.00;0.16;12.66;0.69;0.00;0.00;0.00;0.00;0.00;0.06;0.16;0.87
-11.00;-5.16;0.36;0.00;0.01;0.87;0.01;0.00;0.43;15.09;0.72;0.00;0.00;0.00;0.00;0.00;0.07;0.16;1.03
-13.25;-5.19;0.30;0.00;0.01;0.71;0.01;0.00;0.83;17.34;0.59;0.00;0.00;0.00;0.00;0.00;0.07;0.16;1.19
-12.33;-3.83;0.31;0.00;0.01;0.74;0.01;0.00;1.26;14.02;0.61;0.00;0.00;0.00;0.00;0.00;0.07;0.16;0.96
-11.17;-4.10;0.29;0.00;0.01;0.70;0.01;0.00;0.87;13.79;0.58;0.00;0.00;0.00;0.00;0.00;0.08;0.15;0.94
-9.70;-4.82;0.37;0.00;0.01;0.90;0.01;0.00;0.32;13.37;0.75;0.00;0.00;0.00;0.00;0.00;0.08;0.15;0.92
-12.40;-5.11;0.56;0.00;0.01;1.34;0.01;0.00;0.98;14.49;1.11;0.00;0.00;0.00;0.00;0.00;0.08;0.15;0.99
-11.89;-5.18;0.54;0.00;0.01;1.30;0.01;0.00;0.82;14.35;1.09;0.00;0.00;0.00;0.00;0.00;0.09;0.15;0.98
-9.86;-4.89;0.68;0.00;0.01;1.62;0.01;0.00;0.66;11.24;1.35;0.00;0.00;0.00;0.00;0.00;0.09;0.15;0.77
-14.49;-4.44;0.56;0.00;0.01;1.35;0.01;0.00;1.74;14.76;1.13;0.00;0.00;0.00;0.00;0.00;0.09;0.15;1.01
-17.18;-5.39;0.51;0.00;0.01;1.23;0.01;0.00;1.83;18.95;1.02;0.00;0.00;0.00;0.00;0.00;0.10;0.14;1.30
-10.50;-5.27;0.51;0.00;0.02;1.23;0.01;0.00;0.43;13.74;1.02;0.00;0.00;0.00;0.00;0.00;0.10;0.14;0.94
-7.85;-5.91;0.73;0.40;0.00;1.75;0.00;0.00;0.00;10.47;1.46;0.00;0.00;0.00;0.00;0.00;0.10;0.14;0.72
-8.81;-5.05;0.73;0.00;0.00;1.76;0.01;0.00;0.42;10.29;1.47;0.00;0.00;0.00;0.00;0.00;0.00;0.14;0.71
-8.26;-4.95;0.70;0.00;0.00;1.69;0.01;0.00;0.32;9.93;1.41;0.00;0.00;0.00;0.00;0.00;0.00;0.14;0.68
-12.67;-5.40;0.91;0.00;0.00;2.19;0.01;0.00;1.30;12.43;1.82;0.00;0.00;0.00;0.00;0.00;0.00;0.14;0.85
-18.44;-4.98;1.36;0.00;0.00;3.26;0.01;0.00;3.25;12.44;2.72;0.00;0.00;0.00;0.00;0.00;0.00;0.14;0.85
-17.75;-4.27;1.43;0.00;0.00;3.43;0.01;0.00;3.50;10.06;2.86;0.00;0.00;0.00;0.00;0.00;0.00;0.14;0.69
-12.86;-4.32;1.66;0.00;0.00;3.99;0.01;0.00;2.68;4.65;3.33;0.00;0.00;0.00;0.00;0.00;0.00;0.13;0.32
-11.25;-4.46;1.99;0.00;0.00;4.78;0.01;0.00;2.63;1.11;3.98;0.00;0.00;0.00;0.00;0.00;0.00;0.13;0.08
-10.08;-3.64;2.16;0.00;0.86;5.19;0.00;0.00;2.30;0.00;4.33;0.00;0.00;0.55;0.00;0.00;0.00;0.13;-0.07
-8.94;-3.42;2.26;0.00;1.46;5.43;0.00;0.00;1.76;0.00;4.53;0.00;0.00;1.05;0.00;0.00;0.21;0.13;-0.13
-15.52;-4.44;2.01;0.00;0.00;4.84;0.00;0.00;3.60;4.08;4.03;0.00;0.00;0.00;0.00;0.00;0.55;0.13;0.28
-16.87;-4.21;3.30;0.00;1.24;7.93;0.00;0.00;4.10;0.00;6.61;0.00;0.00;1.69;0.00;0.00;0.55;0.13;-0.21
-11.01;-3.86;2.67;0.00;1.16;6.41;0.00;0.00;2.27;0.00;5.34;0.00;0.00;1.78;0.00;0.00;0.85;0.13;-0.22
-10.33;-4.59;1.61;0.00;0.00;3.86;0.00;0.00;1.95;3.67;3.22;0.00;0.00;0.00;0.00;0.00;1.12;0.13;0.25
-11.33;-4.81;0.97;0.00;0.00;2.34;0.00;0.00;1.35;9.85;1.95;0.00;0.00;0.00;0.00;0.00;1.12;0.13;0.67
-9.23;-4.50;0.75;0.00;0.00;1.80;0.00;0.00;0.78;9.46;1.50;0.00;0.00;0.00;0.00;0.00;1.12;0.13;0.65
-10.22;-5.24;0.53;0.00;0.00;1.27;0.00;0.00;0.42;13.31;1.06;0.00;0.00;0.00;0.00;0.00;1.12;0.13;0.91
-14.77;-5.66;0.34;0.00;0.00;0.81;0.00;0.00;1.00;18.99;0.68;0.00;0.00;0.00;0.00;0.00;1.12;0.12;1.30
-15.86;-5.23;0.10;0.00;0.00;0.25;0.00;0.00;1.17;20.83;0.21;0.00;0.00;0.00;0.00;0.00;1.12;0.12;1.43
-10.98;-4.73;0.24;0.00;0.00;0.57;0.00;0.00;0.49;15.20;0.48;0.00;0.00;0.00;0.00;0.00;1.12;0.12;1.04
-9.50;-5.21;0.24;0.11;0.00;0.58;0.00;0.00;0.00;14.78;0.48;0.00;0.00;0.00;0.00;0.00;1.12;0.12;1.01
-10.86;-5.10;0.27;0.00;0.00;0.66;0.00;0.00;0.34;15.51;0.55;0.00;0.00;0.00;0.00;0.00;1.09;0.12;1.06
-13.57;-4.73;0.35;0.00;0.00;0.83;0.00;0.00;1.17;16.29;0.69;0.00;0.00;0.00;0.00;0.00;1.09;0.12;1.12
-17.59;-5.12;0.34;0.00;0.00;0.82;0.00;0.00;1.86;20.08;0.68;0.00;0.00;0.00;0.00;0.00;1.09;0.12;1.38
-13.99;-6.69;0.21;0.00;0.00;0.50;0.00;0.00;0.22;21.37;0.42;0.00;0.00;0.00;0.00;0.00;1.09;0.12;1.46
-14.14;-7.08;0.17;0.00;0.00;0.42;0.00;0.00;0.03;22.48;0.35;0.00;0.00;0.00;0.00;0.00;1.09;0.12;1.54
-11.34;-6.53;0.19;0.67;0.00;0.45;0.00;0.00;0.00;17.98;0.38;0.00;0.00;0.00;0.00;0.00;1.09;0.11;1.23
-11.60;-6.28;0.15;0.40;0.00;0.37;0.00;0.00;0.00;18.51;0.31;0.00;0.00;0.00;0.00;0.00;0.92;0.11;1.27
-18.32;-6.85;0.11;0.00;0.00;0.28;0.00;0.00;0.98;25.65;0.23;0.00;0.00;0.00;0.00;0.00;0.81;0.11;1.76
-17.48;-6.68;0.09;0.00;0.00;0.22;0.00;0.00;0.84;24.89;0.18;0.00;0.00;0.00;0.00;0.00;0.81;0.11;1.70
-12.31;-5.91;0.06;0.00;0.00;0.14;0.00;0.00;0.04;19.84;0.12;0.00;0.00;0.00;0.00;0.00;0.81;0.11;1.36
-13.66;-6.03;0.02;0.00;0.00;0.06;0.00;0.00;0.24;21.33;0.05;0.00;0.00;0.00;0.00;0.00;0.81;0.11;1.46
-12.10;-6.04;0.00;0.28;0.00;0.00;0.00;0.00;0.00;19.84;0.00;0.00;0.00;0.00;0.00;0.00;0.81;0.11;1.36
-8.22;-5.35;0.00;1.44;0.00;0.00;0.00;0.00;0.00;13.48;0.00;0.00;0.00;0.00;0.00;0.00;0.74;0.11;0.92
-12.90;-5.23;0.00;0.00;0.03;0.00;0.00;0.00;0.40;19.51;0.00;0.00;0.00;0.00;0.00;0.00;0.36;0.11;1.34
-14.11;-5.11;0.00;0.00;0.03;0.00;0.00;0.00;0.72;20.19;0.00;0.00;0.00;0.00;0.00;0.00;0.37;0.11;1.38
-9.38;-5.51;0.00;1.05;0.00;0.00;0.00;0.00;0.00;15.38;0.00;0.00;0.00;0.00;0.00;0.00;0.37;0.11;1.05
-9.99;-4.66;0.00;0.00;0.01;0.00;0.00;0.00;0.03;16.24;0.00;0.00;0.00;0.00;0.00;0.00;0.10;0.11;1.11
-14.23;-5.02;0.00;0.00;0.03;0.00;0.00;0.00;0.79;20.11;0.00;0.00;0.00;0.00;0.00;0.00;0.10;0.11;1.38
-12.09;-4.61;0.00;0.00;0.03;0.00;0.00;0.00;0.51;17.73;0.00;0.00;0.00;0.00;0.00;0.00;0.11;0.11;1.21
-7.95;-4.09;0.00;0.31;0.00;0.00;0.00;0.00;0.00;13.03;0.00;0.00;0.00;0.00;0.00;0.00;0.11;0.10;0.89
-11.39;-4.10;0.00;0.00;0.03;0.00;0.00;0.00;0.59;16.26;0.00;0.00;0.00;0.00;0.00;0.00;0.03;0.10;1.11
-14.06;-3.84;0.00;0.00;0.02;0.00;0.00;0.00;1.29;17.76;0.00;0.00;0.00;0.00;0.00;0.00;0.04;0.10;1.22
-10.09;-3.66;0.00;0.00;0.02;0.00;0.00;0.00;0.51;14.45;0.00;0.00;0.00;0.00;0.00;0.00;0.04;0.10;0.99