timeStep;demandHeat;demandElectricity;PV3;GasBoiler3;ThermalStorage3Discharge;ThermalStorage3Charge;HeatPump3;ElecBuy;ElecSell;ThermalStorage3SOC;Cost;Price;positiveDemandHeat;positiveDemandHeatTotal;positiveDemandElectricity;plusPV3;plusGasBoiler3;plusThermalStorage3Discharge;plusThermalStorage3Charge;plusHeatPump3;plusElecBuy;plusElecSell
0.00;-16.41;-4.40;0.00;15.60;1.13;0.00;0.00;4.40;0.00;20.00;0.51;0.25;16.41;16.41;4.40;0.00;15.28;1.02;0.00;0.00;4.40;-0.00
1.00;-18.91;-4.50;0.00;17.57;1.69;0.00;0.00;4.50;0.00;19.69;0.54;0.25;18.91;18.91;4.50;0.00;17.22;1.52;0.00;0.00;4.50;-0.00
2.00;-13.98;-4.97;0.00;13.27;0.98;0.00;0.00;4.97;0.00;19.22;0.51;0.25;13.98;13.98;4.97;0.00;13.00;0.88;0.00;0.00;4.97;-0.00
3.00;-13.00;-5.38;0.00;12.36;0.88;0.00;0.00;5.38;0.00;18.94;0.52;0.25;13.00;13.00;5.38;0.00;12.11;0.80;0.00;0.00;5.38;-0.00
4.00;-18.62;-5.38;0.00;17.64;1.33;0.00;0.00;5.38;0.00;18.70;0.60;0.25;18.62;18.62;5.38;0.00;17.29;1.20;0.00;0.00;5.38;-0.00
5.00;-24.30;-5.34;0.00;19.13;5.56;0.00;0.00;5.34;0.00;18.33;0.62;0.25;24.30;24.30;5.34;0.00;18.75;5.00;0.00;0.00;5.34;-0.00
6.00;-19.75;-5.03;0.00;18.58;1.53;0.00;0.00;5.03;0.00;16.78;0.59;0.25;19.75;19.75;5.03;0.00;18.21;1.38;0.00;0.00;5.03;-0.00
7.00;-13.70;-4.88;0.00;13.29;0.68;0.00;0.00;4.88;0.00;16.36;0.50;0.25;13.70;13.70;4.88;0.00;13.02;0.61;0.00;0.00;4.88;-0.00
8.00;-16.65;-4.78;0.00;16.23;0.75;0.00;0.00;4.78;0.00;16.17;0.54;0.25;16.65;16.65;4.78;0.00;15.90;0.68;0.00;0.00;4.78;-0.00
9.00;-23.41;-4.88;0.00;19.34;4.46;0.00;0.00;4.88;0.00;15.96;0.59;0.25;23.41;23.41;4.88;0.00;18.95;4.01;0.00;0.00;4.88;-0.00
10.00;-20.06;-4.84;0.00;19.04;1.41;0.00;0.00;4.84;0.00;14.72;0.58;0.25;20.06;20.06;4.84;0.00;18.65;1.27;0.00;0.00;4.84;-0.00
11.00;-13.28;-4.51;0.00;13.08;0.47;0.00;0.00;4.51;0.00;14.33;0.47;0.25;13.28;13.28;4.51;0.00;12.82;0.42;0.00;0.00;4.51;-0.00
12.00;-14.98;-4.47;0.00;14.85;0.42;0.00;0.00;4.47;0.00;14.20;0.50;0.25;14.98;14.98;4.47;0.00;14.55;0.38;0.00;0.00;4.47;-0.00
13.00;-25.47;-4.95;0.00;19.59;6.27;0.00;0.00;4.95;0.00;14.08;0.60;0.25;25.47;25.47;4.95;0.00;19.20;5.64;0.00;0.00;4.95;-0.00
14.00;-23.38;-5.09;0.00;19.60;4.17;0.00;0.00;5.09;0.00;12.34;0.61;0.25;23.38;23.38;5.09;0.00;19.21;3.75;0.00;0.00;5.09;-0.00
15.00;-17.07;-4.65;0.00;17.05;0.37;0.00;0.00;4.65;0.00;11.19;0.54;0.25;17.07;17.07;4.65;0.00;16.71;0.33;0.00;0.00;4.65;-0.00
16.00;-16.11;-4.44;0.00;16.13;0.31;0.00;0.00;4.44;0.00;11.08;0.52;0.25;16.11;16.11;4.44;0.00;15.80;0.28;0.00;0.00;4.44;-0.00
17.00;-16.32;-4.44;0.00;16.35;0.30;0.00;0.00;4.44;0.00;11.00;0.52;0.25;16.32;16.32;4.44;0.00;16.02;0.27;0.00;0.00;4.44;-0.00
18.00;-14.72;-4.43;0.00;14.76;0.26;0.00;0.00;4.43;0.00;10.92;0.49;0.25;14.72;14.72;4.43;0.00;14.47;0.23;0.00;0.00;4.43;-0.00
19.00;-17.87;-4.43;0.00;18.08;0.16;0.00;0.00;4.43;0.00;10.84;0.54;0.25;17.87;17.87;4.43;0.00;17.71;0.14;0.00;0.00;4.43;-0.00
20.00;-22.91;-4.43;0.00;19.94;3.38;0.00;0.00;4.43;0.00;10.80;0.57;0.25;22.91;22.91;4.43;0.00;19.54;3.04;0.00;0.00;4.43;-0.00
21.00;-20.03;-4.56;0.00;19.93;0.49;0.00;0.00;4.56;0.00;9.86;0.58;0.25;20.03;20.03;4.56;0.00;19.53;0.44;0.00;0.00;4.56;-0.00
22.00;-22.15;-4.63;0.00;19.95;2.60;0.00;0.00;4.63;0.00;9.73;0.58;0.25;22.15;22.15;4.63;0.00;19.55;2.34;0.00;0.00;4.63;-0.00
23.00;-17.58;-4.49;0.00;17.89;0.05;0.00;0.00;4.49;0.00;9.00;0.55;0.25;17.58;17.58;4.49;0.00;17.54;0.04;0.00;0.00;4.49;-0.00
24.00;-11.23;-4.61;0.05;11.42;0.04;0.00;0.00;4.56;0.00;8.99;0.45;0.25;11.23;11.23;4.61;0.05;11.20;0.03;0.00;0.00;4.56;-0.00
25.00;-11.70;-5.35;0.21;11.91;0.03;0.00;0.00;5.14;0.00;8.98;0.50;0.25;11.70;11.70;5.35;0.21;11.67;0.03;0.00;0.00;5.14;-0.00
26.00;-20.82;-5.75;0.47;20.00;1.22;0.00;0.00;5.28;0.00;8.97;0.63;0.25;20.82;20.82;5.75;0.47;19.60;1.10;0.00;0.00;5.28;-0.00
27.00;-26.13;-5.72;0.75;20.00;6.53;0.00;0.00;4.97;0.00;8.63;0.61;0.25;26.13;26.13;5.72;0.75;19.60;5.87;0.00;0.00;4.97;-0.00
28.00;-23.29;-5.85;1.02;20.00;3.69;0.00;0.00;4.83;0.00;6.82;0.60;0.25;23.29;23.29;5.85;1.02;19.60;3.32;0.00;0.00;4.83;-0.00
29.00;-17.66;-5.60;1.38;19.17;0.00;1.12;0.00;4.22;0.00;5.79;0.55;0.25;17.66;17.66;5.60;1.38;18.78;0.00;1.01;0.00;4.22;-0.00
30.00;-10.31;-5.25;2.19;17.86;0.00;7.20;0.00;3.06;0.00;6.05;0.46;0.25;10.31;10.31;5.25;2.19;17.51;0.00;6.48;0.00;3.06;-0.00
31.00;-20.12;-4.83;2.37;20.00;0.52;0.00;0.00;2.46;0.00;7.67;0.45;0.25;20.12;20.12;4.83;2.37;19.60;0.46;0.00;0.00;2.46;-0.00
32.00;-23.28;-4.60;2.43;20.00;3.68;0.00;0.00;2.17;0.00;7.52;0.43;0.25;23.28;23.28;4.60;2.43;19.60;3.32;0.00;0.00;2.17;-0.00
33.00;-19.34;-5.02;2.01;19.85;0.00;0.11;0.00;3.00;0.00;6.50;0.48;0.25;19.34;19.34;5.02;2.01;19.45;0.00;0.10;0.00;3.00;-0.00
34.00;-22.82;-5.49;1.80;20.00;3.22;0.00;0.00;3.69;0.00;6.53;0.53;0.25;22.82;22.82;5.49;1.80;19.60;2.90;0.00;0.00;3.69;-0.00
35.00;-22.59;-5.92;1.45;20.00;2.99;0.00;0.00;4.47;0.00;5.63;0.58;0.25;22.59;22.59;5.92;1.45;19.60;2.69;0.00;0.00;4.47;-0.00
36.00;-16.78;-5.88;1.57;18.95;0.00;1.78;0.00;4.31;0.00;4.80;0.55;0.25;16.78;16.78;5.88;1.57;18.57;0.00;1.60;0.00;4.31;-0.00
37.00;-10.70;-5.68;2.00;17.98;0.00;6.93;0.00;3.67;0.00;5.20;0.50;0.25;10.70;10.70;5.68;2.00;17.62;0.00;6.23;0.00;3.67;-0.00
38.00;-17.72;-5.62;2.53;19.17;0.00;1.06;0.00;3.09;0.00;6.76;0.48;0.25;17.72;17.72;5.62;2.53;18.79;0.00;0.96;0.00;3.09;-0.00
39.00;-21.35;-5.39;2.81;20.00;1.75;0.00;0.00;2.58;0.00;7.00;0.46;0.25;21.35;21.35;5.39;2.81;19.60;1.57;0.00;0.00;2.58;-0.00
40.00;-9.68;-5.62;2.75;17.40;0.00;7.38;0.00;2.87;0.00;6.51;0.44;0.25;9.68;9.68;5.62;2.75;17.05;0.00;6.64;0.00;2.87;-0.00
41.00;-16.72;-5.76;2.89;18.78;0.00;1.69;0.00;2.87;0.00;8.17;0.46;0.25;16.72;16.72;5.76;2.89;18.41;0.00;1.52;0.00;2.87;-0.00
42.00;-25.16;-4.95;2.37;20.00;5.56;0.00;0.00;2.58;0.00;8.55;0.46;0.25;25.16;25.16;4.95;2.37;19.60;5.00;0.00;0.00;2.58;-0.00
43.00;-21.79;-5.22;2.46;20.00;2.19;0.00;0.00;2.76;0.00;7.01;0.47;0.25;21.79;21.79;5.22;2.46;19.60;1.97;0.00;0.00;2.76;-0.00
44.00;-13.45;-6.76;2.32;17.59;0.00;3.78;0.00;4.43;0.00;6.40;0.54;0.25;13.45;13.45;6.76;2.32;17.23;0.00;3.40;0.00;4.43;-0.00
45.00;-9.39;-8.62;2.99;16.14;0.00;6.42;0.00;5.63;0.00;7.25;0.59;0.25;9.39;9.39;8.62;2.99;15.82;0.00;5.78;0.00;5.63;-0.00
46.00;-19.28;-10.56;4.46;19.80;0.00;0.13;0.00;6.10;0.00;8.69;0.67;0.25;19.28;19.28;10.56;4.46;19.41;0.00;0.12;0.00;6.10;-0.00
47.00;-19.84;-8.47;4.35;20.00;0.24;0.00;0.00;4.12;0.00;8.72;0.55;0.25;19.84;19.84;8.47;4.35;19.60;0.22;0.00;0.00;4.12;-0.00
48.00;-16.39;-5.66;5.42;18.44;0.00;1.69;0.00;0.24;0.00;8.66;0.29;0.25;16.39;16.39;5.66;5.42;18.08;0.00;1.52;0.00;0.24;-0.00
49.00;-28.89;-4.96;4.50;20.00;9.29;0.00;0.00;0.45;0.00;9.04;0.32;0.25;28.89;28.89;4.96;4.50;19.60;8.36;0.00;0.00;0.45;-0.00
50.00;-35.14;-5.42;4.10;20.00;15.54;0.00;0.00;1.32;0.00;6.45;0.38;0.25;35.14;35.14;5.42;4.10;19.60;13.99;0.00;0.00;1.32;-0.00
51.00;-19.21;-6.23;4.09;19.77;0.00;0.16;0.00;2.15;0.00;2.14;0.43;0.25;19.21;19.21;6.23;4.09;19.37;0.00;0.15;0.00;2.15;-0.00
52.00;-10.56;-6.99;5.84;13.77;0.00;2.93;0.00;1.15;0.00;2.17;0.28;0.25;10.56;10.56;6.99;5.84;13.49;0.00;2.63;0.00;1.15;-0.00
53.00;-11.72;-7.63;5.87;14.41;0.00;2.40;0.00;1.76;0.00;2.83;0.32;0.25;11.72;11.72;7.63;5.87;14.12;0.00;2.16;0.00;1.76;-0.00
54.00;-11.85;-8.91;5.63;14.34;0.00;2.20;0.00;3.28;0.00;3.37;0.42;0.25;11.85;11.85;8.91;5.63;14.05;0.00;1.98;0.00;3.28;-0.00
55.00;-24.72;-10.62;7.30;20.00;5.12;0.00;0.00;3.33;0.00;3.87;0.50;0.25;24.72;24.72;10.62;7.30;19.60;4.60;0.00;0.00;3.33;-0.00
56.00;-30.64;-9.98;10.87;20.00;8.81;0.00;0.89;0.00;0.00;2.45;0.30;0.25;30.64;30.64;9.98;10.87;19.60;7.93;0.00;2.23;0.00;-0.00
57.00;-20.46;-7.76;11.42;11.54;0.00;0.00;3.66;0.00;0.00;0.00;0.17;0.25;20.46;20.46;7.76;11.42;11.31;0.00;0.00;9.14;0.00;-0.00
58.00;-14.90;-7.33;13.30;0.65;0.00;0.68;5.98;0.00;0.00;0.00;0.01;0.25;14.90;14.90;7.33;13.30;0.64;0.00;0.62;14.94;0.00;-0.00
59.00;-12.87;-7.18;15.93;0.21;0.00;9.21;8.75;0.00;0.00;0.15;0.00;0.25;12.87;12.87;7.18;15.93;0.21;0.00;8.29;21.88;0.00;-0.00
60.00;-10.91;-5.42;17.30;0.88;0.00;14.95;10.00;0.00;1.88;2.23;-0.05;0.25;10.91;10.91;5.42;17.30;0.86;0.00;13.45;25.00;0.00;-1.88
61.00;-11.55;-5.84;18.11;1.20;0.00;14.63;10.00;0.00;2.28;5.59;-0.05;0.25;11.55;11.55;5.84;18.11;1.17;0.00;13.17;25.00;0.00;-2.28
62.00;-23.82;-8.51;16.12;6.91;0.00;1.97;7.61;0.00;0.00;8.88;0.10;0.25;23.82;23.82;8.51;16.12;6.78;0.00;1.77;19.01;0.00;-0.00
63.00;-27.12;-8.33;26.43;5.51;0.00;3.28;10.00;0.00;8.11;9.33;-0.17;0.25;27.12;27.12;8.33;26.43;5.40;0.00;2.95;25.00;0.00;-8.11
64.00;-17.27;-6.04;21.35;3.98;0.00;11.64;10.00;0.00;5.31;10.06;-0.11;0.25;17.27;17.27;6.04;21.35;3.90;0.00;10.47;25.00;0.00;-5.31
65.00;-12.23;-7.16;12.88;4.90;0.00;6.87;5.72;0.00;0.00;12.68;0.07;0.25;12.23;12.23;7.16;12.88;4.80;0.00;6.19;14.31;0.00;-0.00
66.00;-12.78;-7.29;7.79;14.91;0.00;3.06;0.49;0.00;0.00;14.23;0.22;0.25;12.78;12.78;7.29;7.79;14.61;0.00;2.76;1.23;0.00;-0.00
67.00;-12.77;-5.29;5.99;16.96;0.00;5.59;0.70;0.00;0.00;14.92;0.25;0.25;12.77;12.77;5.29;5.99;16.62;0.00;5.03;1.74;0.00;-0.00
68.00;-11.18;-5.02;4.22;17.39;0.00;5.86;0.00;0.80;0.00;16.18;0.31;0.25;11.18;11.18;5.02;4.22;17.05;0.00;5.28;0.00;0.80;-0.00
69.00;-18.62;-5.25;2.71;19.51;0.00;0.50;0.00;2.54;0.00;17.50;0.45;0.25;18.62;18.62;5.25;2.71;19.12;0.00;0.45;0.00;2.54;-0.00
70.00;-27.14;-5.67;0.84;20.00;7.54;0.00;0.00;4.83;0.00;17.61;0.60;0.25;27.14;27.14;5.67;0.84;19.60;6.79;0.00;0.00;4.83;-0.00
71.00;-19.91;-6.05;1.91;20.00;0.31;0.00;0.00;4.14;0.00;15.51;0.55;0.25;19.91;19.91;6.05;1.91;19.60;0.28;0.00;0.00;4.14;-0.00
72.00;-15.12;-6.77;1.93;19.32;0.00;3.82;0.00;4.84;0.00;15.43;0.59;0.25;15.12;15.12;6.77;1.93;18.94;0.00;3.44;0.00;4.84;-0.00
73.00;-14.23;-5.83;2.20;19.28;0.00;4.66;0.00;3.64;0.00;16.29;0.51;0.25;14.23;14.23;5.83;2.20;18.90;0.00;4.20;0.00;3.64;-0.00
74.00;-19.32;-6.14;2.78;19.86;0.00;0.14;0.00;3.37;0.00;17.33;0.50;0.25;19.32;19.32;6.14;2.78;19.47;0.00;0.13;0.00;3.37;-0.00
75.00;-29.87;-8.75;2.73;20.00;10.27;0.00;0.00;6.02;0.00;17.37;0.67;0.25;29.87;29.87;8.75;2.73;19.60;9.24;0.00;0.00;6.02;-0.00
76.00;-24.60;-9.99;1.66;20.00;5.00;0.00;0.00;8.33;0.00;14.51;0.82;0.25;24.60;24.60;9.99;1.66;19.60;4.50;0.00;0.00;8.33;-0.00
77.00;-22.77;-11.26;1.39;20.00;3.17;0.00;0.00;9.87;0.00;13.12;0.91;0.25;22.77;22.77;11.26;1.39;19.60;2.86;0.00;0.00;9.87;-0.00
78.00;-20.10;-9.65;1.50;20.00;0.50;0.00;0.00;8.15;0.00;12.24;0.80;0.25;20.10;20.10;9.65;1.50;19.60;0.45;0.00;0.00;8.15;-0.00
79.00;-13.96;-7.40;1.22;19.48;0.00;5.13;0.00;6.18;0.00;12.10;0.67;0.25;13.96;13.96;7.40;1.22;19.09;0.00;4.62;0.00;6.18;-0.00
80.00;-24.67;-7.44;0.92;20.00;5.07;0.00;0.00;6.52;0.00;13.26;0.70;0.25;24.67;24.67;7.44;0.92;19.60;4.57;0.00;0.00;6.52;-0.00
81.00;-28.28;-8.41;0.73;20.00;8.68;0.00;0.00;7.68;0.00;11.85;0.78;0.25;28.28;28.28;8.41;0.73;19.60;7.81;0.00;0.00;7.68;-0.00
82.00;-20.65;-7.75;0.46;20.00;1.05;0.00;0.00;7.29;0.00;9.44;0.75;0.25;20.65;20.65;7.75;0.46;19.60;0.95;0.00;0.00;7.29;-0.00
83.00;-26.28;-8.05;0.20;20.00;6.68;0.00;0.00;7.85;0.00;9.15;0.79;0.25;26.28;26.28;8.05;0.20;19.60;6.01;0.00;0.00;7.85;-0.00
84.00;-23.40;-7.79;0.01;20.00;3.80;0.00;0.00;7.78;0.00;7.29;0.78;0.25;23.40;23.40;7.79;0.01;19.60;3.42;0.00;0.00;7.78;-0.00
85.00;-14.04;-5.76;0.00;19.49;0.00;5.07;0.00;5.76;0.00;6.23;0.65;0.25;14.04;14.04;5.76;0.00;19.10;0.00;4.56;0.00;5.76;-0.00
86.00;-24.73;-5.01;0.00;20.00;5.13;0.00;0.00;5.01;0.00;7.37;0.61;0.25;24.73;24.73;5.01;0.00;19.60;4.62;0.00;0.00;5.01;-0.00
87.00;-27.27;-5.08;0.00;20.00;7.67;0.00;0.00;5.08;0.00;5.95;0.61;0.25;27.27;27.27;5.08;0.00;19.60;6.90;0.00;0.00;5.08;-0.00
88.00;-16.36;-5.00;0.00;19.52;0.00;2.77;0.00;5.00;0.00;3.82;0.60;0.25;16.36;16.36;5.00;0.00;19.13;0.00;2.49;0.00;5.00;-0.00
89.00;-18.30;-5.15;0.00;19.59;0.00;0.89;0.00;5.15;0.00;4.44;0.61;0.25;18.30;18.30;5.15;0.00;19.20;0.00;0.80;0.00;5.15;-0.00
90.00;-28.00;-5.41;0.00;20.00;8.40;0.00;0.00;5.41;0.00;4.64;0.63;0.25;28.00;28.00;5.41;0.00;19.60;7.56;0.00;0.00;5.41;-0.00
91.00;-20.89;-5.22;0.00;20.00;1.29;0.00;0.00;5.22;0.00;2.31;0.62;0.25;20.89;20.89;5.22;0.00;19.60;1.16;0.00;0.00;5.22;-0.00
92.00;-11.20;-5.12;0.00;19.40;0.00;7.81;0.00;5.12;0.00;1.95;0.61;0.25;11.20;11.20;5.12;0.00;19.02;0.00;7.03;0.00;5.12;-0.00
93.00;-22.65;-5.13;0.00;20.00;3.05;0.00;0.00;5.13;0.00;3.71;0.62;0.25;22.65;22.65;5.13;0.00;19.60;2.74;0.00;0.00;5.13;-0.00
94.00;-28.40;-5.16;0.00;20.00;8.80;0.00;0.00;5.16;0.00;2.87;0.62;0.25;28.40;28.40;5.16;0.00;19.60;7.92;0.00;0.00;5.16;-0.00
95.00;-18.84;-4.84;0.00;19.59;0.00;0.36;0.00;4.84;0.00;0.42;0.59;0.25;18.84;18.84;4.84;0.00;19.20;0.00;0.33;0.00;4.84;-0.00
96.00;-16.41;-4.40;0.00;19.35;0.00;2.55;0.00;4.40;0.00;0.50;0.56;0.25;16.41;16.41;4.40;0.00;18.96;0.00;2.30;0.00;4.40;-0.00
97.00;-18.91;-4.50;0.00;19.68;0.00;0.38;0.00;4.50;0.00;1.08;0.57;0.25;18.91;18.91;4.50;0.00;19.29;0.00;0.34;0.00;4.50;-0.00
98.00;-13.98;-4.97;0.00;18.98;0.00;4.62;0.00;4.97;0.00;1.16;0.59;0.25;13.98;13.98;4.97;0.00;18.60;0.00;4.16;0.00;4.97;-0.00
99.00;-13.00;-5.38;0.00;18.88;0.00;5.51;0.00;5.38;0.00;2.20;0.62;0.25;13.00;13.00;5.38;0.00;18.50;0.00;4.95;0.00;5.38;-0.00
100.00;-18.62;-5.38;0.00;19.60;0.00;0.59;0.00;5.38;0.00;3.44;0.63;0.25;18.62;18.62;5.38;0.00;19.21;0.00;0.53;0.00;5.38;-0.00
101.00;-24.30;-5.34;0.00;20.00;4.70;0.00;0.00;5.34;0.00;3.57;0.63;0.25;24.30;24.30;5.34;0.00;19.60;4.23;0.00;0.00;5.34;-0.00
102.00;-19.75;-5.03;0.00;20.00;0.15;0.00;0.00;5.03;0.00;2.27;0.61;0.25;19.75;19.75;5.03;0.00;19.60;0.13;0.00;0.00;5.03;-0.00
103.00;-13.70;-4.88;0.00;19.11;0.00;5.03;0.00;4.88;0.00;2.23;0.59;0.25;13.70;13.70;4.88;0.00;18.73;0.00;4.53;0.00;4.88;-0.00
104.00;-16.65;-4.78;0.00;19.25;0.00;2.21;0.00;4.78;0.00;3.36;0.58;0.25;16.65;16.65;4.78;0.00;18.87;0.00;1.99;0.00;4.78;-0.00
105.00;-23.41;-4.88;0.00;20.00;3.81;0.00;0.00;4.88;0.00;3.86;0.60;0.25;23.41;23.41;4.88;0.00;19.60;3.43;0.00;0.00;4.88;-0.00
106.00;-20.06;-4.84;0.00;20.00;0.46;0.00;0.00;4.84;0.00;2.80;0.60;0.25;20.06;20.06;4.84;0.00;19.60;0.42;0.00;0.00;4.84;-0.00
107.00;-13.28;-4.51;0.00;19.09;0.00;5.42;0.00;4.51;0.00;2.67;0.56;0.25;13.28;13.28;4.51;0.00;18.71;0.00;4.88;0.00;4.51;-0.00
108.00;-14.98;-4.47;0.00;19.19;0.00;3.83;0.00;4.47;0.00;3.89;0.56;0.25;14.98;14.98;4.47;0.00;18.81;0.00;3.45;0.00;4.47;-0.00
109.00;-25.47;-4.95;0.00;20.00;5.87;0.00;0.00;4.95;0.00;4.75;0.60;0.25;25.47;25.47;4.95;0.00;19.60;5.28;0.00;0.00;4.95;-0.00
110.00;-23.38;-5.09;0.00;20.00;3.78;0.00;0.00;5.09;0.00;3.12;0.61;0.25;23.38;23.38;5.09;0.00;19.60;3.40;0.00;0.00;5.09;-0.00
111.00;-17.07;-4.65;0.00;19.24;0.00;1.78;0.00;4.65;0.00;2.07;0.58;0.25;17.07;17.07;4.65;0.00;18.85;0.00;1.60;0.00;4.65;-0.00
112.00;-16.11;-4.44;0.00;19.07;0.00;2.57;0.00;4.44;0.00;2.47;0.56;0.25;16.11;16.11;4.44;0.00;18.69;0.00;2.32;0.00;4.44;-0.00
113.00;-16.32;-4.44;0.00;19.03;0.00;2.34;0.00;4.44;0.00;3.05;0.56;0.25;16.32;16.32;4.44;0.00;18.65;0.00;2.10;0.00;4.44;-0.00
114.00;-14.72;-4.43;0.00;18.84;0.00;3.74;0.00;4.43;0.00;3.58;0.56;0.25;14.72;14.72;4.43;0.00;18.46;0.00;3.37;0.00;4.43;-0.00
115.00;-17.87;-4.43;0.00;19.36;0.00;1.10;0.00;4.43;0.00;4.42;0.56;0.25;17.87;17.87;4.43;0.00;18.97;0.00;0.99;0.00;4.43;-0.00
116.00;-22.91;-4.43;0.00;20.00;3.31;0.00;0.00;4.43;0.00;4.67;0.57;0.25;22.91;22.91;4.43;0.00;19.60;2.98;0.00;0.00;4.43;-0.00
117.00;-20.03;-4.56;0.00;20.00;0.43;0.00;0.00;4.56;0.00;3.75;0.58;0.25;20.03;20.03;4.56;0.00;19.60;0.38;0.00;0.00;4.56;-0.00
118.00;-22.15;-4.63;0.00;20.00;2.55;0.00;0.00;4.63;0.00;3.63;0.59;0.25;22.15;22.15;4.63;0.00;19.60;2.29;0.00;0.00;4.63;-0.00
119.00;-17.58;-4.49;0.00;19.22;0.00;1.26;0.00;4.49;0.00;2.92;0.56;0.25;17.58;17.58;4.49;0.00;18.84;0.00;1.13;0.00;4.49;-0.00
120.00;-11.23;-4.61;0.05;18.35;0.00;6.75;0.00;4.56;0.00;3.20;0.56;0.25;11.23;11.23;4.61;0.05;17.98;0.00;6.07;0.00;4.56;-0.00
121.00;-11.70;-5.35;0.21;18.21;0.00;6.15;0.00;5.14;0.00;4.72;0.59;0.25;11.70;11.70;5.35;0.21;17.85;0.00;5.53;0.00;5.14;-0.00
122.00;-20.82;-5.75;0.47;20.00;1.22;0.00;0.00;5.28;0.00;6.11;0.63;0.25;20.82;20.82;5.75;0.47;19.60;1.10;0.00;0.00;5.28;-0.00
123.00;-26.13;-5.72;0.75;20.00;6.53;0.00;0.00;4.97;0.00;5.77;0.61;0.25;26.13;26.13;5.72;0.75;19.60;5.87;0.00;0.00;4.97;-0.00
124.00;-23.29;-5.85;1.02;20.00;3.69;0.00;0.00;4.83;0.00;3.95;0.60;0.25;23.29;23.29;5.85;1.02;19.60;3.32;0.00;0.00;4.83;-0.00
125.00;-17.66;-5.60;1.38;19.43;0.00;1.38;0.00;4.22;0.00;2.93;0.55;0.25;17.66;17.66;5.60;1.38;19.05;0.00;1.25;0.00;4.22;-0.00
126.00;-10.31;-5.25;2.19;19.09;0.00;8.40;0.00;3.06;0.00;3.24;0.47;0.25;10.31;10.31;5.25;2.19;18.70;0.00;7.56;0.00;3.06;-0.00
127.00;-20.12;-4.83;2.37;20.00;0.52;0.00;0.00;2.46;0.00;5.13;0.45;0.25;20.12;20.12;4.83;2.37;19.60;0.46;0.00;0.00;2.46;-0.00
128.00;-23.28;-4.60;2.43;20.00;3.68;0.00;0.00;2.17;0.00;4.99;0.43;0.25;23.28;23.28;4.60;2.43;19.60;3.32;0.00;0.00;2.17;-0.00
129.00;-19.34;-5.02;2.01;19.86;0.00;0.12;0.00;3.00;0.00;3.96;0.48;0.25;19.34;19.34;5.02;2.01;19.46;0.00;0.11;0.00;3.00;-0.00
130.00;-22.82;-5.49;1.80;20.00;3.22;0.00;0.00;3.69;0.00;3.99;0.53;0.25;22.82;22.82;5.49;1.80;19.60;2.90;0.00;0.00;3.69;-0.00
131.00;-22.59;-5.92;1.45;20.00;2.99;0.00;0.00;4.47;0.00;3.10;0.58;0.25;22.59;22.59;5.92;1.45;19.60;2.69;0.00;0.00;4.47;-0.00
132.00;-16.78;-5.88;1.57;19.31;0.00;2.14;0.00;4.31;0.00;2.26;0.55;0.25;16.78;16.78;5.88;1.57;18.92;0.00;1.92;0.00;4.31;-0.00
133.00;-10.70;-5.68;2.00;19.02;0.00;7.94;0.00;3.67;0.00;2.75;0.51;0.25;10.70;10.70;5.68;2.00;18.64;0.00;7.15;0.00;3.67;-0.00
134.00;-17.72;-5.62;2.53;19.37;0.00;1.26;0.00;3.09;0.00;4.53;0.48;0.25;17.72;17.72;5.62;2.53;18.99;0.00;1.14;0.00;3.09;-0.00
135.00;-21.35;-5.39;2.81;20.00;1.75;0.00;0.00;2.58;0.00;4.82;0.46;0.25;21.35;21.35;5.39;2.81;19.60;1.57;0.00;0.00;2.58;-0.00
136.00;-9.68;-5.62;2.75;18.81;0.00;8.76;0.00;2.87;0.00;4.33;0.46;0.25;9.68;9.68;5.62;2.75;18.43;0.00;7.88;0.00;2.87;-0.00
137.00;-16.72;-5.76;2.89;19.15;0.00;2.04;0.00;2.87;0.00;6.30;0.46;0.25;16.72;16.72;5.76;2.89;18.77;0.00;1.84;0.00;2.87;-0.00
138.00;-25.16;-4.95;2.37;20.00;5.56;0.00;0.00;2.58;0.00;6.76;0.46;0.25;25.16;25.16;4.95;2.37;19.60;5.00;0.00;0.00;2.58;-0.00
139.00;-21.79;-5.22;2.46;20.00;2.19;0.00;0.00;2.76;0.00;5.22;0.47;0.25;21.79;21.79;5.22;2.46;19.60;1.97;0.00;0.00;2.76;-0.00
140.00;-13.45;-6.76;2.32;18.68;0.00;4.85;0.00;4.43;0.00;4.61;0.55;0.25;13.45;13.45;6.76;2.32;18.30;0.00;4.37;0.00;4.43;-0.00
141.00;-9.39;-8.62;2.99;18.40;0.00;8.64;0.00;5.63;0.00;5.70;0.62;0.25;9.39;9.39;8.62;2.99;18.03;0.00;7.78;0.00;5.63;-0.00
142.00;-19.28;-10.56;4.46;19.81;0.00;0.13;0.00;6.10;0.00;7.64;0.67;0.25;19.28;19.28;10.56;4.46;19.41;0.00;0.12;0.00;6.10;-0.00
143.00;-19.84;-8.47;4.35;20.00;0.24;0.00;0.00;4.12;0.00;7.67;0.55;0.25;19.84;19.84;8.47;4.35;19.60;0.22;0.00;0.00;4.12;-0.00
144.00;-16.39;-5.66;5.42;18.89;0.00;2.13;0.00;0.24;0.00;7.61;0.29;0.25;16.39;16.39;5.66;5.42;18.52;0.00;1.91;0.00;0.24;-0.00
145.00;-28.89;-4.96;4.50;20.00;9.29;0.00;0.00;0.45;0.00;8.08;0.32;0.25;28.89;28.89;4.96;4.50;19.60;8.36;0.00;0.00;0.45;-0.00
146.00;-35.14;-5.42;4.10;20.00;15.54;0.00;0.00;1.32;0.00;5.50;0.38;0.25;35.14;35.14;5.42;4.10;19.60;13.99;0.00;0.00;1.32;-0.00
147.00;-19.21;-6.23;4.09;19.78;0.00;0.17;0.00;2.15;0.00;1.18;0.43;0.25;19.21;19.21;6.23;4.09;19.38;0.00;0.16;0.00;2.15;-0.00
148.00;-10.56;-6.99;5.84;15.79;0.00;4.91;0.00;1.15;0.00;1.22;0.31;0.25;10.56;10.56;6.99;5.84;15.48;0.00;4.42;0.00;1.15;-0.00
149.00;-11.72;-7.63;5.87;15.65;0.00;3.62;0.00;1.76;0.00;2.33;0.34;0.25;11.72;11.72;7.63;5.87;15.34;0.00;3.26;0.00;1.76;-0.00
150.00;-11.85;-8.91;5.63;15.38;0.00;3.22;0.00;3.28;0.00;3.14;0.43;0.25;11.85;11.85;8.91;5.63;15.07;0.00;2.90;0.00;3.28;-0.00
151.00;-24.72;-10.62;7.30;20.00;5.12;0.00;0.00;3.33;0.00;3.87;0.50;0.25;24.72;24.72;10.62;7.30;19.60;4.60;0.00;0.00;3.33;-0.00
152.00;-30.64;-9.98;10.87;20.00;8.81;0.00;0.89;0.00;0.00;2.45;0.30;0.25;30.64;30.64;9.98;10.87;19.60;7.93;0.00;2.23;0.00;-0.00
153.00;-20.46;-7.76;11.42;11.54;0.00;0.00;3.66;0.00;0.00;0.00;0.17;0.25;20.46;20.46;7.76;11.42;11.31;0.00;0.00;9.14;0.00;-0.00
154.00;-14.90;-7.33;13.30;0.65;0.00;0.68;5.98;0.00;0.00;0.00;0.01;0.25;14.90;14.90;7.33;13.30;0.64;0.00;0.62;14.94;0.00;-0.00
155.00;-12.87;-7.18;15.93;0.21;0.00;9.21;8.75;0.00;0.00;0.15;0.00;0.25;12.87;12.87;7.18;15.93;0.21;0.00;8.29;21.88;0.00;-0.00
156.00;-10.91;-5.42;17.30;0.88;0.00;14.95;10.00;0.00;1.88;2.23;-0.05;0.25;10.91;10.91;5.42;17.30;0.86;0.00;13.45;25.00;0.00;-1.88
157.00;-11.55;-5.84;18.11;1.20;0.00;14.63;10.00;0.00;2.28;5.59;-0.05;0.25;11.55;11.55;5.84;18.11;1.17;0.00;13.17;25.00;0.00;-2.28
158.00;-23.82;-8.51;16.12;6.91;0.00;1.97;7.61;0.00;0.00;8.88;0.10;0.25;23.82;23.82;8.51;16.12;6.78;0.00;1.77;19.01;0.00;-0.00
159.00;-27.12;-8.33;26.43;5.51;0.00;3.28;10.00;0.00;8.11;9.33;-0.17;0.25;27.12;27.12;8.33;26.43;5.40;0.00;2.95;25.00;0.00;-8.11
160.00;-17.27;-6.04;21.35;3.98;0.00;11.64;10.00;0.00;5.31;10.06;-0.11;0.25;17.27;17.27;6.04;21.35;3.90;0.00;10.47;25.00;0.00;-5.31
161.00;-12.23;-7.16;12.88;4.90;0.00;6.87;5.72;0.00;0.00;12.68;0.07;0.25;12.23;12.23;7.16;12.88;4.80;0.00;6.19;14.31;0.00;-0.00
162.00;-12.78;-7.29;7.79;14.91;0.00;3.06;0.49;0.00;0.00;14.23;0.22;0.25;12.78;12.78;7.29;7.79;14.61;0.00;2.76;1.23;0.00;-0.00
163.00;-12.77;-5.29;5.99;16.96;0.00;5.59;0.70;0.00;0.00;14.92;0.25;0.25;12.77;12.77;5.29;5.99;16.62;0.00;5.03;1.74;0.00;-0.00
164.00;-11.18;-5.02;4.22;17.39;0.00;5.86;0.00;0.80;0.00;16.18;0.31;0.25;11.18;11.18;5.02;4.22;17.05;0.00;5.28;0.00;0.80;-0.00
165.00;-18.62;-5.25;2.71;19.51;0.00;0.50;0.00;2.54;0.00;17.50;0.45;0.25;18.62;18.62;5.25;2.71;19.12;0.00;0.45;0.00;2.54;-0.00
166.00;-27.14;-5.67;0.84;20.00;7.54;0.00;0.00;4.83;0.00;17.61;0.60;0.25;27.14;27.14;5.67;0.84;19.60;6.79;0.00;0.00;4.83;-0.00
167.00;-19.91;-6.05;1.91;20.00;0.31;0.00;0.00;4.14;0.00;15.51;0.55;0.25;19.91;19.91;6.05;1.91;19.60;0.28;0.00;0.00;4.14;-0.00
168.00;-15.12;-6.77;1.93;19.32;0.00;3.82;0.00;4.84;0.00;15.43;0.59;0.25;15.12;15.12;6.77;1.93;18.94;0.00;3.44;0.00;4.84;-0.00
169.00;-14.23;-5.83;2.20;19.28;0.00;4.66;0.00;3.64;0.00;16.29;0.51;0.25;14.23;14.23;5.83;2.20;18.90;0.00;4.20;0.00;3.64;-0.00
170.00;-19.32;-6.14;2.78;19.86;0.00;0.14;0.00;3.37;0.00;17.33;0.50;0.25;19.32;19.32;6.14;2.78;19.47;0.00;0.13;0.00;3.37;-0.00
171.00;-29.87;-8.75;2.73;20.00;10.27;0.00;0.00;6.02;0.00;17.37;0.67;0.25;29.87;29.87;8.75;2.73;19.60;9.24;0.00;0.00;6.02;-0.00
172.00;-24.60;-9.99;1.66;20.00;5.00;0.00;0.00;8.33;0.00;14.51;0.82;0.25;24.60;24.60;9.99;1.66;19.60;4.50;0.00;0.00;8.33;-0.00
173.00;-22.77;-11.26;1.39;20.00;3.17;0.00;0.00;9.87;0.00;13.12;0.91;0.25;22.77;22.77;11.26;1.39;19.60;2.86;0.00;0.00;9.87;-0.00
174.00;-20.10;-9.65;1.50;20.00;0.50;0.00;0.00;8.15;0.00;12.24;0.80;0.25;20.10;20.10;9.65;1.50;19.60;0.45;0.00;0.00;8.15;-0.00
175.00;-13.96;-7.40;1.22;19.48;0.00;5.13;0.00;6.18;0.00;12.10;0.67;0.25;13.96;13.96;7.40;1.22;19.09;0.00;4.62;0.00;6.18;-0.00
176.00;-24.67;-7.44;0.92;20.00;5.07;0.00;0.00;6.52;0.00;13.26;0.70;0.25;24.67;24.67;7.44;0.92;19.60;4.57;0.00;0.00;6.52;-0.00
177.00;-28.28;-8.41;0.73;20.00;8.68;0.00;0.00;7.68;0.00;11.85;0.78;0.25;28.28;28.28;8.41;0.73;19.60;7.81;0.00;0.00;7.68;-0.00
178.00;-20.65;-7.75;0.46;20.00;1.05;0.00;0.00;7.29;0.00;9.44;0.75;0.25;20.65;20.65;7.75;0.46;19.60;0.95;0.00;0.00;7.29;-0.00
179.00;-26.28;-8.05;0.20;20.00;6.68;0.00;0.00;7.85;0.00;9.15;0.79;0.25;26.28;26.28;8.05;0.20;19.60;6.01;0.00;0.00;7.85;-0.00
180.00;-23.40;-7.79;0.01;20.00;3.80;0.00;0.00;7.78;0.00;7.29;0.78;0.25;23.40;23.40;7.79;0.01;19.60;3.42;0.00;0.00;7.78;-0.00
181.00;-14.04;-5.76;0.00;19.49;0.00;5.07;0.00;5.76;0.00;6.23;0.65;0.25;14.04;14.04;5.76;0.00;19.10;0.00;4.56;0.00;5.76;-0.00
182.00;-24.73;-5.01;0.00;20.00;5.13;0.00;0.00;5.01;0.00;7.37;0.61;0.25;24.73;24.73;5.01;0.00;19.60;4.62;0.00;0.00;5.01;-0.00
183.00;-27.27;-5.08;0.00;20.00;7.67;0.00;0.00;5.08;0.00;5.95;0.61;0.25;27.27;27.27;5.08;0.00;19.60;6.90;0.00;0.00;5.08;-0.00
184.00;-16.36;-5.00;0.00;19.52;0.00;2.77;0.00;5.00;0.00;3.82;0.60;0.25;16.36;16.36;5.00;0.00;19.13;0.00;2.49;0.00;5.00;-0.00
185.00;-18.30;-5.15;0.00;19.59;0.00;0.89;0.00;5.15;0.00;4.44;0.61;0.25;18.30;18.30;5.15;0.00;19.20;0.00;0.80;0.00;5.15;-0.00
186.00;-28.00;-5.41;0.00;20.00;8.40;0.00;0.00;5.41;0.00;4.64;0.63;0.25;28.00;28.00;5.41;0.00;19.60;7.56;0.00;0.00;5.41;-0.00
187.00;-20.89;-5.22;0.00;20.00;1.29;0.00;0.00;5.22;0.00;2.31;0.62;0.25;20.89;20.89;5.22;0.00;19.60;1.16;0.00;0.00;5.22;-0.00
188.00;-11.20;-5.12;0.00;19.40;0.00;7.81;0.00;5.12;0.00;1.95;0.61;0.25;11.20;11.20;5.12;0.00;19.02;0.00;7.03;0.00;5.12;-0.00
189.00;-22.65;-5.13;0.00;20.00;3.05;0.00;0.00;5.13;0.00;3.71;0.62;0.25;22.65;22.65;5.13;0.00;19.60;2.74;0.00;0.00;5.13;-0.00
190.00;-28.40;-5.16;0.00;20.00;8.80;0.00;0.00;5.16;0.00;2.87;0.62;0.25;28.40;28.40;5.16;0.00;19.60;7.92;0.00;0.00;5.16;-0.00
191.00;-18.84;-4.84;0.00;19.59;0.00;0.36;0.00;4.84;0.00;0.42;0.59;0.25;18.84;18.84;4.84;0.00;19.20;0.00;0.33;0.00;4.84;-0.00
192.00;-16.41;-4.40;0.00;19.35;0.00;2.55;0.00;4.40;0.00;0.50;0.56;0.25;16.41;16.41;4.40;0.00;18.96;0.00;2.30;0.00;4.40;-0.00
193.00;-18.91;-4.50;0.00;19.68;0.00;0.38;0.00;4.50;0.00;1.08;0.57;0.25;18.91;18.91;4.50;0.00;19.29;0.00;0.34;0.00;4.50;-0.00
194.00;-13.98;-4.97;0.00;18.98;0.00;4.62;0.00;4.97;0.00;1.16;0.59;0.25;13.98;13.98;4.97;0.00;18.60;0.00;4.16;0.00;4.97;-0.00
195.00;-13.00;-5.38;0.00;18.88;0.00;5.51;0.00;5.38;0.00;2.20;0.62;0.25;13.00;13.00;5.38;0.00;18.50;0.00;4.95;0.00;5.38;-0.00
196.00;-18.62;-5.38;0.00;19.60;0.00;0.59;0.00;5.38;0.00;3.44;0.63;0.25;18.62;18.62;5.38;0.00;19.21;0.00;0.53;0.00;5.38;-0.00
197.00;-24.30;-5.34;0.00;20.00;4.70;0.00;0.00;5.34;0.00;3.57;0.63;0.25;24.30;24.30;5.34;0.00;19.60;4.23;0.00;0.00;5.34;-0.00
198.00;-19.75;-5.03;0.00;20.00;0.15;0.00;0.00;5.03;0.00;2.27;0.61;0.25;19.75;19.75;5.03;0.00;19.60;0.13;0.00;0.00;5.03;-0.00
199.00;-13.70;-4.88;0.00;19.11;0.00;5.03;0.00;4.88;0.00;2.23;0.59;0.25;13.70;13.70;4.88;0.00;18.73;0.00;4.53;0.00;4.88;-0.00
200.00;-16.65;-4.78;0.00;19.25;0.00;2.21;0.00;4.78;0.00;3.36;0.58;0.25;16.65;16.65;4.78;0.00;18.87;0.00;1.99;0.00;4.78;-0.00
201.00;-23.41;-4.88;0.00;20.00;3.81;0.00;0.00;4.88;0.00;3.86;0.60;0.25;23.41;23.41;4.88;0.00;19.60;3.43;0.00;0.00;4.88;-0.00
202.00;-20.06;-4.84;0.00;20.00;0.46;0.00;0.00;4.84;0.00;2.80;0.60;0.25;20.06;20.06;4.84;0.00;19.60;0.42;0.00;0.00;4.84;-0.00
203.00;-13.28;-4.51;0.00;19.09;0.00;5.42;0.00;4.51;0.00;2.67;0.56;0.25;13.28;13.28;4.51;0.00;18.71;0.00;4.88;0.00;4.51;-0.00
204.00;-14.98;-4.47;0.00;19.19;0.00;3.83;0.00;4.47;0.00;3.89;0.56;0.25;14.98;14.98;4.47;0.00;18.81;0.00;3.45;0.00;4.47;-0.00
205.00;-25.47;-4.95;0.00;20.00;5.87;0.00;0.00;4.95;0.00;4.75;0.60;0.25;25.47;25.47;4.95;0.00;19.60;5.28;0.00;0.00;4.95;-0.00
206.00;-23.38;-5.09;0.00;20.00;3.78;0.00;0.00;5.09;0.00;3.12;0.61;0.25;23.38;23.38;5.09;0.00;19.60;3.40;0.00;0.00;5.09;-0.00
207.00;-17.07;-4.65;0.00;19.24;0.00;1.78;0.00;4.65;0.00;2.07;0.58;0.25;17.07;17.07;4.65;0.00;18.85;0.00;1.60;0.00;4.65;-0.00
208.00;-16.11;-4.44;0.00;19.07;0.00;2.57;0.00;4.44;0.00;2.47;0.56;0.25;16.11;16.11;4.44;0.00;18.69;0.00;2.32;0.00;4.44;-0.00
209.00;-16.32;-4.44;0.00;19.03;0.00;2.34;0.00;4.44;0.00;3.05;0.56;0.25;16.32;16.32;4.44;0.00;18.65;0.00;2.10;0.00;4.44;-0.00
210.00;-14.72;-4.43;0.00;18.84;0.00;3.74;0.00;4.43;0.00;3.58;0.56;0.25;14.72;14.72;4.43;0.00;18.46;0.00;3.37;0.00;4.43;-0.00
211.00;-17.87;-4.43;0.00;19.36;0.00;1.10;0.00;4.43;0.00;4.42;0.56;0.25;17.87;17.87;4.43;0.00;18.97;0.00;0.99;0.00;4.43;-0.00
212.00;-22.91;-4.43;0.00;20.00;3.31;0.00;0.00;4.43;0.00;4.67;0.57;0.25;22.91;22.91;4.43;0.00;19.60;2.98;0.00;0.00;4.43;-0.00
213.00;-20.03;-4.56;0.00;20.00;0.43;0.00;0.00;4.56;0.00;3.75;0.58;0.25;20.03;20.03;4.56;0.00;19.60;0.38;0.00;0.00;4.56;-0.00
214.00;-22.15;-4.63;0.00;20.00;2.55;0.00;0.00;4.63;0.00;3.63;0.59;0.25;22.15;22.15;4.63;0.00;19.60;2.29;0.00;0.00;4.63;-0.00
215.00;-17.58;-4.49;0.00;19.22;0.00;1.26;0.00;4.49;0.00;2.92;0.56;0.25;17.58;17.58;4.49;0.00;18.84;0.00;1.13;0.00;4.49;-0.00
216.00;-11.23;-4.61;0.05;18.35;0.00;6.75;0.00;4.56;0.00;3.20;0.56;0.25;11.23;11.23;4.61;0.05;17.98;0.00;6.07;0.00;4.56;-0.00
217.00;-11.70;-5.35;0.21;18.21;0.00;6.15;0.00;5.14;0.00;4.72;0.59;0.25;11.70;11.70;5.35;0.21;17.85;0.00;5.53;0.00;5.14;-0.00
218.00;-20.82;-5.75;0.47;20.00;1.22;0.00;0.00;5.28;0.00;6.11;0.63;0.25;20.82;20.82;5.75;0.47;19.60;1.10;0.00;0.00;5.28;-0.00
219.00;-26.13;-5.72;0.75;20.00;6.53;0.00;0.00;4.97;0.00;5.77;0.61;0.25;26.13;26.13;5.72;0.75;19.60;5.87;0.00;0.00;4.97;-0.00
220.00;-23.29;-5.85;1.02;20.00;3.69;0.00;0.00;4.83;0.00;3.95;0.60;0.25;23.29;23.29;5.85;1.02;19.60;3.32;0.00;0.00;4.83;-0.00
221.00;-17.66;-5.60;1.38;19.43;0.00;1.38;0.00;4.22;0.00;2.93;0.55;0.25;17.66;17.66;5.60;1.38;19.05;0.00;1.25;0.00;4.22;-0.00
222.00;-10.31;-5.25;2.19;19.09;0.00;8.40;0.00;3.06;0.00;3.24;0.47;0.25;10.31;10.31;5.25;2.19;18.70;0.00;7.56;0.00;3.06;-0.00
223.00;-20.12;-4.83;2.37;20.00;0.52;0.00;0.00;2.46;0.00;5.13;0.45;0.25;20.12;20.12;4.83;2.37;19.60;0.46;0.00;0.00;2.46;-0.00
224.00;-23.28;-4.60;2.43;20.00;3.68;0.00;0.00;2.17;0.00;4.99;0.43;0.25;23.28;23.28;4.60;2.43;19.60;3.32;0.00;0.00;2.17;-0.00
225.00;-19.34;-5.02;2.01;19.86;0.00;0.12;0.00;3.00;0.00;3.96;0.48;0.25;19.34;19.34;5.02;2.01;19.46;0.00;0.11;0.00;3.00;-0.00
226.00;-22.82;-5.49;1.80;20.00;3.22;0.00;0.00;3.69;0.00;3.99;0.53;0.25;22.82;22.82;5.49;1.80;19.60;2.90;0.00;0.00;3.69;-0.00
227.00;-22.59;-5.92;1.45;20.00;2.99;0.00;0.00;4.47;0.00;3.10;0.58;0.25;22.59;22.59;5.92;1.45;19.60;2.69;0.00;0.00;4.47;-0.00
228.00;-16.78;-5.88;1.57;19.31;0.00;2.14;0.00;4.31;0.00;2.26;0.55;0.25;16.78;16.78;5.88;1.57;18.92;0.00;1.92;0.00;4.31;-0.00
229.00;-10.70;-5.68;2.00;19.02;0.00;7.94;0.00;3.67;0.00;2.75;0.51;0.25;10.70;10.70;5.68;2.00;18.64;0.00;7.15;0.00;3.67;-0.00
230.00;-17.72;-5.62;2.53;19.37;0.00;1.26;0.00;3.09;0.00;4.53;0.48;0.25;17.72;17.72;5.62;2.53;18.99;0.00;1.14;0.00;3.09;-0.00
231.00;-21.35;-5.39;2.81;20.00;1.75;0.00;0.00;2.58;0.00;4.82;0.46;0.25;21.35;21.35;5.39;2.81;19.60;1.57;0.00;0.00;2.58;-0.00
232.00;-9.68;-5.62;2.75;18.81;0.00;8.76;0.00;2.87;0.00;4.33;0.46;0.25;9.68;9.68;5.62;2.75;18.43;0.00;7.88;0.00;2.87;-0.00
233.00;-16.72;-5.76;2.89;19.15;0.00;2.04;0.00;2.87;0.00;6.30;0.46;0.25;16.72;16.72;5.76;2.89;18.77;0.00;1.84;0.00;2.87;-0.00
234.00;-25.16;-4.95;2.37;20.00;5.56;0.00;0.00;2.58;0.00;6.76;0.46;0.25;25.16;25.16;4.95;2.37;19.60;5.00;0.00;0.00;2.58;-0.00
235.00;-21.79;-5.22;2.46;20.00;2.19;0.00;0.00;2.76;0.00;5.22;0.47;0.25;21.79;21.79;5.22;2.46;19.60;1.97;0.00;0.00;2.76;-0.00
236.00;-13.45;-6.76;2.32;18.68;0.00;4.85;0.00;4.43;0.00;4.61;0.55;0.25;13.45;13.45;6.76;2.32;18.30;0.00;4.37;0.00;4.43;-0.00
237.00;-9.39;-8.62;2.99;18.40;0.00;8.64;0.00;5.63;0.00;5.70;0.62;0.25;9.39;9.39;8.62;2.99;18.03;0.00;7.78;0.00;5.63;-0.00
238.00;-19.28;-10.56;4.46;19.81;0.00;0.13;0.00;6.10;0.00;7.64;0.67;0.25;19.28;19.28;10.56;4.46;19.41;0.00;0.12;0.00;6.10;-0.00
239.00;-19.84;-8.47;4.35;20.00;0.24;0.00;0.00;4.12;0.00;7.67;0.55;0.25;19.84;19.84;8.47;4.35;19.60;0.22;0.00;0.00;4.12;-0.00
240.00;-16.39;-5.66;5.42;18.89;0.00;2.13;0.00;0.24;0.00;7.61;0.29;0.25;16.39;16.39;5.66;5.42;18.52;0.00;1.91;0.00;0.24;-0.00
241.00;-28.89;-4.96;4.50;20.00;9.29;0.00;0.00;0.45;0.00;8.08;0.32;0.25;28.89;28.89;4.96;4.50;19.60;8.36;0.00;0.00;0.45;-0.00
242.00;-35.14;-5.42;4.10;20.00;15.54;0.00;0.00;1.32;0.00;5.50;0.38;0.25;35.14;35.14;5.42;4.10;19.60;13.99;0.00;0.00;1.32;-0.00
243.00;-19.21;-6.23;4.09;19.78;0.00;0.17;0.00;2.15;0.00;1.18;0.43;0.25;19.21;19.21;6.23;4.09;19.38;0.00;0.16;0.00;2.15;-0.00
244.00;-10.56;-6.99;5.84;15.79;0.00;4.91;0.00;1.15;0.00;1.22;0.31;0.25;10.56;10.56;6.99;5.84;15.48;0.00;4.42;0.00;1.15;-0.00
245.00;-11.72;-7.63;5.87;15.65;0.00;3.62;0.00;1.76;0.00;2.33;0.34;0.25;11.72;11.72;7.63;5.87;15.34;0.00;3.26;0.00;1.76;-0.00
246.00;-11.85;-8.91;5.63;15.38;0.00;3.22;0.00;3.28;0.00;3.14;0.43;0.25;11.85;11.85;8.91;5.63;15.07;0.00;2.90;0.00;3.28;-0.00
247.00;-24.72;-10.62;7.30;20.00;5.12;0.00;0.00;3.33;0.00;3.87;0.50;0.25;24.72;24.72;10.62;7.30;19.60;4.60;0.00;0.00;3.33;-0.00
248.00;-30.64;-9.98;10.87;20.00;8.81;0.00;0.89;0.00;0.00;2.45;0.30;0.25;30.64;30.64;9.98;10.87;19.60;7.93;0.00;2.23;0.00;-0.00
249.00;-20.46;-7.76;11.42;11.54;0.00;0.00;3.66;0.00;0.00;0.00;0.17;0.25;20.46;20.46;7.76;11.42;11.31;0.00;0.00;9.14;0.00;-0.00
250.00;-14.90;-7.33;13.30;0.65;0.00;0.68;5.98;0.00;0.00;0.00;0.01;0.25;14.90;14.90;7.33;13.30;0.64;0.00;0.62;14.94;0.00;-0.00
251.00;-12.87;-7.18;15.93;0.21;0.00;9.21;8.75;0.00;0.00;0.15;0.00;0.25;12.87;12.87;7.18;15.93;0.21;0.00;8.29;21.88;0.00;-0.00
252.00;-10.91;-5.42;17.30;0.88;0.00;14.95;10.00;0.00;1.88;2.23;-0.05;0.25;10.91;10.91;5.42;17.30;0.86;0.00;13.45;25.00;0.00;-1.88
253.00;-11.55;-5.84;18.11;1.20;0.00;14.63;10.00;0.00;2.28;5.59;-0.05;0.25;11.55;11.55;5.84;18.11;1.17;0.00;13.17;25.00;0.00;-2.28
254.00;-23.82;-8.51;16.12;6.91;0.00;1.97;7.61;0.00;0.00;8.88;0.10;0.25;23.82;23.82;8.51;16.12;6.78;0.00;1.77;19.01;0.00;-0.00
255.00;-27.12;-8.33;26.43;5.51;0.00;3.28;10.00;0.00;8.11;9.33;-0.17;0.25;27.12;27.12;8.33;26.43;5.40;0.00;2.95;25.00;0.00;-8.11
256.00;-17.27;-6.04;21.35;3.98;0.00;11.64;10.00;0.00;5.31;10.06;-0.11;0.25;17.27;17.27;6.04;21.35;3.90;0.00;10.47;25.00;0.00;-5.31
257.00;-12.23;-7.16;12.88;4.90;0.00;6.87;5.72;0.00;0.00;12.68;0.07;0.25;12.23;12.23;7.16;12.88;4.80;0.00;6.19;14.31;0.00;-0.00
258.00;-12.78;-7.29;7.79;14.91;0.00;3.06;0.49;0.00;0.00;14.23;0.22;0.25;12.78;12.78;7.29;7.79;14.61;0.00;2.76;1.23;0.00;-0.00
259.00;-12.77;-5.29;5.99;16.96;0.00;5.59;0.70;0.00;0.00;14.92;0.25;0.25;12.77;12.77;5.29;5.99;16.62;0.00;5.03;1.74;0.00;-0.00
260.00;-11.18;-5.02;4.22;17.39;0.00;5.86;0.00;0.80;0.00;16.18;0.31;0.25;11.18;11.18;5.02;4.22;17.05;0.00;5.28;0.00;0.80;-0.00
261.00;-18.62;-5.25;2.71;19.51;0.00;0.50;0.00;2.54;0.00;17.50;0.45;0.25;18.62;18.62;5.25;2.71;19.12;0.00;0.45;0.00;2.54;-0.00
262.00;-27.14;-5.67;0.84;20.00;7.54;0.00;0.00;4.83;0.00;17.61;0.60;0.25;27.14;27.14;5.67;0.84;19.60;6.79;0.00;0.00;4.83;-0.00
263.00;-19.91;-6.05;1.91;20.00;0.31;0.00;0.00;4.14;0.00;15.51;0.55;0.25;19.91;19.91;6.05;1.91;19.60;0.28;0.00;0.00;4.14;-0.00
264.00;-15.12;-6.77;1.93;19.32;0.00;3.82;0.00;4.84;0.00;15.43;0.59;0.25;15.12;15.12;6.77;1.93;18.94;0.00;3.44;0.00;4.84;-0.00
265.00;-14.23;-5.83;2.20;19.28;0.00;4.66;0.00;3.64;0.00;16.29;0.51;0.25;14.23;14.23;5.83;2.20;18.90;0.00;4.20;0.00;3.64;-0.00
266.00;-19.32;-6.14;2.78;19.86;0.00;0.14;0.00;3.37;0.00;17.33;0.50;0.25;19.32;19.32;6.14;2.78;19.47;0.00;0.13;0.00;3.37;-0.00
267.00;-29.87;-8.75;2.73;20.00;10.27;0.00;0.00;6.02;0.00;17.37;0.67;0.25;29.87;29.87;8.75;2.73;19.60;9.24;0.00;0.00;6.02;-0.00
268.00;-24.60;-9.99;1.66;20.00;5.00;0.00;0.00;8.33;0.00;14.51;0.82;0.25;24.60;24.60;9.99;1.66;19.60;4.50;0.00;0.00;8.33;-0.00
269.00;-22.77;-11.26;1.39;20.00;3.17;0.00;0.00;9.87;0.00;13.12;0.91;0.25;22.77;22.77;11.26;1.39;19.60;2.86;0.00;0.00;9.87;-0.00
270.00;-20.10;-9.65;1.50;20.00;0.50;0.00;0.00;8.15;0.00;12.24;0.80;0.25;20.10;20.10;9.65;1.50;19.60;0.45;0.00;0.00;8.15;-0.00
271.00;-13.96;-7.40;1.22;19.48;0.00;5.13;0.00;6.18;0.00;12.10;0.67;0.25;13.96;13.96;7.40;1.22;19.09;0.00;4.62;0.00;6.18;-0.00
272.00;-24.67;-7.44;0.92;20.00;5.07;0.00;0.00;6.52;0.00;13.26;0.70;0.25;24.67;24.67;7.44;0.92;19.60;4.57;0.00;0.00;6.52;-0.00
273.00;-28.28;-8.41;0.73;20.00;8.68;0.00;0.00;7.68;0.00;11.85;0.78;0.25;28.28;28.28;8.41;0.73;19.60;7.81;0.00;0.00;7.68;-0.00
274.00;-20.65;-7.75;0.46;20.00;1.05;0.00;0.00;7.29;0.00;9.44;0.75;0.25;20.65;20.65;7.75;0.46;19.60;0.95;0.00;0.00;7.29;-0.00
275.00;-26.28;-8.05;0.20;20.00;6.68;0.00;0.00;7.85;0.00;9.15;0.79;0.25;26.28;26.28;8.05;0.20;19.60;6.01;0.00;0.00;7.85;-0.00
276.00;-23.40;-7.79;0.01;20.00;3.80;0.00;0.00;7.78;0.00;7.29;0.78;0.25;23.40;23.40;7.79;0.01;19.60;3.42;0.00;0.00;7.78;-0.00
277.00;-14.04;-5.76;0.00;19.49;0.00;5.07;0.00;5.76;0.00;6.23;0.65;0.25;14.04;14.04;5.76;0.00;19.10;0.00;4.56;0.00;5.76;-0.00
278.00;-24.73;-5.01;0.00;20.00;5.13;0.00;0.00;5.01;0.00;7.37;0.61;0.25;24.73;24.73;5.01;0.00;19.60;4.62;0.00;0.00;5.01;-0.00
279.00;-27.27;-5.08;0.00;20.00;7.67;0.00;0.00;5.08;0.00;5.95;0.61;0.25;27.27;27.27;5.08;0.00;19.60;6.90;0.00;0.00;5.08;-0.00
280.00;-16.36;-5.00;0.00;19.52;0.00;2.77;0.00;5.00;0.00;3.82;0.60;0.25;16.36;16.36;5.00;0.00;19.13;0.00;2.49;0.00;5.00;-0.00
281.00;-18.30;-5.15;0.00;19.59;0.00;0.89;0.00;5.15;0.00;4.44;0.61;0.25;18.30;18.30;5.15;0.00;19.20;0.00;0.80;0.00;5.15;-0.00
282.00;-28.00;-5.41;0.00;20.00;8.40;0.00;0.00;5.41;0.00;4.64;0.63;0.25;28.00;28.00;5.41;0.00;19.60;7.56;0.00;0.00;5.41;-0.00
283.00;-20.89;-5.22;0.00;20.00;1.29;0.00;0.00;5.22;0.00;2.31;0.62;0.25;20.89;20.89;5.22;0.00;19.60;1.16;0.00;0.00;5.22;-0.00
284.00;-11.20;-5.12;0.00;19.40;0.00;7.81;0.00;5.12;0.00;1.95;0.61;0.25;11.20;11.20;5.12;0.00;19.02;0.00;7.03;0.00;5.12;-0.00
285.00;-22.65;-5.13;0.00;20.00;3.05;0.00;0.00;5.13;0.00;3.71;0.62;0.25;22.65;22.65;5.13;0.00;19.60;2.74;0.00;0.00;5.13;-0.00
286.00;-28.40;-5.16;0.00;20.00;8.80;0.00;0.00;5.16;0.00;2.87;0.62;0.25;28.40;28.40;5.16;0.00;19.60;7.92;0.00;0.00;5.16;-0.00
287.00;-18.84;-4.84;0.00;19.59;0.00;0.36;0.00;4.84;0.00;0.42;0.59;0.25;18.84;18.84;4.84;0.00;19.20;0.00;0.33;0.00;4.84;-0.00
288.00;-16.41;-4.40;0.00;19.35;0.00;2.55;0.00;4.40;0.00;0.50;0.56;0.25;16.41;16.41;4.40;0.00;18.96;0.00;2.30;0.00;4.40;-0.00
289.00;-18.91;-4.50;0.00;19.68;0.00;0.38;0.00;4.50;0.00;1.08;0.57;0.25;18.91;18.91;4.50;0.00;19.29;0.00;0.34;0.00;4.50;-0.00
290.00;-13.98;-4.97;0.00;18.98;0.00;4.62;0.00;4.97;0.00;1.16;0.59;0.25;13.98;13.98;4.97;0.00;18.60;0.00;4.16;0.00;4.97;-0.00
291.00;-13.00;-5.38;0.00;18.88;0.00;5.51;0.00;5.38;0.00;2.20;0.62;0.25;13.00;13.00;5.38;0.00;18.50;0.00;4.95;0.00;5.38;-0.00
292.00;-18.62;-5.38;0.00;19.60;0.00;0.59;0.00;5.38;0.00;3.44;0.63;0.25;18.62;18.62;5.38;0.00;19.21;0.00;0.53;0.00;5.38;-0.00
293.00;-24.30;-5.34;0.00;20.00;4.70;0.00;0.00;5.34;0.00;3.57;0.63;0.25;24.30;24.30;5.34;0.00;19.60;4.23;0.00;0.00;5.34;-0.00
294.00;-19.75;-5.03;0.00;20.00;0.15;0.00;0.00;5.03;0.00;2.27;0.61;0.25;19.75;19.75;5.03;0.00;19.60;0.13;0.00;0.00;5.03;-0.00
295.00;-13.70;-4.88;0.00;19.11;0.00;5.03;0.00;4.88;0.00;2.23;0.59;0.25;13.70;13.70;4.88;0.00;18.73;0.00;4.53;0.00;4.88;-0.00
296.00;-16.65;-4.78;0.00;19.25;0.00;2.21;0.00;4.78;0.00;3.36;0.58;0.25;16.65;16.65;4.78;0.00;18.87;0.00;1.99;0.00;4.78;-0.00
297.00;-23.41;-4.88;0.00;20.00;3.81;0.00;0.00;4.88;0.00;3.86;0.60;0.25;23.41;23.41;4.88;0.00;19.60;3.43;0.00;0.00;4.88;-0.00
298.00;-20.06;-4.84;0.00;20.00;0.46;0.00;0.00;4.84;0.00;2.80;0.60;0.25;20.06;20.06;4.84;0.00;19.60;0.42;0.00;0.00;4.84;-0.00
299.00;-13.28;-4.51;0.00;19.09;0.00;5.42;0.00;4.51;0.00;2.67;0.56;0.25;13.28;13.28;4.51;0.00;18.71;0.00;4.88;0.00;4.51;-0.00
300.00;-14.98;-4.47;0.00;19.19;0.00;3.83;0.00;4.47;0.00;3.89;0.56;0.25;14.98;14.98;4.47;0.00;18.81;0.00;3.45;0.00;4.47;-0.00
301.00;-25.47;-4.95;0.00;20.00;5.87;0.00;0.00;4.95;0.00;4.75;0.60;0.25;25.47;25.47;4.95;0.00;19.60;5.28;0.00;0.00;4.95;-0.00
302.00;-23.38;-5.09;0.00;20.00;3.78;0.00;0.00;5.09;0.00;3.12;0.61;0.25;23.38;23.38;5.09;0.00;19.60;3.40;0.00;0.00;5.09;-0.00
303.00;-17.07;-4.65;0.00;19.24;0.00;1.78;0.00;4.65;0.00;2.07;0.58;0.25;17.07;17.07;4.65;0.00;18.85;0.00;1.60;0.00;4.65;-0.00
304.00;-16.11;-4.44;0.00;19.07;0.00;2.57;0.00;4.44;0.00;2.47;0.56;0.25;16.11;16.11;4.44;0.00;18.69;0.00;2.32;0.00;4.44;-0.00
305.00;-16.32;-4.44;0.00;19.03;0.00;2.34;0.00;4.44;0.00;3.05;0.56;0.25;16.32;16.32;4.44;0.00;18.65;0.00;2.10;0.00;4.44;-0.00
306.00;-14.72;-4.43;0.00;18.84;0.00;3.74;0.00;4.43;0.00;3.58;0.56;0.25;14.72;14.72;4.43;0.00;18.46;0.00;3.37;0.00;4.43;-0.00
307.00;-17.87;-4.43;0.00;19.36;0.00;1.10;0.00;4.43;0.00;4.42;0.56;0.25;17.87;17.87;4.43;0.00;18.97;0.00;0.99;0.00;4.43;-0.00
308.00;-22.91;-4.43;0.00;20.00;3.31;0.00;0.00;4.43;0.00;4.67;0.57;0.25;22.91;22.91;4.43;0.00;19.60;2.98;0.00;0.00;4.43;-0.00
309.00;-20.03;-4.56;0.00;20.00;0.43;0.00;0.00;4.56;0.00;3.75;0.58;0.25;20.03;20.03;4.56;0.00;19.60;0.38;0.00;0.00;4.56;-0.00
310.00;-22.15;-4.63;0.00;20.00;2.55;0.00;0.00;4.63;0.00;3.63;0.59;0.25;22.15;22.15;4.63;0.00;19.60;2.29;0.00;0.00;4.63;-0.00
311.00;-17.58;-4.49;0.00;19.22;0.00;1.26;0.00;4.49;0.00;2.92;0.56;0.25;17.58;17.58;4.49;0.00;18.84;0.00;1.13;0.00;4.49;-0.00
312.00;-11.23;-4.61;0.05;18.35;0.00;6.75;0.00;4.56;0.00;3.20;0.56;0.25;11.23;11.23;4.61;0.05;17.98;0.00;6.07;0.00;4.56;-0.00
313.00;-11.70;-5.35;0.21;18.21;0.00;6.15;0.00;5.14;0.00;4.72;0.59;0.25;11.70;11.70;5.35;0.21;17.85;0.00;5.53;0.00;5.14;-0.00
314.00;-20.82;-5.75;0.47;20.00;1.22;0.00;0.00;5.28;0.00;6.11;0.63;0.25;20.82;20.82;5.75;0.47;19.60;1.10;0.00;0.00;5.28;-0.00
315.00;-26.13;-5.72;0.75;20.00;6.53;0.00;0.00;4.97;0.00;5.77;0.61;0.25;26.13;26.13;5.72;0.75;19.60;5.87;0.00;0.00;4.97;-0.00
316.00;-23.29;-5.85;1.02;20.00;3.69;0.00;0.00;4.83;0.00;3.95;0.60;0.25;23.29;23.29;5.85;1.02;19.60;3.32;0.00;0.00;4.83;-0.00
317.00;-17.66;-5.60;1.38;19.43;0.00;1.38;0.00;4.22;0.00;2.93;0.55;0.25;17.66;17.66;5.60;1.38;19.05;0.00;1.25;0.00;4.22;-0.00
318.00;-10.31;-5.25;2.19;19.09;0.00;8.40;0.00;3.06;0.00;3.24;0.47;0.25;10.31;10.31;5.25;2.19;18.70;0.00;7.56;0.00;3.06;-0.00
319.00;-20.12;-4.83;2.37;20.00;0.52;0.00;0.00;2.46;0.00;5.13;0.45;0.25;20.12;20.12;4.83;2.37;19.60;0.46;0.00;0.00;2.46;-0.00
320.00;-23.28;-4.60;2.43;20.00;3.68;0.00;0.00;2.17;0.00;4.99;0.43;0.25;23.28;23.28;4.60;2.43;19.60;3.32;0.00;0.00;2.17;-0.00
321.00;-19.34;-5.02;2.01;19.86;0.00;0.12;0.00;3.00;0.00;3.96;0.48;0.25;19.34;19.34;5.02;2.01;19.46;0.00;0.11;0.00;3.00;-0.00
322.00;-22.82;-5.49;1.80;20.00;3.22;0.00;0.00;3.69;0.00;3.99;0.53;0.25;22.82;22.82;5.49;1.80;19.60;2.90;0.00;0.00;3.69;-0.00
323.00;-22.59;-5.92;1.45;20.00;2.99;0.00;0.00;4.47;0.00;3.10;0.58;0.25;22.59;22.59;5.92;1.45;19.60;2.69;0.00;0.00;4.47;-0.00
324.00;-16.78;-5.88;1.57;19.31;0.00;2.14;0.00;4.31;0.00;2.26;0.55;0.25;16.78;16.78;5.88;1.57;18.92;0.00;1.92;0.00;4.31;-0.00
325.00;-10.70;-5.68;2.00;19.02;0.00;7.94;0.00;3.67;0.00;2.75;0.51;0.25;10.70;10.70;5.68;2.00;18.64;0.00;7.15;0.00;3.67;-0.00
326.00;-17.72;-5.62;2.53;19.37;0.00;1.26;0.00;3.09;0.00;4.53;0.48;0.25;17.72;17.72;5.62;2.53;18.99;0.00;1.14;0.00;3.09;-0.00
327.00;-21.35;-5.39;2.81;20.00;1.75;0.00;0.00;2.58;0.00;4.82;0.46;0.25;21.35;21.35;5.39;2.81;19.60;1.57;0.00;0.00;2.58;-0.00
328.00;-9.68;-5.62;2.75;18.81;0.00;8.76;0.00;2.87;0.00;4.33;0.46;0.25;9.68;9.68;5.62;2.75;18.43;0.00;7.88;0.00;2.87;-0.00
329.00;-16.72;-5.76;2.89;19.15;0.00;2.04;0.00;2.87;0.00;6.30;0.46;0.25;16.72;16.72;5.76;2.89;18.77;0.00;1.84;0.00;2.87;-0.00
330.00;-25.16;-4.95;2.37;20.00;5.56;0.00;0.00;2.58;0.00;6.76;0.46;0.25;25.16;25.16;4.95;2.37;19.60;5.00;0.00;0.00;2.58;-0.00
331.00;-21.79;-5.22;2.46;20.00;2.19;0.00;0.00;2.76;0.00;5.22;0.47;0.25;21.79;21.79;5.22;2.46;19.60;1.97;0.00;0.00;2.76;-0.00
332.00;-13.45;-6.76;2.32;18.68;0.00;4.85;0.00;4.43;0.00;4.61;0.55;0.25;13.45;13.45;6.76;2.32;18.30;0.00;4.37;0.00;4.43;-0.00
333.00;-9.39;-8.62;2.99;18.40;0.00;8.64;0.00;5.63;0.00;5.70;0.62;0.25;9.39;9.39;8.62;2.99;18.03;0.00;7.78;0.00;5.63;-0.00
334.00;-19.28;-10.56;4.46;19.81;0.00;0.13;0.00;6.10;0.00;7.64;0.67;0.25;19.28;19.28;10.56;4.46;19.41;0.00;0.12;0.00;6.10;-0.00
335.00;-19.84;-8.47;4.35;20.00;0.24;0.00;0.00;4.12;0.00;7.67;0.55;0.25;19.84;19.84;8.47;4.35;19.60;0.22;0.00;0.00;4.12;-0.00
336.00;-16.39;-5.66;5.42;18.89;0.00;2.13;0.00;0.24;0.00;7.61;0.29;0.25;16.39;16.39;5.66;5.42;18.52;0.00;1.91;0.00;0.24;-0.00
337.00;-28.89;-4.96;4.50;20.00;9.29;0.00;0.00;0.45;0.00;8.08;0.32;0.25;28.89;28.89;4.96;4.50;19.60;8.36;0.00;0.00;0.45;-0.00
338.00;-35.14;-5.42;4.10;20.00;15.54;0.00;0.00;1.32;0.00;5.50;0.38;0.25;35.14;35.14;5.42;4.10;19.60;13.99;0.00;0.00;1.32;-0.00
339.00;-19.21;-6.23;4.09;19.78;0.00;0.17;0.00;2.15;0.00;1.18;0.43;0.25;19.21;19.21;6.23;4.09;19.38;0.00;0.16;0.00;2.15;-0.00
340.00;-10.56;-6.99;5.84;15.79;0.00;4.91;0.00;1.15;0.00;1.22;0.31;0.25;10.56;10.56;6.99;5.84;15.48;0.00;4.42;0.00;1.15;-0.00
341.00;-11.72;-7.63;5.87;15.65;0.00;3.62;0.00;1.76;0.00;2.33;0.34;0.25;11.72;11.72;7.63;5.87;15.34;0.00;3.26;0.00;1.76;-0.00
342.00;-11.85;-8.91;5.63;15.38;0.00;3.22;0.00;3.28;0.00;3.14;0.43;0.25;11.85;11.85;8.91;5.63;15.07;0.00;2.90;0.00;3.28;-0.00
343.00;-24.72;-10.62;7.30;20.00;5.12;0.00;0.00;3.33;0.00;3.87;0.50;0.25;24.72;24.72;10.62;7.30;19.60;4.60;0.00;0.00;3.33;-0.00
344.00;-30.64;-9.98;10.87;20.00;8.81;0.00;0.89;0.00;0.00;2.45;0.30;0.25;30.64;30.64;9.98;10.87;19.60;7.93;0.00;2.23;0.00;-0.00
345.00;-20.46;-7.76;11.42;11.54;0.00;0.00;3.66;0.00;0.00;0.00;0.17;0.25;20.46;20.46;7.76;11.42;11.31;0.00;0.00;9.14;0.00;-0.00
346.00;-14.90;-7.33;13.30;0.65;0.00;0.68;5.98;0.00;0.00;0.00;0.01;0.25;14.90;14.90;7.33;13.30;0.64;0.00;0.62;14.94;0.00;-0.00
347.00;-12.87;-7.18;15.93;0.21;0.00;9.21;8.75;0.00;0.00;0.15;0.00;0.25;12.87;12.87;7.18;15.93;0.21;0.00;8.29;21.88;0.00;-0.00
348.00;-10.91;-5.42;17.30;0.88;0.00;14.95;10.00;0.00;1.88;2.23;-0.05;0.25;10.91;10.91;5.42;17.30;0.86;0.00;13.45;25.00;0.00;-1.88
349.00;-11.55;-5.84;18.11;1.20;0.00;14.63;10.00;0.00;2.28;5.59;-0.05;0.25;11.55;11.55;5.84;18.11;1.17;0.00;13.17;25.00;0.00;-2.28
350.00;-23.82;-8.51;16.12;6.91;0.00;1.97;7.61;0.00;0.00;8.88;0.10;0.25;23.82;23.82;8.51;16.12;6.78;0.00;1.77;19.01;0.00;-0.00
351.00;-27.12;-8.33;26.43;5.51;0.00;3.28;10.00;0.00;8.11;9.33;-0.17;0.25;27.12;27.12;8.33;26.43;5.40;0.00;2.95;25.00;0.00;-8.11
352.00;-17.27;-6.04;21.35;3.98;0.00;11.64;10.00;0.00;5.31;10.06;-0.11;0.25;17.27;17.27;6.04;21.35;3.90;0.00;10.47;25.00;0.00;-5.31
353.00;-12.23;-7.16;12.88;4.90;0.00;6.87;5.72;0.00;0.00;12.68;0.07;0.25;12.23;12.23;7.16;12.88;4.80;0.00;6.19;14.31;0.00;-0.00
354.00;-12.78;-7.29;7.79;14.91;0.00;3.06;0.49;0.00;0.00;14.23;0.22;0.25;12.78;12.78;7.29;7.79;14.61;0.00;2.76;1.23;0.00;-0.00
355.00;-12.77;-5.29;5.99;16.96;0.00;5.59;0.70;0.00;0.00;14.92;0.25;0.25;12.77;12.77;5.29;5.99;16.62;0.00;5.03;1.74;0.00;-0.00
356.00;-11.18;-5.02;4.22;17.39;0.00;5.86;0.00;0.80;0.00;16.18;0.31;0.25;11.18;11.18;5.02;4.22;17.05;0.00;5.28;0.00;0.80;-0.00
357.00;-18.62;-5.25;2.71;19.51;0.00;0.50;0.00;2.54;0.00;17.50;0.45;0.25;18.62;18.62;5.25;2.71;19.12;0.00;0.45;0.00;2.54;-0.00
358.00;-27.14;-5.67;0.84;20.00;7.54;0.00;0.00;4.83;0.00;17.61;0.60;0.25;27.14;27.14;5.67;0.84;19.60;6.79;0.00;0.00;4.83;-0.00
359.00;-19.91;-6.05;1.91;20.00;0.31;0.00;0.00;4.14;0.00;15.51;0.55;0.25;19.91;19.91;6.05;1.91;19.60;0.28;0.00;0.00;4.14;-0.00
360.00;-15.12;-6.77;1.93;19.32;0.00;3.82;0.00;4.84;0.00;15.43;0.59;0.25;15.12;15.12;6.77;1.93;18.94;0.00;3.44;0.00;4.84;-0.00
361.00;-14.23;-5.83;2.20;19.28;0.00;4.66;0.00;3.64;0.00;16.29;0.51;0.25;14.23;14.23;5.83;2.20;18.90;0.00;4.20;0.00;3.64;-0.00
362.00;-19.32;-6.14;2.78;19.86;0.00;0.14;0.00;3.37;0.00;17.33;0.50;0.25;19.32;19.32;6.14;2.78;19.47;0.00;0.13;0.00;3.37;-0.00
363.00;-29.87;-8.75;2.73;20.00;10.27;0.00;0.00;6.02;0.00;17.37;0.67;0.25;29.87;29.87;8.75;2.73;19.60;9.24;0.00;0.00;6.02;-0.00
364.00;-24.60;-9.99;1.66;20.00;5.00;0.00;0.00;8.33;0.00;14.51;0.82;0.25;24.60;24.60;9.99;1.66;19.60;4.50;0.00;0.00;8.33;-0.00
365.00;-22.77;-11.26;1.39;20.00;3.17;0.00;0.00;9.87;0.00;13.12;0.91;0.25;22.77;22.77;11.26;1.39;19.60;2.86;0.00;0.00;9.87;-0.00
366.00;-20.10;-9.65;1.50;20.00;0.50;0.00;0.00;8.15;0.00;12.24;0.80;0.25;20.10;20.10;9.65;1.50;19.60;0.45;0.00;0.00;8.15;-0.00
367.00;-13.96;-7.40;1.22;19.48;0.00;5.13;0.00;6.18;0.00;12.10;0.67;0.25;13.96;13.96;7.40;1.22;19.09;0.00;4.62;0.00;6.18;-0.00
368.00;-24.67;-7.44;0.92;20.00;5.07;0.00;0.00;6.52;0.00;13.26;0.70;0.25;24.67;24.67;7.44;0.92;19.60;4.57;0.00;0.00;6.52;-0.00
369.00;-28.28;-8.41;0.73;20.00;8.68;0.00;0.00;7.68;0.00;11.85;0.78;0.25;28.28;28.28;8.41;0.73;19.60;7.81;0.00;0.00;7.68;-0.00
370.00;-20.65;-7.75;0.46;20.00;1.05;0.00;0.00;7.29;0.00;9.44;0.75;0.25;20.65;20.65;7.75;0.46;19.60;0.95;0.00;0.00;7.29;-0.00
371.00;-26.28;-8.05;0.20;20.00;6.68;0.00;0.00;7.85;0.00;9.15;0.79;0.25;26.28;26.28;8.05;0.20;19.60;6.01;0.00;0.00;7.85;-0.00
372.00;-23.40;-7.79;0.01;20.00;3.80;0.00;0.00;7.78;0.00;7.29;0.78;0.25;23.40;23.40;7.79;0.01;19.60;3.42;0.00;0.00;7.78;-0.00
373.00;-14.04;-5.76;0.00;19.49;0.00;5.07;0.00;5.76;0.00;6.23;0.65;0.25;14.04;14.04;5.76;0.00;19.10;0.00;4.56;0.00;5.76;-0.00
374.00;-24.73;-5.01;0.00;20.00;5.13;0.00;0.00;5.01;0.00;7.37;0.61;0.25;24.73;24.73;5.01;0.00;19.60;4.62;0.00;0.00;5.01;-0.00
375.00;-27.27;-5.08;0.00;20.00;7.67;0.00;0.00;5.08;0.00;5.95;0.61;0.25;27.27;27.27;5.08;0.00;19.60;6.90;0.00;0.00;5.08;-0.00
376.00;-16.36;-5.00;0.00;19.52;0.00;2.77;0.00;5.00;0.00;3.82;0.60;0.25;16.36;16.36;5.00;0.00;19.13;0.00;2.49;0.00;5.00;-0.00
377.00;-18.30;-5.15;0.00;19.59;0.00;0.89;0.00;5.15;0.00;4.44;0.61;0.25;18.30;18.30;5.15;0.00;19.20;0.00;0.80;0.00;5.15;-0.00
378.00;-28.00;-5.41;0.00;20.00;8.40;0.00;0.00;5.41;0.00;4.64;0.63;0.25;28.00;28.00;5.41;0.00;19.60;7.56;0.00;0.00;5.41;-0.00
379.00;-20.89;-5.22;0.00;20.00;1.29;0.00;0.00;5.22;0.00;2.31;0.62;0.25;20.89;20.89;5.22;0.00;19.60;1.16;0.00;0.00;5.22;-0.00
380.00;-11.20;-5.12;0.00;19.40;0.00;7.81;0.00;5.12;0.00;1.95;0.61;0.25;11.20;11.20;5.12;0.00;19.02;0.00;7.03;0.00;5.12;-0.00
381.00;-22.65;-5.13;0.00;20.00;3.05;0.00;0.00;5.13;0.00;3.71;0.62;0.25;22.65;22.65;5.13;0.00;19.60;2.74;0.00;0.00;5.13;-0.00
382.00;-28.40;-5.16;0.00;20.00;8.80;0.00;0.00;5.16;0.00;2.87;0.62;0.25;28.40;28.40;5.16;0.00;19.60;7.92;0.00;0.00;5.16;-0.00
383.00;-18.84;-4.84;0.00;19.59;0.00;0.36;0.00;4.84;0.00;0.42;0.59;0.25;18.84;18.84;4.84;0.00;19.20;0.00;0.33;0.00;4.84;-0.00
384.00;-16.41;-4.40;0.00;19.35;0.00;2.55;0.00;4.40;0.00;0.50;0.56;0.25;16.41;16.41;4.40;0.00;18.96;0.00;2.30;0.00;4.40;-0.00
385.00;-18.91;-4.50;0.00;19.68;0.00;0.38;0.00;4.50;0.00;1.08;0.57;0.25;18.91;18.91;4.50;0.00;19.29;0.00;0.34;0.00;4.50;-0.00
386.00;-13.98;-4.97;0.00;18.98;0.00;4.62;0.00;4.97;0.00;1.16;0.59;0.25;13.98;13.98;4.97;0.00;18.60;0.00;4.16;0.00;4.97;-0.00
387.00;-13.00;-5.38;0.00;18.88;0.00;5.51;0.00;5.38;0.00;2.20;0.62;0.25;13.00;13.00;5.38;0.00;18.50;0.00;4.95;0.00;5.38;-0.00
388.00;-18.62;-5.38;0.00;19.60;0.00;0.59;0.00;5.38;0.00;3.44;0.63;0.25;18.62;18.62;5.38;0.00;19.21;0.00;0.53;0.00;5.38;-0.00
389.00;-24.30;-5.34;0.00;20.00;4.70;0.00;0.00;5.34;0.00;3.57;0.63;0.25;24.30;24.30;5.34;0.00;19.60;4.23;0.00;0.00;5.34;-0.00
390.00;-19.75;-5.03;0.00;20.00;0.15;0.00;0.00;5.03;0.00;2.27;0.61;0.25;19.75;19.75;5.03;0.00;19.60;0.13;0.00;0.00;5.03;-0.00
391.00;-13.70;-4.88;0.00;19.11;0.00;5.03;0.00;4.88;0.00;2.23;0.59;0.25;13.70;13.70;4.88;0.00;18.73;0.00;4.53;0.00;4.88;-0.00
392.00;-16.65;-4.78;0.00;19.25;0.00;2.21;0.00;4.78;0.00;3.36;0.58;0.25;16.65;16.65;4.78;0.00;18.87;0.00;1.99;0.00;4.78;-0.00
393.00;-23.41;-4.88;0.00;20.00;3.81;0.00;0.00;4.88;0.00;3.86;0.60;0.25;23.41;23.41;4.88;0.00;19.60;3.43;0.00;0.00;4.88;-0.00
394.00;-20.06;-4.84;0.00;20.00;0.46;0.00;0.00;4.84;0.00;2.80;0.60;0.25;20.06;20.06;4.84;0.00;19.60;0.42;0.00;0.00;4.84;-0.00
395.00;-13.28;-4.51;0.00;19.09;0.00;5.42;0.00;4.51;0.00;2.67;0.56;0.25;13.28;13.28;4.51;0.00;18.71;0.00;4.88;0.00;4.51;-0.00
396.00;-14.98;-4.47;0.00;19.19;0.00;3.83;0.00;4.47;0.00;3.89;0.56;0.25;14.98;14.98;4.47;0.00;18.81;0.00;3.45;0.00;4.47;-0.00
397.00;-25.47;-4.95;0.00;20.00;5.87;0.00;0.00;4.95;0.00;4.75;0.60;0.25;25.47;25.47;4.95;0.00;19.60;5.28;0.00;0.00;4.95;-0.00
398.00;-23.38;-5.09;0.00;20.00;3.78;0.00;0.00;5.09;0.00;3.12;0.61;0.25;23.38;23.38;5.09;0.00;19.60;3.40;0.00;0.00;5.09;-0.00
399.00;-17.07;-4.65;0.00;19.24;0.00;1.78;0.00;4.65;0.00;2.07;0.58;0.25;17.07;17.07;4.65;0.00;18.85;0.00;1.60;0.00;4.65;-0.00
400.00;-16.11;-4.44;0.00;19.07;0.00;2.57;0.00;4.44;0.00;2.47;0.56;0.25;16.11;16.11;4.44;0.00;18.69;0.00;2.32;0.00;4.44;-0.00
401.00;-16.32;-4.44;0.00;19.03;0.00;2.34;0.00;4.44;0.00;3.05;0.56;0.25;16.32;16.32;4.44;0.00;18.65;0.00;2.10;0.00;4.44;-0.00
402.00;-14.72;-4.43;0.00;18.84;0.00;3.74;0.00;4.43;0.00;3.58;0.56;0.25;14.72;14.72;4.43;0.00;18.46;0.00;3.37;0.00;4.43;-0.00
403.00;-17.87;-4.43;0.00;19.36;0.00;1.10;0.00;4.43;0.00;4.42;0.56;0.25;17.87;17.87;4.43;0.00;18.97;0.00;0.99;0.00;4.43;-0.00
404.00;-22.91;-4.43;0.00;20.00;3.31;0.00;0.00;4.43;0.00;4.67;0.57;0.25;22.91;22.91;4.43;0.00;19.60;2.98;0.00;0.00;4.43;-0.00
405.00;-20.03;-4.56;0.00;20.00;0.43;0.00;0.00;4.56;0.00;3.75;0.58;0.25;20.03;20.03;4.56;0.00;19.60;0.38;0.00;0.00;4.56;-0.00
406.00;-22.15;-4.63;0.00;20.00;2.55;0.00;0.00;4.63;0.00;3.63;0.59;0.25;22.15;22.15;4.63;0.00;19.60;2.29;0.00;0.00;4.63;-0.00
407.00;-17.58;-4.49;0.00;19.22;0.00;1.26;0.00;4.49;0.00;2.92;0.56;0.25;17.58;17.58;4.49;0.00;18.84;0.00;1.13;0.00;4.49;-0.00
408.00;-11.23;-4.61;0.05;18.35;0.00;6.75;0.00;4.56;0.00;3.20;0.56;0.25;11.23;11.23;4.61;0.05;17.98;0.00;6.07;0.00;4.56;-0.00
409.00;-11.70;-5.35;0.21;18.21;0.00;6.15;0.00;5.14;0.00;4.72;0.59;0.25;11.70;11.70;5.35;0.21;17.85;0.00;5.53;0.00;5.14;-0.00
410.00;-20.82;-5.75;0.47;20.00;1.22;0.00;0.00;5.28;0.00;6.11;0.63;0.25;20.82;20.82;5.75;0.47;19.60;1.10;0.00;0.00;5.28;-0.00
411.00;-26.13;-5.72;0.75;20.00;6.53;0.00;0.00;4.97;0.00;5.77;0.61;0.25;26.13;26.13;5.72;0.75;19.60;5.87;0.00;0.00;4.97;-0.00
412.00;-23.29;-5.85;1.02;20.00;3.69;0.00;0.00;4.83;0.00;3.95;0.60;0.25;23.29;23.29;5.85;1.02;19.60;3.32;0.00;0.00;4.83;-0.00
413.00;-17.66;-5.60;1.38;19.43;0.00;1.38;0.00;4.22;0.00;2.93;0.55;0.25;17.66;17.66;5.60;1.38;19.05;0.00;1.25;0.00;4.22;-0.00
414.00;-10.31;-5.25;2.19;19.09;0.00;8.40;0.00;3.06;0.00;3.24;0.47;0.25;10.31;10.31;5.25;2.19;18.70;0.00;7.56;0.00;3.06;-0.00
415.00;-20.12;-4.83;2.37;20.00;0.52;0.00;0.00;2.46;0.00;5.13;0.45;0.25;20.12;20.12;4.83;2.37;19.60;0.46;0.00;0.00;2.46;-0.00
416.00;-23.28;-4.60;2.43;20.00;3.68;0.00;0.00;2.17;0.00;4.99;0.43;0.25;23.28;23.28;4.60;2.43;19.60;3.32;0.00;0.00;2.17;-0.00
417.00;-19.34;-5.02;2.01;19.86;0.00;0.12;0.00;3.00;0.00;3.96;0.48;0.25;19.34;19.34;5.02;2.01;19.46;0.00;0.11;0.00;3.00;-0.00
418.00;-22.82;-5.49;1.80;20.00;3.22;0.00;0.00;3.69;0.00;3.99;0.53;0.25;22.82;22.82;5.49;1.80;19.60;2.90;0.00;0.00;3.69;-0.00
419.00;-22.59;-5.92;1.45;20.00;2.99;0.00;0.00;4.47;0.00;3.10;0.58;0.25;22.59;22.59;5.92;1.45;19.60;2.69;0.00;0.00;4.47;-0.00
420.00;-16.78;-5.88;1.57;19.31;0.00;2.14;0.00;4.31;0.00;2.26;0.55;0.25;16.78;16.78;5.88;1.57;18.92;0.00;1.92;0.00;4.31;-0.00
421.00;-10.70;-5.68;2.00;19.02;0.00;7.94;0.00;3.67;0.00;2.75;0.51;0.25;10.70;10.70;5.68;2.00;18.64;0.00;7.15;0.00;3.67;-0.00
422.00;-17.72;-5.62;2.53;19.37;0.00;1.26;0.00;3.09;0.00;4.53;0.48;0.25;17.72;17.72;5.62;2.53;18.99;0.00;1.14;0.00;3.09;-0.00
423.00;-21.35;-5.39;2.81;20.00;1.75;0.00;0.00;2.58;0.00;4.82;0.46;0.25;21.35;21.35;5.39;2.81;19.60;1.57;0.00;0.00;2.58;-0.00
424.00;-9.68;-5.62;2.75;18.81;0.00;8.76;0.00;2.87;0.00;4.33;0.46;0.25;9.68;9.68;5.62;2.75;18.43;0.00;7.88;0.00;2.87;-0.00
425.00;-16.72;-5.76;2.89;19.15;0.00;2.04;0.00;2.87;0.00;6.30;0.46;0.25;16.72;16.72;5.76;2.89;18.77;0.00;1.84;0.00;2.87;-0.00
426.00;-25.16;-4.95;2.37;20.00;5.56;0.00;0.00;2.58;0.00;6.76;0.46;0.25;25.16;25.16;4.95;2.37;19.60;5.00;0.00;0.00;2.58;-0.00
427.00;-21.79;-5.22;2.46;20.00;2.19;0.00;0.00;2.76;0.00;5.22;0.47;0.25;21.79;21.79;5.22;2.46;19.60;1.97;0.00;0.00;2.76;-0.00
428.00;-13.45;-6.76;2.32;18.68;0.00;4.85;0.00;4.43;0.00;4.61;0.55;0.25;13.45;13.45;6.76;2.32;18.30;0.00;4.37;0.00;4.43;-0.00
429.00;-9.39;-8.62;2.99;18.40;0.00;8.64;0.00;5.63;0.00;5.70;0.62;0.25;9.39;9.39;8.62;2.99;18.03;0.00;7.78;0.00;5.63;-0.00
430.00;-19.28;-10.56;4.46;19.81;0.00;0.13;0.00;6.10;0.00;7.64;0.67;0.25;19.28;19.28;10.56;4.46;19.41;0.00;0.12;0.00;6.10;-0.00
431.00;-19.84;-8.47;4.35;20.00;0.24;0.00;0.00;4.12;0.00;7.67;0.55;0.25;19.84;19.84;8.47;4.35;19.60;0.22;0.00;0.00;4.12;-0.00
432.00;-16.39;-5.66;5.42;18.89;0.00;2.13;0.00;0.24;0.00;7.61;0.29;0.25;16.39;16.39;5.66;5.42;18.52;0.00;1.91;0.00;0.24;-0.00
433.00;-28.89;-4.96;4.50;20.00;9.29;0.00;0.00;0.45;0.00;8.08;0.32;0.25;28.89;28.89;4.96;4.50;19.60;8.36;0.00;0.00;0.45;-0.00
434.00;-35.14;-5.42;4.10;20.00;15.54;0.00;0.00;1.32;0.00;5.50;0.38;0.25;35.14;35.14;5.42;4.10;19.60;13.99;0.00;0.00;1.32;-0.00
435.00;-19.21;-6.23;4.09;19.78;0.00;0.17;0.00;2.15;0.00;1.18;0.43;0.25;19.21;19.21;6.23;4.09;19.38;0.00;0.16;0.00;2.15;-0.00
436.00;-10.56;-6.99;5.84;15.79;0.00;4.91;0.00;1.15;0.00;1.22;0.31;0.25;10.56;10.56;6.99;5.84;15.48;0.00;4.42;0.00;1.15;-0.00
437.00;-11.72;-7.63;5.87;15.65;0.00;3.62;0.00;1.76;0.00;2.33;0.34;0.25;11.72;11.72;7.63;5.87;15.34;0.00;3.26;0.00;1.76;-0.00
438.00;-11.85;-8.91;5.63;15.38;0.00;3.22;0.00;3.28;0.00;3.14;0.43;0.25;11.85;11.85;8.91;5.63;15.07;0.00;2.90;0.00;3.28;-0.00
439.00;-24.72;-10.62;7.30;20.00;5.12;0.00;0.00;3.33;0.00;3.87;0.50;0.25;24.72;24.72;10.62;7.30;19.60;4.60;0.00;0.00;3.33;-0.00
440.00;-30.64;-9.98;10.87;20.00;8.81;0.00;0.89;0.00;0.00;2.45;0.30;0.25;30.64;30.64;9.98;10.87;19.60;7.93;0.00;2.23;0.00;-0.00
441.00;-20.46;-7.76;11.42;11.54;0.00;0.00;3.66;0.00;0.00;0.00;0.17;0.25;20.46;20.46;7.76;11.42;11.31;0.00;0.00;9.14;0.00;-0.00
442.00;-14.90;-7.33;13.30;0.65;0.00;0.68;5.98;0.00;0.00;0.00;0.01;0.25;14.90;14.90;7.33;13.30;0.64;0.00;0.62;14.94;0.00;-0.00
443.00;-12.87;-7.18;15.93;0.21;0.00;9.21;8.75;0.00;0.00;0.15;0.00;0.25;12.87;12.87;7.18;15.93;0.21;0.00;8.29;21.88;0.00;-0.00
444.00;-10.91;-5.42;17.30;0.88;0.00;14.95;10.00;0.00;1.88;2.23;-0.05;0.25;10.91;10.91;5.42;17.30;0.86;0.00;13.45;25.00;0.00;-1.88
445.00;-11.55;-5.84;18.11;1.20;0.00;14.63;10.00;0.00;2.28;5.59;-0.05;0.25;11.55;11.55;5.84;18.11;1.17;0.00;13.17;25.00;0.00;-2.28
446.00;-23.82;-8.51;16.12;6.91;0.00;1.97;7.61;0.00;0.00;8.88;0.10;0.25;23.82;23.82;8.51;16.12;6.78;0.00;1.77;19.01;0.00;-0.00
447.00;-27.12;-8.33;26.43;5.51;0.00;3.28;10.00;0.00;8.11;9.33;-0.17;0.25;27.12;27.12;8.33;26.43;5.40;0.00;2.95;25.00;0.00;-8.11
448.00;-17.27;-6.04;21.35;3.98;0.00;11.64;10.00;0.00;5.31;10.06;-0.11;0.25;17.27;17.27;6.04;21.35;3.90;0.00;10.47;25.00;0.00;-5.31
449.00;-12.23;-7.16;12.88;4.90;0.00;6.87;5.72;0.00;0.00;12.68;0.07;0.25;12.23;12.23;7.16;12.88;4.80;0.00;6.19;14.31;0.00;-0.00
450.00;-12.78;-7.29;7.79;14.91;0.00;3.06;0.49;0.00;0.00;14.23;0.22;0.25;12.78;12.78;7.29;7.79;14.61;0.00;2.76;1.23;0.00;-0.00
451.00;-12.77;-5.29;5.99;16.96;0.00;5.59;0.70;0.00;0.00;14.92;0.25;0.25;12.77;12.77;5.29;5.99;16.62;0.00;5.03;1.74;0.00;-0.00
452.00;-11.18;-5.02;4.22;17.39;0.00;5.86;0.00;0.80;0.00;16.18;0.31;0.25;11.18;11.18;5.02;4.22;17.05;0.00;5.28;0.00;0.80;-0.00
453.00;-18.62;-5.25;2.71;19.51;0.00;0.50;0.00;2.54;0.00;17.50;0.45;0.25;18.62;18.62;5.25;2.71;19.12;0.00;0.45;0.00;2.54;-0.00
454.00;-27.14;-5.67;0.84;20.00;7.54;0.00;0.00;4.83;0.00;17.61;0.60;0.25;27.14;27.14;5.67;0.84;19.60;6.79;0.00;0.00;4.83;-0.00
455.00;-19.91;-6.05;1.91;20.00;0.31;0.00;0.00;4.14;0.00;15.51;0.55;0.25;19.91;19.91;6.05;1.91;19.60;0.28;0.00;0.00;4.14;-0.00
456.00;-15.12;-6.77;1.93;19.32;0.00;3.82;0.00;4.84;0.00;15.43;0.59;0.25;15.12;15.12;6.77;1.93;18.94;0.00;3.44;0.00;4.84;-0.00
457.00;-14.23;-5.83;2.20;19.28;0.00;4.66;0.00;3.64;0.00;16.29;0.51;0.25;14.23;14.23;5.83;2.20;18.90;0.00;4.20;0.00;3.64;-0.00
458.00;-19.32;-6.14;2.78;19.86;0.00;0.14;0.00;3.37;0.00;17.33;0.50;0.25;19.32;19.32;6.14;2.78;19.47;0.00;0.13;0.00;3.37;-0.00
459.00;-29.87;-8.75;2.73;20.00;10.27;0.00;0.00;6.02;0.00;17.37;0.67;0.25;29.87;29.87;8.75;2.73;19.60;9.24;0.00;0.00;6.02;-0.00
460.00;-24.60;-9.99;1.66;20.00;5.00;0.00;0.00;8.33;0.00;14.51;0.82;0.25;24.60;24.60;9.99;1.66;19.60;4.50;0.00;0.00;8.33;-0.00
461.00;-22.77;-11.26;1.39;20.00;3.17;0.00;0.00;9.87;0.00;13.12;0.91;0.25;22.77;22.77;11.26;1.39;19.60;2.86;0.00;0.00;9.87;-0.00
462.00;-20.10;-9.65;1.50;20.00;0.50;0.00;0.00;8.15;0.00;12.24;0.80;0.25;20.10;20.10;9.65;1.50;19.60;0.45;0.00;0.00;8.15;-0.00
463.00;-13.96;-7.40;1.22;19.48;0.00;5.13;0.00;6.18;0.00;12.10;0.67;0.25;13.96;13.96;7.40;1.22;19.09;0.00;4.62;0.00;6.18;-0.00
464.00;-24.67;-7.44;0.92;20.00;5.07;0.00;0.00;6.52;0.00;13.26;0.70;0.25;24.67;24.67;7.44;0.92;19.60;4.57;0.00;0.00;6.52;-0.00
465.00;-28.28;-8.41;0.73;20.00;8.68;0.00;0.00;7.68;0.00;11.85;0.78;0.25;28.28;28.28;8.41;0.73;19.60;7.81;0.00;0.00;7.68;-0.00
466.00;-20.65;-7.75;0.46;20.00;1.05;0.00;0.00;7.29;0.00;9.44;0.75;0.25;20.65;20.65;7.75;0.46;19.60;0.95;0.00;0.00;7.29;-0.00
467.00;-26.28;-8.05;0.20;20.00;6.68;0.00;0.00;7.85;0.00;9.15;0.79;0.25;26.28;26.28;8.05;0.20;19.60;6.01;0.00;0.00;7.85;-0.00
468.00;-23.40;-7.79;0.01;20.00;3.80;0.00;0.00;7.78;0.00;7.29;0.78;0.25;23.40;23.40;7.79;0.01;19.60;3.42;0.00;0.00;7.78;-0.00
469.00;-14.04;-5.76;0.00;19.49;0.00;5.07;0.00;5.76;0.00;6.23;0.65;0.25;14.04;14.04;5.76;0.00;19.10;0.00;4.56;0.00;5.76;-0.00
470.00;-24.73;-5.01;0.00;20.00;5.13;0.00;0.00;5.01;0.00;7.37;0.61;0.25;24.73;24.73;5.01;0.00;19.60;4.62;0.00;0.00;5.01;-0.00
471.00;-27.27;-5.08;0.00;20.00;7.67;0.00;0.00;5.08;0.00;5.95;0.61;0.25;27.27;27.27;5.08;0.00;19.60;6.90;0.00;0.00;5.08;-0.00
472.00;-16.36;-5.00;0.00;19.52;0.00;2.77;0.00;5.00;0.00;3.82;0.60;0.25;16.36;16.36;5.00;0.00;19.13;0.00;2.49;0.00;5.00;-0.00
473.00;-18.30;-5.15;0.00;19.59;0.00;0.89;0.00;5.15;0.00;4.44;0.61;0.25;18.30;18.30;5.15;0.00;19.20;0.00;0.80;0.00;5.15;-0.00
474.00;-28.00;-5.41;0.00;20.00;8.40;0.00;0.00;5.41;0.00;4.64;0.63;0.25;28.00;28.00;5.41;0.00;19.60;7.56;0.00;0.00;5.41;-0.00
475.00;-20.89;-5.22;0.00;20.00;1.29;0.00;0.00;5.22;0.00;2.31;0.62;0.25;20.89;20.89;5.22;0.00;19.60;1.16;0.00;0.00;5.22;-0.00
476.00;-11.20;-5.12;0.00;19.40;0.00;7.81;0.00;5.12;0.00;1.95;0.61;0.25;11.20;11.20;5.12;0.00;19.02;0.00;7.03;0.00;5.12;-0.00
477.00;-22.65;-5.13;0.00;20.00;3.05;0.00;0.00;5.13;0.00;3.71;0.62;0.25;22.65;22.65;5.13;0.00;19.60;2.74;0.00;0.00;5.13;-0.00
478.00;-28.40;-5.16;0.00;20.00;8.80;0.00;0.00;5.16;0.00;2.87;0.62;0.25;28.40;28.40;5.16;0.00;19.60;7.92;0.00;0.00;5.16;-0.00
479.00;-18.84;-4.84;0.00;19.59;0.00;0.36;0.00;4.84;0.00;0.42;0.59;0.25;18.84;18.84;4.84;0.00;19.20;0.00;0.33;0.00;4.84;-0.00
480.00;-16.41;-4.40;0.00;19.35;0.00;2.55;0.00;4.40;0.00;0.50;0.56;0.25;16.41;16.41;4.40;0.00;18.96;0.00;2.30;0.00;4.40;-0.00
481.00;-18.91;-4.50;0.00;19.68;0.00;0.38;0.00;4.50;0.00;1.08;0.57;0.25;18.91;18.91;4.50;0.00;19.29;0.00;0.34;0.00;4.50;-0.00
482.00;-13.98;-4.97;0.00;18.98;0.00;4.62;0.00;4.97;0.00;1.16;0.59;0.25;13.98;13.98;4.97;0.00;18.60;0.00;4.16;0.00;4.97;-0.00
483.00;-13.00;-5.38;0.00;18.88;0.00;5.51;0.00;5.38;0.00;2.20;0.62;0.25;13.00;13.00;5.38;0.00;18.50;0.00;4.95;0.00;5.38;-0.00
484.00;-18.62;-5.38;0.00;19.60;0.00;0.59;0.00;5.38;0.00;3.44;0.63;0.25;18.62;18.62;5.38;0.00;19.21;0.00;0.53;0.00;5.38;-0.00
485.00;-24.30;-5.34;0.00;20.00;4.70;0.00;0.00;5.34;0.00;3.57;0.63;0.25;24.30;24.30;5.34;0.00;19.60;4.23;0.00;0.00;5.34;-0.00
486.00;-19.75;-5.03;0.00;20.00;0.15;0.00;0.00;5.03;0.00;2.27;0.61;0.25;19.75;19.75;5.03;0.00;19.60;0.13;0.00;0.00;5.03;-0.00
487.00;-13.70;-4.88;0.00;19.11;0.00;5.03;0.00;4.88;0.00;2.23;0.59;0.25;13.70;13.70;4.88;0.00;18.73;0.00;4.53;0.00;4.88;-0.00
488.00;-16.65;-4.78;0.00;19.25;0.00;2.21;0.00;4.78;0.00;3.36;0.58;0.25;16.65;16.65;4.78;0.00;18.87;0.00;1.99;0.00;4.78;-0.00
489.00;-23.41;-4.88;0.00;20.00;3.81;0.00;0.00;4.88;0.00;3.86;0.60;0.25;23.41;23.41;4.88;0.00;19.60;3.43;0.00;0.00;4.88;-0.00
490.00;-20.06;-4.84;0.00;20.00;0.46;0.00;0.00;4.84;0.00;2.80;0.60;0.25;20.06;20.06;4.84;0.00;19.60;0.42;0.00;0.00;4.84;-0.00
491.00;-13.28;-4.51;0.00;19.09;0.00;5.42;0.00;4.51;0.00;2.67;0.56;0.25;13.28;13.28;4.51;0.00;18.71;0.00;4.88;0.00;4.51;-0.00
492.00;-14.98;-4.47;0.00;19.19;0.00;3.83;0.00;4.47;0.00;3.89;0.56;0.25;14.98;14.98;4.47;0.00;18.81;0.00;3.45;0.00;4.47;-0.00
493.00;-25.47;-4.95;0.00;20.00;5.87;0.00;0.00;4.95;0.00;4.75;0.60;0.25;25.47;25.47;4.95;0.00;19.60;5.28;0.00;0.00;4.95;-0.00
494.00;-23.38;-5.09;0.00;20.00;3.78;0.00;0.00;5.09;0.00;3.12;0.61;0.25;23.38;23.38;5.09;0.00;19.60;3.40;0.00;0.00;5.09;-0.00
495.00;-17.07;-4.65;0.00;19.24;0.00;1.78;0.00;4.65;0.00;2.07;0.58;0.25;17.07;17.07;4.65;0.00;18.85;0.00;1.60;0.00;4.65;-0.00
496.00;-16.11;-4.44;0.00;19.07;0.00;2.57;0.00;4.44;0.00;2.47;0.56;0.25;16.11;16.11;4.44;0.00;18.69;0.00;2.32;0.00;4.44;-0.00
497.00;-16.32;-4.44;0.00;19.03;0.00;2.34;0.00;4.44;0.00;3.05;0.56;0.25;16.32;16.32;4.44;0.00;18.65;0.00;2.10;0.00;4.44;-0.00
498.00;-14.72;-4.43;0.00;18.84;0.00;3.74;0.00;4.43;0.00;3.58;0.56;0.25;14.72;14.72;4.43;0.00;18.46;0.00;3.37;0.00;4.43;-0.00
499.00;-17.87;-4.43;0.00;19.36;0.00;1.10;0.00;4.43;0.00;4.42;0.56;0.25;17.87;17.87;4.43;0.00;18.97;0.00;0.99;0.00;4.43;-0.00
500.00;-22.91;-4.43;0.00;20.00;3.31;0.00;0.00;4.43;0.00;4.67;0.57;0.25;22.91;22.91;4.43;0.00;19.60;2.98;0.00;0.00;4.43;-0.00
501.00;-20.03;-4.56;0.00;20.00;0.43;0.00;0.00;4.56;0.00;3.75;0.58;0.25;20.03;20.03;4.56;0.00;19.60;0.38;0.00;0.00;4.56;-0.00
502.00;-22.15;-4.63;0.00;20.00;2.55;0.00;0.00;4.63;0.00;3.63;0.59;0.25;22.15;22.15;4.63;0.00;19.60;2.29;0.00;0.00;4.63;-0.00
503.00;-17.58;-4.49;0.00;19.22;0.00;1.26;0.00;4.49;0.00;2.92;0.56;0.25;17.58;17.58;4.49;0.00;18.84;0.00;1.13;0.00;4.49;-0.00
504.00;-11.23;-4.61;0.05;18.35;0.00;6.75;0.00;4.56;0.00;3.20;0.56;0.25;11.23;11.23;4.61;0.05;17.98;0.00;6.07;0.00;4.56;-0.00
505.00;-11.70;-5.35;0.21;18.21;0.00;6.15;0.00;5.14;0.00;4.72;0.59;0.25;11.70;11.70;5.35;0.21;17.85;0.00;5.53;0.00;5.14;-0.00
506.00;-20.82;-5.75;0.47;20.00;1.22;0.00;0.00;5.28;0.00;6.11;0.63;0.25;20.82;20.82;5.75;0.47;19.60;1.10;0.00;0.00;5.28;-0.00
507.00;-26.13;-5.72;0.75;20.00;6.53;0.00;0.00;4.97;0.00;5.77;0.61;0.25;26.13;26.13;5.72;0.75;19.60;5.87;0.00;0.00;4.97;-0.00
508.00;-23.29;-5.85;1.02;20.00;3.69;0.00;0.00;4.83;0.00;3.95;0.60;0.25;23.29;23.29;5.85;1.02;19.60;3.32;0.00;0.00;4.83;-0.00
509.00;-17.66;-5.60;1.38;19.43;0.00;1.38;0.00;4.22;0.00;2.93;0.55;0.25;17.66;17.66;5.60;1.38;19.05;0.00;1.25;0.00;4.22;-0.00
510.00;-10.31;-5.25;2.19;19.09;0.00;8.40;0.00;3.06;0.00;3.24;0.47;0.25;10.31;10.31;5.25;2.19;18.70;0.00;7.56;0.00;3.06;-0.00
511.00;-20.12;-4.83;2.37;20.00;0.52;0.00;0.00;2.46;0.00;5.13;0.45;0.25;20.12;20.12;4.83;2.37;19.60;0.46;0.00;0.00;2.46;-0.00
512.00;-23.28;-4.60;2.43;20.00;3.68;0.00;0.00;2.17;0.00;4.99;0.43;0.25;23.28;23.28;4.60;2.43;19.60;3.32;0.00;0.00;2.17;-0.00
513.00;-19.34;-5.02;2.01;19.86;0.00;0.12;0.00;3.00;0.00;3.96;0.48;0.25;19.34;19.34;5.02;2.01;19.46;0.00;0.11;0.00;3.00;-0.00
514.00;-22.82;-5.49;1.80;20.00;3.22;0.00;0.00;3.69;0.00;3.99;0.53;0.25;22.82;22.82;5.49;1.80;19.60;2.90;0.00;0.00;3.69;-0.00
515.00;-22.59;-5.92;1.45;20.00;2.99;0.00;0.00;4.47;0.00;3.10;0.58;0.25;22.59;22.59;5.92;1.45;19.60;2.69;0.00;0.00;4.47;-0.00
516.00;-16.78;-5.88;1.57;19.31;0.00;2.14;0.00;4.31;0.00;2.26;0.55;0.25;16.78;16.78;5.88;1.57;18.92;0.00;1.92;0.00;4.31;-0.00
517.00;-10.70;-5.68;2.00;19.02;0.00;7.94;0.00;3.67;0.00;2.75;0.51;0.25;10.70;10.70;5.68;2.00;18.64;0.00;7.15;0.00;3.67;-0.00
518.00;-17.72;-5.62;2.53;19.37;0.00;1.26;0.00;3.09;0.00;4.53;0.48;0.25;17.72;17.72;5.62;2.53;18.99;0.00;1.14;0.00;3.09;-0.00
519.00;-21.35;-5.39;2.81;20.00;1.75;0.00;0.00;2.58;0.00;4.82;0.46;0.25;21.35;21.35;5.39;2.81;19.60;1.57;0.00;0.00;2.58;-0.00
520.00;-9.68;-5.62;2.75;18.81;0.00;8.76;0.00;2.87;0.00;4.33;0.46;0.25;9.68;9.68;5.62;2.75;18.43;0.00;7.88;0.00;2.87;-0.00
521.00;-16.72;-5.76;2.89;19.15;0.00;2.04;0.00;2.87;0.00;6.30;0.46;0.25;16.72;16.72;5.76;2.89;18.77;0.00;1.84;0.00;2.87;-0.00
522.00;-25.16;-4.95;2.37;20.00;5.56;0.00;0.00;2.58;0.00;6.76;0.46;0.25;25.16;25.16;4.95;2.37;19.60;5.00;0.00;0.00;2.58;-0.00
523.00;-21.79;-5.22;2.46;20.00;2.19;0.00;0.00;2.76;0.00;5.22;0.47;0.25;21.79;21.79;5.22;2.46;19.60;1.97;0.00;0.00;2.76;-0.00
524.00;-13.45;-6.76;2.32;18.68;0.00;4.85;0.00;4.43;0.00;4.61;0.55;0.25;13.45;13.45;6.76;2.32;18.30;0.00;4.37;0.00;4.43;-0.00
525.00;-9.39;-8.62;2.99;18.40;0.00;8.64;0.00;5.63;0.00;5.70;0.62;0.25;9.39;9.39;8.62;2.99;18.03;0.00;7.78;0.00;5.63;-0.00
526.00;-19.28;-10.56;4.46;19.81;0.00;0.13;0.00;6.10;0.00;7.64;0.67;0.25;19.28;19.28;10.56;4.46;19.41;0.00;0.12;0.00;6.10;-0.00
527.00;-19.84;-8.47;4.35;20.00;0.24;0.00;0.00;4.12;0.00;7.67;0.55;0.25;19.84;19.84;8.47;4.35;19.60;0.22;0.00;0.00;4.12;-0.00
528.00;-16.39;-5.66;5.42;18.89;0.00;2.13;0.00;0.24;0.00;7.61;0.29;0.25;16.39;16.39;5.66;5.42;18.52;0.00;1.91;0.00;0.24;-0.00
529.00;-28.89;-4.96;4.50;20.00;9.29;0.00;0.00;0.45;0.00;8.08;0.32;0.25;28.89;28.89;4.96;4.50;19.60;8.36;0.00;0.00;0.45;-0.00
530.00;-35.14;-5.42;4.10;20.00;15.54;0.00;0.00;1.32;0.00;5.50;0.38;0.25;35.14;35.14;5.42;4.10;19.60;13.99;0.00;0.00;1.32;-0.00
531.00;-19.21;-6.23;4.09;19.78;0.00;0.17;0.00;2.15;0.00;1.18;0.43;0.25;19.21;19.21;6.23;4.09;19.38;0.00;0.16;0.00;2.15;-0.00
532.00;-10.56;-6.99;5.84;15.79;0.00;4.91;0.00;1.15;0.00;1.22;0.31;0.25;10.56;10.56;6.99;5.84;15.48;0.00;4.42;0.00;1.15;-0.00
533.00;-11.72;-7.63;5.87;15.65;0.00;3.62;0.00;1.76;0.00;2.33;0.34;0.25;11.72;11.72;7.63;5.87;15.34;0.00;3.26;0.00;1.76;-0.00
534.00;-11.85;-8.91;5.63;15.38;0.00;3.22;0.00;3.28;0.00;3.14;0.43;0.25;11.85;11.85;8.91;5.63;15.07;0.00;2.90;0.00;3.28;-0.00
535.00;-24.72;-10.62;7.30;20.00;5.12;0.00;0.00;3.33;0.00;3.87;0.50;0.25;24.72;24.72;10.62;7.30;19.60;4.60;0.00;0.00;3.33;-0.00
536.00;-30.64;-9.98;10.87;20.00;8.81;0.00;0.89;0.00;0.00;2.45;0.30;0.25;30.64;30.64;9.98;10.87;19.60;7.93;0.00;2.23;0.00;-0.00
537.00;-20.46;-7.76;11.42;11.54;0.00;0.00;3.66;0.00;0.00;0.00;0.17;0.25;20.46;20.46;7.76;11.42;11.31;0.00;0.00;9.14;0.00;-0.00
538.00;-14.90;-7.33;13.30;0.65;0.00;0.68;5.98;0.00;0.00;0.00;0.01;0.25;14.90;14.90;7.33;13.30;0.64;0.00;0.62;14.94;0.00;-0.00
539.00;-12.87;-7.18;15.93;0.21;0.00;9.21;8.75;0.00;0.00;0.15;0.00;0.25;12.87;12.87;7.18;15.93;0.21;0.00;8.29;21.88;0.00;-0.00
540.00;-10.91;-5.42;17.30;0.88;0.00;14.95;10.00;0.00;1.88;2.23;-0.05;0.25;10.91;10.91;5.42;17.30;0.86;0.00;13.45;25.00;0.00;-1.88
541.00;-11.55;-5.84;18.11;1.20;0.00;14.63;10.00;0.00;2.28;5.59;-0.05;0.25;11.55;11.55;5.84;18.11;1.17;0.00;13.17;25.00;0.00;-2.28
542.00;-23.82;-8.51;16.12;6.91;0.00;1.97;7.61;0.00;0.00;8.88;0.10;0.25;23.82;23.82;8.51;16.12;6.78;0.00;1.77;19.01;0.00;-0.00
543.00;-27.12;-8.33;26.43;5.51;0.00;3.28;10.00;0.00;8.11;9.33;-0.17;0.25;27.12;27.12;8.33;26.43;5.40;0.00;2.95;25.00;0.00;-8.11
544.00;-17.27;-6.04;21.35;3.98;0.00;11.64;10.00;0.00;5.31;10.06;-0.11;0.25;17.27;17.27;6.04;21.35;3.90;0.00;10.47;25.00;0.00;-5.31
545.00;-12.23;-7.16;12.88;4.90;0.00;6.87;5.72;0.00;0.00;12.68;0.07;0.25;12.23;12.23;7.16;12.88;4.80;0.00;6.19;14.31;0.00;-0.00
546.00;-12.78;-7.29;7.79;14.91;0.00;3.06;0.49;0.00;0.00;14.23;0.22;0.25;12.78;12.78;7.29;7.79;14.61;0.00;2.76;1.23;0.00;-0.00
547.00;-12.77;-5.29;5.99;16.96;0.00;5.59;0.70;0.00;0.00;14.92;0.25;0.25;12.77;12.77;5.29;5.99;16.62;0.00;5.03;1.74;0.00;-0.00
548.00;-11.18;-5.02;4.22;17.39;0.00;5.86;0.00;0.80;0.00;16.18;0.31;0.25;11.18;11.18;5.02;4.22;17.05;0.00;5.28;0.00;0.80;-0.00
549.00;-18.62;-5.25;2.71;19.51;0.00;0.50;0.00;2.54;0.00;17.50;0.45;0.25;18.62;18.62;5.25;2.71;19.12;0.00;0.45;0.00;2.54;-0.00
550.00;-27.14;-5.67;0.84;20.00;7.54;0.00;0.00;4.83;0.00;17.61;0.60;0.25;27.14;27.14;5.67;0.84;19.60;6.79;0.00;0.00;4.83;-0.00
551.00;-19.91;-6.05;1.91;20.00;0.31;0.00;0.00;4.14;0.00;15.51;0.55;0.25;19.91;19.91;6.05;1.91;19.60;0.28;0.00;0.00;4.14;-0.00
552.00;-15.12;-6.77;1.93;19.32;0.00;3.82;0.00;4.84;0.00;15.43;0.59;0.25;15.12;15.12;6.77;1.93;18.94;0.00;3.44;0.00;4.84;-0.00
553.00;-14.23;-5.83;2.20;19.28;0.00;4.66;0.00;3.64;0.00;16.29;0.51;0.25;14.23;14.23;5.83;2.20;18.90;0.00;4.20;0.00;3.64;-0.00
554.00;-19.32;-6.14;2.78;19.86;0.00;0.14;0.00;3.37;0.00;17.33;0.50;0.25;19.32;19.32;6.14;2.78;19.47;0.00;0.13;0.00;3.37;-0.00
555.00;-29.87;-8.75;2.73;20.00;10.27;0.00;0.00;6.02;0.00;17.37;0.67;0.25;29.87;29.87;8.75;2.73;19.60;9.24;0.00;0.00;6.02;-0.00
556.00;-24.60;-9.99;1.66;20.00;5.00;0.00;0.00;8.33;0.00;14.51;0.82;0.25;24.60;24.60;9.99;1.66;19.60;4.50;0.00;0.00;8.33;-0.00
557.00;-22.77;-11.26;1.39;20.00;3.17;0.00;0.00;9.87;0.00;13.12;0.91;0.25;22.77;22.77;11.26;1.39;19.60;2.86;0.00;0.00;9.87;-0.00
558.00;-20.10;-9.65;1.50;20.00;0.50;0.00;0.00;8.15;0.00;12.24;0.80;0.25;20.10;20.10;9.65;1.50;19.60;0.45;0.00;0.00;8.15;-0.00
559.00;-13.96;-7.40;1.22;19.48;0.00;5.13;0.00;6.18;0.00;12.10;0.67;0.25;13.96;13.96;7.40;1.22;19.09;0.00;4.62;0.00;6.18;-0.00
560.00;-24.67;-7.44;0.92;20.00;5.07;0.00;0.00;6.52;0.00;13.26;0.70;0.25;24.67;24.67;7.44;0.92;19.60;4.57;0.00;0.00;6.52;-0.00
561.00;-28.28;-8.41;0.73;20.00;8.68;0.00;0.00;7.68;0.00;11.85;0.78;0.25;28.28;28.28;8.41;0.73;19.60;7.81;0.00;0.00;7.68;-0.00
562.00;-20.65;-7.75;0.46;20.00;1.05;0.00;0.00;7.29;0.00;9.44;0.75;0.25;20.65;20.65;7.75;0.46;19.60;0.95;0.00;0.00;7.29;-0.00
563.00;-26.28;-8.05;0.20;20.00;6.68;0.00;0.00;7.85;0.00;9.15;0.79;0.25;26.28;26.28;8.05;0.20;19.60;6.01;0.00;0.00;7.85;-0.00
564.00;-23.40;-7.79;0.01;20.00;3.80;0.00;0.00;7.78;0.00;7.29;0.78;0.25;23.40;23.40;7.79;0.01;19.60;3.42;0.00;0.00;7.78;-0.00
565.00;-14.04;-5.76;0.00;19.49;0.00;5.07;0.00;5.76;0.00;6.23;0.65;0.25;14.04;14.04;5.76;0.00;19.10;0.00;4.56;0.00;5.76;-0.00
566.00;-24.73;-5.01;0.00;20.00;5.13;0.00;0.00;5.01;0.00;7.37;0.61;0.25;24.73;24.73;5.01;0.00;19.60;4.62;0.00;0.00;5.01;-0.00
567.00;-27.27;-5.08;0.00;20.00;7.67;0.00;0.00;5.08;0.00;5.95;0.61;0.25;27.27;27.27;5.08;0.00;19.60;6.90;0.00;0.00;5.08;-0.00
568.00;-16.36;-5.00;0.00;19.52;0.00;2.77;0.00;5.00;0.00;3.82;0.60;0.25;16.36;16.36;5.00;0.00;19.13;0.00;2.49;0.00;5.00;-0.00
569.00;-18.30;-5.15;0.00;19.59;0.00;0.89;0.00;5.15;0.00;4.44;0.61;0.25;18.30;18.30;5.15;0.00;19.20;0.00;0.80;0.00;5.15;-0.00
570.00;-28.00;-5.41;0.00;20.00;8.40;0.00;0.00;5.41;0.00;4.64;0.63;0.25;28.00;28.00;5.41;0.00;19.60;7.56;0.00;0.00;5.41;-0.00
571.00;-20.89;-5.22;0.00;20.00;1.29;0.00;0.00;5.22;0.00;2.31;0.62;0.25;20.89;20.89;5.22;0.00;19.60;1.16;0.00;0.00;5.22;-0.00
572.00;-11.20;-5.12;0.00;19.40;0.00;7.81;0.00;5.12;0.00;1.95;0.61;0.25;11.20;11.20;5.12;0.00;19.02;0.00;7.03;0.00;5.12;-0.00
573.00;-22.65;-5.13;0.00;20.00;3.05;0.00;0.00;5.13;0.00;3.71;0.62;0.25;22.65;22.65;5.13;0.00;19.60;2.74;0.00;0.00;5.13;-0.00
574.00;-28.40;-5.16;0.00;20.00;8.80;0.00;0.00;5.16;0.00;2.87;0.62;0.25;28.40;28.40;5.16;0.00;19.60;7.92;0.00;0.00;5.16;-0.00
575.00;-18.84;-4.84;0.00;19.59;0.00;0.36;0.00;4.84;0.00;0.42;0.59;0.25;18.84;18.84;4.84;0.00;19.20;0.00;0.33;0.00;4.84;-0.00
576.00;-16.41;-4.40;0.00;19.35;0.00;2.55;0.00;4.40;0.00;0.50;0.56;0.25;16.41;16.41;4.40;0.00;18.96;0.00;2.30;0.00;4.40;-0.00
577.00;-18.91;-4.50;0.00;19.68;0.00;0.38;0.00;4.50;0.00;1.08;0.57;0.25;18.91;18.91;4.50;0.00;19.29;0.00;0.34;0.00;4.50;-0.00
578.00;-13.98;-4.97;0.00;18.98;0.00;4.62;0.00;4.97;0.00;1.16;0.59;0.25;13.98;13.98;4.97;0.00;18.60;0.00;4.16;0.00;4.97;-0.00
579.00;-13.00;-5.38;0.00;18.88;0.00;5.51;0.00;5.38;0.00;2.20;0.62;0.25;13.00;13.00;5.38;0.00;18.50;0.00;4.95;0.00;5.38;-0.00
580.00;-18.62;-5.38;0.00;19.60;0.00;0.59;0.00;5.38;0.00;3.44;0.63;0.25;18.62;18.62;5.38;0.00;19.21;0.00;0.53;0.00;5.38;-0.00
581.00;-24.30;-5.34;0.00;20.00;4.70;0.00;0.00;5.34;0.00;3.57;0.63;0.25;24.30;24.30;5.34;0.00;19.60;4.23;0.00;0.00;5.34;-0.00
582.00;-19.75;-5.03;0.00;20.00;0.15;0.00;0.00;5.03;0.00;2.27;0.61;0.25;19.75;19.75;5.03;0.00;19.60;0.13;0.00;0.00;5.03;-0.00
583.00;-13.70;-4.88;0.00;19.11;0.00;5.03;0.00;4.88;0.00;2.23;0.59;0.25;13.70;13.70;4.88;0.00;18.73;0.00;4.53;0.00;4.88;-0.00
584.00;-16.65;-4.78;0.00;19.25;0.00;2.21;0.00;4.78;0.00;3.36;0.58;0.25;16.65;16.65;4.78;0.00;18.87;0.00;1.99;0.00;4.78;-0.00
585.00;-23.41;-4.88;0.00;20.00;3.81;0.00;0.00;4.88;0.00;3.86;0.60;0.25;23.41;23.41;4.88;0.00;19.60;3.43;0.00;0.00;4.88;-0.00
586.00;-20.06;-4.84;0.00;20.00;0.46;0.00;0.00;4.84;0.00;2.80;0.60;0.25;20.06;20.06;4.84;0.00;19.60;0.42;0.00;0.00;4.84;-0.00
587.00;-13.28;-4.51;0.00;19.09;0.00;5.42;0.00;4.51;0.00;2.67;0.56;0.25;13.28;13.28;4.51;0.00;18.71;0.00;4.88;0.00;4.51;-0.00
588.00;-14.98;-4.47;0.00;19.19;0.00;3.83;0.00;4.47;0.00;3.89;0.56;0.25;14.98;14.98;4.47;0.00;18.81;0.00;3.45;0.00;4.47;-0.00
589.00;-25.47;-4.95;0.00;20.00;5.87;0.00;0.00;4.95;0.00;4.75;0.60;0.25;25.47;25.47;4.95;0.00;19.60;5.28;0.00;0.00;4.95;-0.00
590.00;-23.38;-5.09;0.00;20.00;3.78;0.00;0.00;5.09;0.00;3.12;0.61;0.25;23.38;23.38;5.09;0.00;19.60;3.40;0.00;0.00;5.09;-0.00
591.00;-17.07;-4.65;0.00;19.24;0.00;1.78;0.00;4.65;0.00;2.07;0.58;0.25;17.07;17.07;4.65;0.00;18.85;0.00;1.60;0.00;4.65;-0.00
592.00;-16.11;-4.44;0.00;19.07;0.00;2.57;0.00;4.44;0.00;2.47;0.56;0.25;16.11;16.11;4.44;0.00;18.69;0.00;2.32;0.00;4.44;-0.00
593.00;-16.32;-4.44;0.00;19.03;0.00;2.34;0.00;4.44;0.00;3.05;0.56;0.25;16.32;16.32;4.44;0.00;18.65;0.00;2.10;0.00;4.44;-0.00
594.00;-14.72;-4.43;0.00;18.84;0.00;3.74;0.00;4.43;0.00;3.58;0.56;0.25;14.72;14.72;4.43;0.00;18.46;0.00;3.37;0.00;4.43;-0.00
595.00;-17.87;-4.43;0.00;19.36;0.00;1.10;0.00;4.43;0.00;4.42;0.56;0.25;17.87;17.87;4.43;0.00;18.97;0.00;0.99;0.00;4.43;-0.00
596.00;-22.91;-4.43;0.00;20.00;3.31;0.00;0.00;4.43;0.00;4.67;0.57;0.25;22.91;22.91;4.43;0.00;19.60;2.98;0.00;0.00;4.43;-0.00
597.00;-20.03;-4.56;0.00;20.00;0.43;0.00;0.00;4.56;0.00;3.75;0.58;0.25;20.03;20.03;4.56;0.00;19.60;0.38;0.00;0.00;4.56;-0.00
598.00;-22.15;-4.63;0.00;20.00;2.55;0.00;0.00;4.63;0.00;3.63;0.59;0.25;22.15;22.15;4.63;0.00;19.60;2.29;0.00;0.00;4.63;-0.00
599.00;-17.58;-4.49;0.00;19.22;0.00;1.26;0.00;4.49;0.00;2.92;0.56;0.25;17.58;17.58;4.49;0.00;18.84;0.00;1.13;0.00;4.49;-0.00
600.00;-11.23;-4.61;0.05;18.35;0.00;6.75;0.00;4.56;0.00;3.20;0.56;0.25;11.23;11.23;4.61;0.05;17.98;0.00;6.07;0.00;4.56;-0.00
601.00;-11.70;-5.35;0.21;18.21;0.00;6.15;0.00;5.14;0.00;4.72;0.59;0.25;11.70;11.70;5.35;0.21;17.85;0.00;5.53;0.00;5.14;-0.00
602.00;-20.82;-5.75;0.47;20.00;1.22;0.00;0.00;5.28;0.00;6.11;0.63;0.25;20.82;20.82;5.75;0.47;19.60;1.10;0.00;0.00;5.28;-0.00
603.00;-26.13;-5.72;0.75;20.00;6.53;0.00;0.00;4.97;0.00;5.77;0.61;0.25;26.13;26.13;5.72;0.75;19.60;5.87;0.00;0.00;4.97;-0.00
604.00;-23.29;-5.85;1.02;20.00;3.69;0.00;0.00;4.83;0.00;3.95;0.60;0.25;23.29;23.29;5.85;1.02;19.60;3.32;0.00;0.00;4.83;-0.00
605.00;-17.66;-5.60;1.38;19.43;0.00;1.38;0.00;4.22;0.00;2.93;0.55;0.25;17.66;17.66;5.60;1.38;19.05;0.00;1.25;0.00;4.22;-0.00
606.00;-10.31;-5.25;2.19;19.09;0.00;8.40;0.00;3.06;0.00;3.24;0.47;0.25;10.31;10.31;5.25;2.19;18.70;0.00;7.56;0.00;3.06;-0.00
607.00;-20.12;-4.83;2.37;20.00;0.52;0.00;0.00;2.46;0.00;5.13;0.45;0.25;20.12;20.12;4.83;2.37;19.60;0.46;0.00;0.00;2.46;-0.00
608.00;-23.28;-4.60;2.43;20.00;3.68;0.00;0.00;2.17;0.00;4.99;0.43;0.25;23.28;23.28;4.60;2.43;19.60;3.32;0.00;0.00;2.17;-0.00
609.00;-19.34;-5.02;2.01;19.86;0.00;0.12;0.00;3.00;0.00;3.96;0.48;0.25;19.34;19.34;5.02;2.01;19.46;0.00;0.11;0.00;3.00;-0.00
610.00;-22.82;-5.49;1.80;20.00;3.22;0.00;0.00;3.69;0.00;3.99;0.53;0.25;22.82;22.82;5.49;1.80;19.60;2.90;0.00;0.00;3.69;-0.00
611.00;-22.59;-5.92;1.45;20.00;2.99;0.00;0.00;4.47;0.00;3.10;0.58;0.25;22.59;22.59;5.92;1.45;19.60;2.69;0.00;0.00;4.47;-0.00
612.00;-16.78;-5.88;1.57;19.31;0.00;2.14;0.00;4.31;0.00;2.26;0.55;0.25;16.78;16.78;5.88;1.57;18.92;0.00;1.92;0.00;4.31;-0.00
613.00;-10.70;-5.68;2.00;19.02;0.00;7.94;0.00;3.67;0.00;2.75;0.51;0.25;10.70;10.70;5.68;2.00;18.64;0.00;7.15;0.00;3.67;-0.00
614.00;-17.72;-5.62;2.53;19.37;0.00;1.26;0.00;3.09;0.00;4.53;0.48;0.25;17.72;17.72;5.62;2.53;18.99;0.00;1.14;0.00;3.09;-0.00
615.00;-21.35;-5.39;2.81;20.00;1.75;0.00;0.00;2.58;0.00;4.82;0.46;0.25;21.35;21.35;5.39;2.81;19.60;1.57;0.00;0.00;2.58;-0.00
616.00;-9.68;-5.62;2.75;18.81;0.00;8.76;0.00;2.87;0.00;4.33;0.46;0.25;9.68;9.68;5.62;2.75;18.43;0.00;7.88;0.00;2.87;-0.00
617.00;-16.72;-5.76;2.89;19.15;0.00;2.04;0.00;2.87;0.00;6.30;0.46;0.25;16.72;16.72;5.76;2.89;18.77;0.00;1.84;0.00;2.87;-0.00
618.00;-25.16;-4.95;2.37;20.00;5.56;0.00;0.00;2.58;0.00;6.76;0.46;0.25;25.16;25.16;4.95;2.37;19.60;5.00;0.00;0.00;2.58;-0.00
619.00;-21.79;-5.22;2.46;20.00;2.19;0.00;0.00;2.76;0.00;5.22;0.47;0.25;21.79;21.79;5.22;2.46;19.60;1.97;0.00;0.00;2.76;-0.00
620.00;-13.45;-6.76;2.32;18.68;0.00;4.85;0.00;4.43;0.00;4.61;0.55;0.25;13.45;13.45;6.76;2.32;18.30;0.00;4.37;0.00;4.43;-0.00
621.00;-9.39;-8.62;2.99;18.40;0.00;8.64;0.00;5.63;0.00;5.70;0.62;0.25;9.39;9.39;8.62;2.99;18.03;0.00;7.78;0.00;5.63;-0.00
622.00;-19.28;-10.56;4.46;19.81;0.00;0.13;0.00;6.10;0.00;7.64;0.67;0.25;19.28;19.28;10.56;4.46;19.41;0.00;0.12;0.00;6.10;-0.00
623.00;-19.84;-8.47;4.35;20.00;0.24;0.00;0.00;4.12;0.00;7.67;0.55;0.25;19.84;19.84;8.47;4.35;19.60;0.22;0.00;0.00;4.12;-0.00
624.00;-16.39;-5.66;5.42;18.89;0.00;2.13;0.00;0.24;0.00;7.61;0.29;0.25;16.39;16.39;5.66;5.42;18.52;0.00;1.91;0.00;0.24;-0.00
625.00;-28.89;-4.96;4.50;20.00;9.29;0.00;0.00;0.45;0.00;8.08;0.32;0.25;28.89;28.89;4.96;4.50;19.60;8.36;0.00;0.00;0.45;-0.00
626.00;-35.14;-5.42;4.10;20.00;15.54;0.00;0.00;1.32;0.00;5.50;0.38;0.25;35.14;35.14;5.42;4.10;19.60;13.99;0.00;0.00;1.32;-0.00
627.00;-19.21;-6.23;4.09;19.78;0.00;0.17;0.00;2.15;0.00;1.18;0.43;0.25;19.21;19.21;6.23;4.09;19.38;0.00;0.16;0.00;2.15;-0.00
628.00;-10.56;-6.99;5.84;15.79;0.00;4.91;0.00;1.15;0.00;1.22;0.31;0.25;10.56;10.56;6.99;5.84;15.48;0.00;4.42;0.00;1.15;-0.00
629.00;-11.72;-7.63;5.87;15.65;0.00;3.62;0.00;1.76;0.00;2.33;0.34;0.25;11.72;11.72;7.63;5.87;15.34;0.00;3.26;0.00;1.76;-0.00
630.00;-11.85;-8.91;5.63;15.38;0.00;3.22;0.00;3.28;0.00;3.14;0.43;0.25;11.85;11.85;8.91;5.63;15.07;0.00;2.90;0.00;3.28;-0.00
631.00;-24.72;-10.62;7.30;20.00;5.12;0.00;0.00;3.33;0.00;3.87;0.50;0.25;24.72;24.72;10.62;7.30;19.60;4.60;0.00;0.00;3.33;-0.00
632.00;-30.64;-9.98;10.87;20.00;8.81;0.00;0.89;0.00;0.00;2.45;0.30;0.25;30.64;30.64;9.98;10.87;19.60;7.93;0.00;2.23;0.00;-0.00
633.00;-20.46;-7.76;11.42;11.54;0.00;0.00;3.66;0.00;0.00;0.00;0.17;0.25;20.46;20.46;7.76;11.42;11.31;0.00;0.00;9.14;0.00;-0.00
634.00;-14.90;-7.33;13.30;0.65;0.00;0.68;5.98;0.00;0.00;0.00;0.01;0.25;14.90;14.90;7.33;13.30;0.64;0.00;0.62;14.94;0.00;-0.00
635.00;-12.87;-7.18;15.93;0.21;0.00;9.21;8.75;0.00;0.00;0.15;0.00;0.25;12.87;12.87;7.18;15.93;0.21;0.00;8.29;21.88;0.00;-0.00
636.00;-10.91;-5.42;17.30;0.88;0.00;14.95;10.00;0.00;1.88;2.23;-0.05;0.25;10.91;10.91;5.42;17.30;0.86;0.00;13.45;25.00;0.00;-1.88
637.00;-11.55;-5.84;18.11;1.20;0.00;14.63;10.00;0.00;2.28;5.59;-0.05;0.25;11.55;11.55;5.84;18.11;1.17;0.00;13.17;25.00;0.00;-2.28
638.00;-23.82;-8.51;16.12;6.91;0.00;1.97;7.61;0.00;0.00;8.88;0.10;0.25;23.82;23.82;8.51;16.12;6.78;0.00;1.77;19.01;0.00;-0.00
639.00;-27.12;-8.33;26.43;5.51;0.00;3.28;10.00;0.00;8.11;9.33;-0.17;0.25;27.12;27.12;8.33;26.43;5.40;0.00;2.95;25.00;0.00;-8.11
640.00;-17.27;-6.04;21.35;3.98;0.00;11.64;10.00;0.00;5.31;10.06;-0.11;0.25;17.27;17.27;6.04;21.35;3.90;0.00;10.47;25.00;0.00;-5.31
641.00;-12.23;-7.16;12.88;4.90;0.00;6.87;5.72;0.00;0.00;12.68;0.07;0.25;12.23;12.23;7.16;12.88;4.80;0.00;6.19;14.31;0.00;-0.00
642.00;-12.78;-7.29;7.79;14.91;0.00;3.06;0.49;0.00;0.00;14.23;0.22;0.25;12.78;12.78;7.29;7.79;14.61;0.00;2.76;1.23;0.00;-0.00
643.00;-12.77;-5.29;5.99;16.96;0.00;5.59;0.70;0.00;0.00;14.92;0.25;0.25;12.77;12.77;5.29;5.99;16.62;0.00;5.03;1.74;0.00;-0.00
644.00;-11.18;-5.02;4.22;17.39;0.00;5.86;0.00;0.80;0.00;16.18;0.31;0.25;11.18;11.18;5.02;4.22;17.05;0.00;5.28;0.00;0.80;-0.00
645.00;-18.62;-5.25;2.71;19.51;0.00;0.50;0.00;2.54;0.00;17.50;0.45;0.25;18.62;18.62;5.25;2.71;19.12;0.00;0.45;0.00;2.54;-0.00
646.00;-27.14;-5.67;0.84;20.00;7.54;0.00;0.00;4.83;0.00;17.61;0.60;0.25;27.14;27.14;5.67;0.84;19.60;6.79;0.00;0.00;4.83;-0.00
647.00;-19.91;-6.05;1.91;20.00;0.31;0.00;0.00;4.14;0.00;15.51;0.55;0.25;19.91;19.91;6.05;1.91;19.60;0.28;0.00;0.00;4.14;-0.00
648.00;-15.12;-6.77;1.93;19.32;0.00;3.82;0.00;4.84;0.00;15.43;0.59;0.25;15.12;15.12;6.77;1.93;18.94;0.00;3.44;0.00;4.84;-0.00
649.00;-14.23;-5.83;2.20;19.28;0.00;4.66;0.00;3.64;0.00;16.29;0.51;0.25;14.23;14.23;5.83;2.20;18.90;0.00;4.20;0.00;3.64;-0.00
650.00;-19.32;-6.14;2.78;19.86;0.00;0.14;0.00;3.37;0.00;17.33;0.50;0.25;19.32;19.32;6.14;2.78;19.47;0.00;0.13;0.00;3.37;-0.00
651.00;-29.87;-8.75;2.73;20.00;10.27;0.00;0.00;6.02;0.00;17.37;0.67;0.25;29.87;29.87;8.75;2.73;19.60;9.24;0.00;0.00;6.02;-0.00
652.00;-24.60;-9.99;1.66;20.00;5.00;0.00;0.00;8.33;0.00;14.51;0.82;0.25;24.60;24.60;9.99;1.66;19.60;4.50;0.00;0.00;8.33;-0.00
653.00;-22.77;-11.26;1.39;20.00;3.17;0.00;0.00;9.87;0.00;13.12;0.91;0.25;22.77;22.77;11.26;1.39;19.60;2.86;0.00;0.00;9.87;-0.00
654.00;-20.10;-9.65;1.50;20.00;0.50;0.00;0.00;8.15;0.00;12.24;0.80;0.25;20.10;20.10;9.65;1.50;19.60;0.45;0.00;0.00;8.15;-0.00
655.00;-13.96;-7.40;1.22;19.48;0.00;5.13;0.00;6.18;0.00;12.10;0.67;0.25;13.96;13.96;7.40;1.22;19.09;0.00;4.62;0.00;6.18;-0.00
656.00;-24.67;-7.44;0.92;20.00;5.07;0.00;0.00;6.52;0.00;13.26;0.70;0.25;24.67;24.67;7.44;0.92;19.60;4.57;0.00;0.00;6.52;-0.00
657.00;-28.28;-8.41;0.73;20.00;8.68;0.00;0.00;7.68;0.00;11.85;0.78;0.25;28.28;28.28;8.41;0.73;19.60;7.81;0.00;0.00;7.68;-0.00
658.00;-20.65;-7.75;0.46;20.00;1.05;0.00;0.00;7.29;0.00;9.44;0.75;0.25;20.65;20.65;7.75;0.46;19.60;0.95;0.00;0.00;7.29;-0.00
659.00;-26.28;-8.05;0.20;20.00;6.68;0.00;0.00;7.85;0.00;9.15;0.79;0.25;26.28;26.28;8.05;0.20;19.60;6.01;0.00;0.00;7.85;-0.00
660.00;-23.40;-7.79;0.01;20.00;3.80;0.00;0.00;7.78;0.00;7.29;0.78;0.25;23.40;23.40;7.79;0.01;19.60;3.42;0.00;0.00;7.78;-0.00
661.00;-14.04;-5.76;0.00;19.49;0.00;5.07;0.00;5.76;0.00;6.23;0.65;0.25;14.04;14.04;5.76;0.00;19.10;0.00;4.56;0.00;5.76;-0.00
662.00;-24.73;-5.01;0.00;20.00;5.13;0.00;0.00;5.01;0.00;7.37;0.61;0.25;24.73;24.73;5.01;0.00;19.60;4.62;0.00;0.00;5.01;-0.00
663.00;-27.27;-5.08;0.00;20.00;7.67;0.00;0.00;5.08;0.00;5.95;0.61;0.25;27.27;27.27;5.08;0.00;19.60;6.90;0.00;0.00;5.08;-0.00
664.00;-16.36;-5.00;0.00;19.52;0.00;2.77;0.00;5.00;0.00;3.82;0.60;0.25;16.36;16.36;5.00;0.00;19.13;0.00;2.49;0.00;5.00;-0.00
665.00;-18.30;-5.15;0.00;19.59;0.00;0.89;0.00;5.15;0.00;4.44;0.61;0.25;18.30;18.30;5.15;0.00;19.20;0.00;0.80;0.00;5.15;-0.00
666.00;-28.00;-5.41;0.00;20.00;8.40;0.00;0.00;5.41;0.00;4.64;0.63;0.25;28.00;28.00;5.41;0.00;19.60;7.56;0.00;0.00;5.41;-0.00
667.00;-20.89;-5.22;0.00;20.00;1.29;0.00;0.00;5.22;0.00;2.31;0.62;0.25;20.89;20.89;5.22;0.00;19.60;1.16;0.00;0.00;5.22;-0.00
668.00;-11.20;-5.12;0.00;19.40;0.00;7.81;0.00;5.12;0.00;1.95;0.61;0.25;11.20;11.20;5.12;0.00;19.02;0.00;7.03;0.00;5.12;-0.00
669.00;-22.65;-5.13;0.00;20.00;3.05;0.00;0.00;5.13;0.00;3.71;0.62;0.25;22.65;22.65;5.13;0.00;19.60;2.74;0.00;0.00;5.13;-0.00
670.00;-28.40;-5.16;0.00;20.00;8.80;0.00;0.00;5.16;0.00;2.87;0.62;0.25;28.40;28.40;5.16;0.00;19.60;7.92;0.00;0.00;5.16;-0.00
671.00;-18.84;-4.84;0.00;19.59;0.00;0.36;0.00;4.84;0.00;0.42;0.59;0.25;18.84;18.84;4.84;0.00;19.20;0.00;0.33;0.00;4.84;-0.00