6,000000636;0;12,75840306;7,352657884;8,708073811
0;3,87;13,31026079;8,124192787;9,198111698
0;0;13,41614795;8,756898836;9,413304375
0;0;13,50517727;9,395099991;9,620793528
0;0;13,61384661;9,825815378;9,786986634
6,000000636;3,87;10,54305749;10,7391588;8,36182066
6,000000636;0;11,99995303;10,43674492;9,070699399
12,00000127;0;13,39755041;10,27315007;9,782353123
0;0;15,37529248;10,11166977;10,80692109
6,000000636;0;17,04151378;9,953994182;11,66469827
0;0;19,45165607;9,805533796;12,9253521
0;0;20,78229164;9,652606484;13,60361635
6,000000636;0;22,41450012;9,439306138;14,42917276
0;0;24,52079981;9,256646351;15,51766918
0;0;24,0703838;9,105357422;15,23731525
0;0;24,49680544;9,058673009;15,4552558
0;0;23,62022324;8,813853231;14,92204505
0;0;22,88183983;8,645801524;14,48244106
0;0;22,22470762;8,555156018;14,10593926
0;3,87;21,25129395;8,364350507;13,53409206
0;3,87;20,6026032;8,106917329;13,12043875
0;0;19,69831504;8,076134702;12,62581869
0;3,87;19,11719927;7,967412578;12,28572967
0;0;18,32276889;7,851349756;11,82894377
6,000000636;3,87;17,00267575;7,755675293;11,09420577
6,000000636;0;16,65698078;7,628911631;10,8763714
6,000000636;0;15,63334922;7,528560311;10,30009735
6,000000636;0;14,80287686;7,463969107;9,836772125
6,000000636;0;14,56296029;7,285148271;9,66288107
0;3,87;12,75840306;7,213017751;8,673163778
6,000000636;0;13,31026079;7,143805413;8,953014855
0;0;13,41614795;7,053270867;8,987397383
0;0;13,50517727;6,955005693;9,010769953
0;0;13,61384661;6,85795464;9,04502145
6,000000636;0;13,68325615;6,710078644;9,045426819
0;0;13,76987106;6,569341756;9,056881395
0;0;13,86473323;6,145389476;9,001972955
0;0;13,95056249;5,730683591;8,944512241
0;0;14,05477592;5,310179884;8,895501235
0;0;14,2124602;4,952593351;8,891011521
0;0;14,30195782;4,537072898;8,835322437
0;0;14,419426;4,028828135;8,771513342
0;3,87;14,41333583;3,698548532;8,685664119
0;3,87;14,50409927;3,2220859;8,615421081
0;3,87;14,72724752;2,952646888;8,668218078
12,00000127;0;14,44895996;2,41249644;8,383333317
12,00000127;0;14,22847853;1,747314438;8,098317047
12,00000127;3,87;14,04350895;1,606162997;7,963430183
0;0;13,85455045;1,375356391;7,803981648
6,000000636;0;13,61527972;0,839722723;7,541235144
0;0;13,41546344;0,267002718;7,290461764
6,000000636;0;13,1351172;0,482190545;7,193303053
0;0;13,04393099;0,64953779;7,186039598
0;0;12,83383021;0,833769635;7,118966366
0;3,87;12,64228906;7,352657884;8,645550887
0;0;12,25509285;8,124192787;8,629944347
6,000000636;0;12,08901641;8,756898836;8,698695083
0;0;12,02217022;9,395099991;8,82225127
0;0;11,68506788;9,825815378;8,748413474
0;0;11,61249884;10,7391588;8,937673689
0;0;12,41422492;10,43674492;9,293768876
0;0;13,39164948;10,27315007;9,779175696
0;0;14,22901786;10,11166977;10,18969629
0;0;14,97518554;9,953994182;10,55205999
0;3,87;16,05322752;9,805533796;11,09542904
12,00000127;3,87;16,72009164;9,652606484;11,41627789
12,00000127;0;17,52253147;9,439306138;11,79503579
6,000000636;3,87;18,47310724;9,256646351;12,26121933
6,000000636;0;19,59315198;9,105357422;12,82649812
0;0;20,61507514;9,058673009;13,36509333
6,000000636;0;21,31983169;8,813853231;13,68337268
0;3,87;21,94899439;8,645801524;13,98013967
0;0;22,82329164;8,555156018;14,42825373
6,000000636;0;24,53088941;8,364350507;15,30002808
0;0;24,67055896;8,106917329;15,31087646
0;0;24,85957688;8,076134702;15,40495969
0;0;24,77220464;7,967412578;15,33073256
0;0;24,70838782;7,851349756;15,26735396
0;3,87;24,61501491;7,755675293;15,19315762
0;0;24,54794933;7,628911631;15,12535447
0;0;24,47026099;7,528560311;15,05843446
0;0;24,36486011;7,463969107;14,98553233
0;0;24,30058974;7,285148271;14,90622
0;0;24,21433993;7,213017751;14,84174517
0;3,87;24,11822409;7,143805413;14,7726874
12,00000127;3,87;24,0581437;7,053270867;14,71770278
6,000000636;0;24,0033393;6,955005693;14,66362643
6,000000636;3,87;23,93785685;6,85795464;14,60410389
6,000000636;0;23,81513321;6,710078644;14,50105293
0;0;23,77805579;6,569341756;14,44590394
6,000000636;0;23,23099493;6,145389476;14,04534464
0;3,87;22,79273018;5,730683591;13,70567946
0;0;22,22002697;5,310179884;13,29217488
0;0;21,68431915;4,952593351;12,91432019
6,000000636;0;21,28138765;4,537072898;12,59347696
0;0;20,74390899;4,028828135;12,17700418
0;0;20,31332419;3,698548532;11,86258093
0;0;19,60095096;3,2220859;11,35987968
0;0;19,22322447;2,952646888;11,08912874
0;0;18,66169777;2,41249644;10,6517306
0;0;18,34699234;1,747314438;10,31597833
0;0;18,01400242;1,606162997;10,1013882
0;0;17,31367079;1,375356391;9,666584908
0;3,87;16,57280321;0,839722723;9,133747795
0;3,87;16,18714748;0,267002718;8,782907016
12,00000127;3,87;15,99714812;0,482190545;8,734396625
12,00000127;0;15,67172869;0,64953779;8,60100759
6,000000636;0;15,38109148;0,833769635;8,490568588
6,000000636;3,87;14,99819216;1,021355564;8,331288515
6,000000636;0;14,74778557;1,212823128;8,244321087
0;0;14,34164263;1,389091185;8,06969575
0;0;14,13737559;1,501197152;7,987732298
6,000000636;3,87;13,7036586;1,782538345;7,824527678
0;0;13,32498838;1,883234905;7,645802471
0;0;13,05490572;2,086016215;7,551068675
0;0;12,6912959;2,354552778;7,422412911
0;0;12,46121583;2,534848459;7,34359756
0;0;12,20307425;2,688557528;7,243025516
0;0;11,56850468;2,774133113;6,922728108
6,000000636;0;11,23554043;3,056143544;6,813942273
0;0;12,12659317;3,00624293;7,281264746
0;0;12,79136922;3,040833148;7,647868634
0;0;13,44078601;3,079106354;8,007122903
0;0;13,95513171;3,10847399;8,291420188
0;0;14,72231646;3,141679814;8,712821126
12,00000127;0;15,50079251;3,177094719;9,140854262
6,000000636;0;15,8819515;3,212531492;9,354952914
12,00000127;7,73;16,8343547;3,240158661;9,874692198
6,000000636;3,87;17,14287538;3,28997733;10,05327339
0;3,87;17,94915702;3,339178194;10,49972525
0;0;18,47233176;3,369980933;10,78913541
6,000000636;3,87;19,14484216;3,383128368;11,15454326
0;0;20,27802856;3,438278395;11,77850806
0;0;20,13874189;3,440625009;11,7040942
0;0;21,43160297;3,513972602;12,41858706
0;3,87;21,49019221;3,525028992;12,45289921
6,000000636;0;21,77515946;3,550231086;12,61264364
0;0;22,03284533;3,578871832;12,75855775
0;0;22,36401746;3,601319635;12,94249316
0;0;22,64940596;3,624579343;13,10197882
0;0;22,88495917;3,654851335;13,23638316
0;0;23,06521895;3,674536044;13,33836729
0;0;23,43775017;3,698309897;13,54490449
0;0;23,7879822;3,728604658;13,74106466
0;0;24,0019969;3,744289728;13,86022461
12,00000127;0;24,17488523;3,780122655;13,96227656
12,00000127;0;24,47835071;3,792664437;14,12881649
12,00000127;0;24,65723299;3,81846015;14,23158665
6,000000636;0;25,04147309;3,84816136;14,44591047
0;3,87;25,26680528;3,87351637;14,57358194
0;3,87;24,71753699;3,80391417;14,26042154
0;3,87;24,03985809;3,728726434;13,87672058
6,000000636;0;23,4516662;3,642512373;13,53844835
0;0;22,82164967;3,562183209;13,17912639
0;0;21,93466879;3,490015338;12,68347934
0;3,87;21,5468483;3,379603721;12,44705001
0;0;20,80340082;3,34267294;12,03749945
0;0;19,89064876;3,2200371;11,51535861
0;0;19,40444726;3,141547148;11,23393531
6,000000636;0;18,43997264;3,080048577;10,69922818
0;0;18,01040937;3,044199908;10,45896272
0;0;17,43860658;2,944189979;10,12606642
0;3,87;16,80399847;2,789044112;9,745567899
0;0;16,45808754;2,73712148;9,546327505
0;0;15,17007005;2,714445848;8,84711072
12,00000127;0;15,1127689;2,953687408;8,876066644
6,000000636;0;14,83854766;3,198840688;8,789697371
12,00000127;0;14,56904661;3,493220709;8,718176426
0;0;14,34262582;3,78905328;8,670215684
6,000000636;0;14,11529268;4,015891513;8,60451509
0;0;13,80663257;4,229498696;8,491715288
0;3,87;13,44129048;4,582600404;8,383268054
6,000000636;3,87;13,19618592;4,865571413;8,322031425
0;0;13,03051659;5,014062738;8,269947694
0;3,87;12,79811017;5,472721471;8,259470457
0;0;12,54562183;5,640089844;8,16535729
0;0;12,31536877;5,840688756;8,091524603
0;3,87;11,93402817;6,116454627;7,955128828
0;0;11,73036267;6,51467924;7,945018939
6,000000636;0;11,48308993;6,721284076;7,863523289
0;0;11,80851144;6,737900507;8,042904366
0;0;12,26826753;6,754159418;8,294530065
0;0;12,74807558;6,771824591;8,557304535
0;0;13,14462907;6,784995027;8,774125946
0;0;13,5337984;6,805435062;8,988788674
12,00000127;0;13,96114955;6,82612216;9,224072606
12,00000127;3,87;14,63021451;6,838278138;9,587377349
12,00000127;0;14,89761329;6,852943107;9,735027546
0;0;15,26004719;6,876559964;9,936088477
6,000000636;0;16,00956585;6,88276892;10,34122769
0;0;16,43926579;6,897726667;10,57634402
6,000000636;0;16,86213108;6,921142724;10,80989473
0;0;17,17868166;6,938238636;10,98461902
0;3,87;17,56843495;6,961289249;11,20024882
0;3,87;18,31927608;6,977489587;11,60859798
0;3,87;18,95686503;6,974510369;11,9511703
0;3,87;19,97281662;6,976400178;12,49869361
6,000000636;0;20,89278505;6,978325991;12,99454268
0;0;21,7823058;6,98046936;13,47405123
0;3,87;22,60991508;6,982500076;13,92019468
0;0;23,74515191;6,985152076;14,53213905
0;0;24,7500601;6,987194458;15,07375406
0;0;25,01219694;6,988298036;15,21518055
0;0;26,52783159;6,991279707;16,03203694
0;0;27,31639846;6,992758382;16,45701954
12,00000127;0;28,02926374;6,994749729;16,84136791
12,00000127;3,87;29,07097849;6,997494222;17,40297736
6,000000636;0;30,25227668;6,999435751;18,03954638
6,000000636;0;30,97858599;7,000798889;18,43097679
6,000000636;0;32,11428803;7,001205533;19,04261032
0;0;30,72580939;6,753331107;18,23299937
0;0;29,66402168;6,500617582;17,59808915
6,000000636;0;28,62689592;6,234632378;16,97314052
0;0;27,49483658;6,027766342;16,31185359
0;0;26,45416016;5,731149564;15,67733517
0;3,87;25,24481119;5,501433804;14,96871832
0;3,87;24,36490366;5,312969827;14,44780596
0;3,87;23,31111784;5,05500308;13,81589115
0;0;22,01530271;4,753661964;13,04280926
6,000000636;3,87;21,05170895;4,486827747;12,45724253
0;0;20,00414356;4,270159386;11,83900176
0;0;19,73021325;3,8624415;11,58957136
0;0;18,61164908;3,682925193;10,94238849
0;0;17,73114455;3,57259757;10,44068877
0;0;15,60177664;3,347902338;9,237932236
12,00000127;3,87;16,25250278;3,260376757;9,566441842
12,00000127;0;16,37279912;3,306890925;9,642845336
12,00000127;0;16,47854274;3,349620813;9,71046668
6,000000636;0;16,59107025;3,389932848;9,781136421
0;0;16,7614982;3,442643756;9,886083047
6,000000636;0;16,82922343;3,489738576;9,934324181
0;0;17,01021207;3,538316024;10,04392397
0;0;17,06850495;3,595676928;10,08965267
0;0;17,16791725;3,650624026;10,15691914
6,000000636;0;17,35443017;3,670728708;10,26237535
0;3,87;17,39884666;3,70671845;10,29528935
0;3,87;17,51064723;3,796232918;10,37786827
0;3,87;17,72410263;3,826030344;10,50025516
0;0;17,73000112;3,88974185;10,51935914
0;3,87;17,87186373;3,917348083;10,60264826
0;0;17,70676509;4,112266088;10,56247849
0;0;17,4780238;4,305947051;10,48773035
0;0;17,22245942;4,483553493;10,39452037
0;0;16,99861211;4,720982036;10,33334434
0;3,87;16,77142785;4,93818184;10,2653143
12,00000127;0;16,53033716;5,13479728;10,1846501
12,00000127;0;16,38944691;5,25594176;10,13907224
12,00000127;0;16,10436989;5,46319892;10,03738352
6,000000636;0;15,83550505;5,766847498;9,968522284
0;0;15,70743963;5,921071902;9,938120086
6,000000636;0;15,43880253;6,097698116;9,837625891
0;0;15,12332475;6,273559524;9,71171859
0;0;15,0659667;6,444007102;9,723445384
6,000000636;0;14,83689012;6,853662978;9,702510424
0;0;14,49525807;6,898135489;9,529672835
0;3,87;14,67544047;6,931186751;9,634956942
0;3,87;14,90504043;6,933628231;9,759198061
0;3,87;15,12888223;6,9356174;9,880225553
0;0;15,35783543;6,938329751;10,00418613
0;3,87;15,61615778;6,940501347;10,14382568
0;0;15,84262008;6,943326018;10,26647308
0;0;16,11507612;6,944745942;10,41353517
0;3,87;16,27543145;6,947575898;10,50058783
0;0;16,582113;6,95017036;10,66637267
6,000000636;0;16,7958039;6,951341716;10,78172984
12,00000127;0;17,00459741;6,954641538;10,89498207
12,00000127;0;17,31943576;6,957763458;11,06529089
6,000000636;0;17,43062859;6,958211578;11,12527598
6,000000636;0;17,70792716;6,96231744;11,27561706
6,000000636;3,87;18,00758861;6,965159764;11,43768381
0;0;17,5077595;6,980967462;11,17249698
0;0;17,06475374;6,996212164;10,93776659
6,000000636;0;16,74662802;7,014107142;10,77094187
0;0;16,3255825;7,034986916;10,549445
0;0;15,9123202;7,045715253;10,32960123
0;3,87;15,48925754;7,068464684;10,10748561
0;3,87;15,15599326;7,080967284;9,931161269
0;7,73;14,73005539;7,096600524;9,705718417
0;0;14,36622655;7,117168689;9,514952622
0;3,87;14,05508476;7,131879991;9,351092562
6,000000636;0;13,67192444;7,158231378;9,151363313
0;0;12,91246502;7,164432382;8,743973876
0;3,87;12,89883666;7,175751476;8,739465301
0;0;12,01129635;7,195422382;8,266476705
0;0;12,01896185;7,209425853;8,274105154
6,000000636;0;12,59034834;7,422022907;8,634924062
12,00000127;0;13,33332077;7,618615156;9,084134203
6,000000636;0;14,12397744;7,820597067;9,560367886
6,000000636;0;14,78140395;8,021778516;9,964662138
0;3,87;15,66980344;8,21113156;10,49036936
6,000000636;0;16,32322139;8,378730444;10,88410951
0;0;17,20752942;8,546056338;11,40210685
0;0;17,73390127;8,851802071;11,76197428
6,000000636;0;18,84984347;8,964178307;12,39096029
0;0;19,61144322;9,214265933;12,86357437
0;3,87;20,10177845;9,385606449;13,17043616
0;0;20,82581372;9,627579093;13,62079447
0;3,87;21,24266064;9,726297791;13,86993018
0;0;22,41637821;9,925741444;14,55179286
0;3,87;23,30573402;10,23966754;15,10915828
0;0;23,0322994;10,51138983;15,02985482
0;0;23,01591377;10,79643355;15,09229272
0;0;22,9974064;11,15688659;15,17244048
0;0;22,98376547;11,48744429;15,24773479
6,000000636;3,87;22,96855812;11,80358388;15,31858111
6,000000636;0;22,95114826;12,11161729;15,38621492
6,000000636;0;22,92590437;12,32482045;15,42592285
12,00000127;0;22,90903491;12,80335647;15,5364733
6,000000636;0;22,90079193;13,10267944;15,60686551
0;0;22,88448657;13,42559418;15,67881439
6,000000636;0;22,85843055;13,72735918;15,74022548
0;11,6;22,846673;13,93542381;15,78591064
0;15,46;22,81780233;14,40194873;15,88699613
0;11,6;22,81094477;14,76072654;15,97299805
6,000000636;11,6;22,79576522;14,66212585;15,94017428
0;11,6;22,45343247;14,61922543;15,74511615
0;11,6;22,10329706;14,36628329;15,49334616
0;11,6;21,74738565;14,09672634;15,23431232
0;7,73;21,44126622;13,79267061;14,99346485
0;7,73;20,95556524;13,53729136;14,66808874
0;7,73;20,70179675;13,2472926;14,45894447
0;0;20,26381686;13,08948833;14,18365808
0;0;19,89859047;12,84693734;13,92635997
0;0;19,72175612;12,58291135;13,76513498
0;3,87;19,23678899;12,32179277;13,43871919
12,00000127;0;19,02906231;12,00470874;13,24759535
12,00000127;0;18,74312938;11,82501952;13,04870916
6,000000636;0;18,2766215;11,35623904;12,68031749
6,000000636;0;18,0958063;11,17420312;12,53744648
6,000000636;0;17,73814498;10,8641939;12,26735731
0;3,87;18,1109478;10,43983416;12,36200736
6,000000636;0;18,65236791;9,908509031;12,52070998
0;0;19,1800385;9,388991018;12,6749608
0;0;19,95230652;8,735473422;12,92741802
0;0;20,48526978;8,183255302;13,0763437
0;0;21,15791786;7,696116476;13,31675412
6,000000636;0;21,74964536;7,28605172;13,53286043
0;0;22,1308167;6,698436769;13,5912028
0;0;22,97319455;5,990634769;13,86784037
0;0;23,50008659;5,281514342;13,97427136
0;0;23,75200154;4,727387636;13,9713862
0;0;24,76187721;4,044907781;14,34454544
0;0;24,73632049;3,567459531;14,21142207
0;0;25,29335777;3,261779893;14,43494531
0;0;25,74688851;2,801996119;14,56420823
17,99999878;7,73;25,12509881;2,802345553;14,22948575
12,00000127;11,6;24,05743445;2,943412905;13,68985639
17,99999878;7,73;23,07708845;3,064452659;13,19223771
6,000000636;0;21,78897297;3,190183213;12,53006971
6,000000636;0;20,55960798;3,363212311;11,91136122
0;3,87;19,84539345;3,476248716;11,55504327
0;0;18,43879692;3,635441176;10,83744325
0;0;17,43412781;3,706352735;10,31419547
0;0;16,88449444;3,875780638;10,06059601
0;0;15,19162373;4,025347339;9,186441921
0;0;13,90540261;4,204714535;8,538703115
0;3,87;13,92718591;4,353072532;8,587522082
0;0;12,76450914;4,395086915;7,971968956
0;0;11,32879531;4,531530373;7,233003145
0;0;9,390709161;4,609805613;6,208987106
0;0;10,21336069;5,428891222;6,856724717
0;0;10,34322179;6,103905227;7,095403426
0;0;10,48534443;6,952156404;7,383993795
0;0;10,623319;7,56856504;7,612389951
6,000000636;0;10,80130094;8,310191311;7,893632948
23,99999942;0;10,93261021;8,915454391;8,11565371
17,99999878;0;11,06213556;9,561483653;8,346905445
12,00000127;0;11,19906104;10,67469767;8,698938055
6,000000636;0;11,33969825;11,43411359;8,964519765
6,000000636;0;11,58421256;11,93727303;9,221971175
0;0;11,69594757;12,97324631;9,5411295
6,000000636;7,73;11,84316216;13,52832205;9,759167829
0;11,6;11,99867202;13,84390526;9,921799711
0;3,87;12,04892586;14,39486932;10,08660049
0;3,87;12,28991573;15,19686036;10,41686202
0;0;12,18960163;16,68651073;10,73525933
0;3,87;12,1267817;17,86423372;10,99586396
0;0;12,04926852;19,0097036;11,24049356
6,000000636;0;11,97161926;19,86973849;11,41369115
0;0;11,92113853;21,29492628;11,74280616
0;0;11,83883736;22,01534171;11,87859401
0;0;11,77314342;23,51164396;12,21729591
0;3,87;11,68356802;24,07672446;12,31033312
0;0;11,66081568;25,45010401;12,64142675
0;0;11,54588085;27,01120827;12,96981483
12,00000127;0;11,48848249;27,80444476;13,13721715
12,00000127;0;11,42864239;29,46786874;13,52085155
12,00000127;0;11,3273274;29,71658485;13,52847635
6,000000636;0;11,29293051;31,20733632;13,88264281
6,000000636;0;11,22783602;31,67844051;13,96536798
6,000000636;0;12,41784186;30,65730866;14,3508574
0;3,87;13,55989603;28,93398423;14,53497853
0;3,87;14,65666802;27,60973876;14,7944867
0;0;15,74569005;25,73154875;14,91133568
6,000000636;3,87;16,99325188;24,27997781;15,220207
0;0;18,61523881;23,31936223;15,85343069
0;0;19,91591245;21,35006546;16,06146922
0;0;20,68635805;19,55829809;16,0283827
0;3,87;21,50829153;18,36230181;16,1719632
0;0;23,08741922;17,21108142;16,73445763
0;0;24,90355016;15,01807288;17,16412215
0;0;25,81943825;12,733954;17,08626294
0;0;27,35035952;11,09230396;17,50019265
0;0;28,53169016;9,402641516;17,71387816
0;0;28,53513342;8,133099813;17,39834679
12,00000127;0;28,65655412;8,843145964;17,64123871
6,000000636;0;28,28655828;8,767992973;17,42322193
12,00000127;0;27,95811744;8,694482293;17,2279915
6,000000636;0;27,51925076;8,623787542;16,97400498
6,000000636;0;27,22163873;8,572105964;16,80083196
0;7,73;26,84309484;8,507133302;16,58075747
6,000000636;3,87;26,54640954;8,417771244;16,39866333
0;3,87;26,03978238;8,370325649;16,11400269
0;3,87;25,84294295;8,280175493;15,98547469
0;3,87;25,28728835;8,218550862;15,67086991
0;0;25,12540282;8,143634462;15,56497167
0;0;24,61103244;8,020964;15,25733539
6,000000636;3,87;24,37104497;7,9580804;15,11239047
0;0;23,8236968;7,876657524;14,79730881
0;0;23,78237908;7,876345951;14,77498292
0;0;23,54056735;10,30211443;15,25121872
0;0;23,50648834;13,15635911;15,94642965
0;0;23,47069966;15,69920064;16,56286921
0;0;23,43546564;18,22032087;17,1741771
0;3,87;23,4038288;20,32331359;17,68289006
12,00000127;0;23,36034614;23,31163516;18,40655671
12,00000127;0;23,31756315;25,02679137;18,81230877
12,00000127;0;23,29561079;28,25156032;19,60668051
6,000000636;0;23,24898399;30,24635246;20,0802718
6,000000636;0;23,21300697;33,08671127;20,77098926
0;3,87;23,16924233;37,33307671;21,80901505
0;3,87;23,16540153;39,73511554;22,40745663
6,000000636;3,87;23,12595575;40,42135108;22,55777548
0;3,87;23,07014987;43,35902726;23,2621452
0;0;23,03441495;47,26781022;24,22009906
0;3,87;22,33766323;45,30248956;23,3535949
0;0;21,68053653;44,39638323;22,77323086
0;0;20,98897151;43,34506913;22,13802117
0;0;20,36875668;42,40142522;21,56814837
6,000000636;0;19,70627568;41,0787121;20,88074954
6,000000636;3,87;18,93347672;39,91487498;20,17366775
17,99999878;0;18,28307389;39,2735479;19,66311907
12,00000127;0;17,62446564;37,9155824;18,96899248
6,000000636;0;16,84223392;37,37564431;18,41280626
6,000000636;0;16,57189682;36,1320676;17,95634596
12,00000127;0;15,81101755;34,58264959;17,15928723
6,000000636;0;14,55116356;33,68553341;16,25662527
6,000000636;0;14,14828599;32,62977557;15,77575174
6,000000636;0;14,00319275;31,34299248;15,37592883
0;0;13,07374583;31,13859797;14,82435879
6,000000636;3,87;12,56051915;29,16850523;14,05548277
0;3,87;12,20982287;27,63240169;13,48262043
0;3,87;11,89086674;25,7238314;12,83373225
0;0;11,58884458;24,13197778;12,27314153
6,000000636;0;11,26214391;22,42421071;11,67028401
0;3,87;11,01345671;20,83188644;11,13829445
0;0;10,65998139;19,10189575;10,51546392
0;0;10,31928894;17,93342063;10,03989536
0;0;9,909078089;16,72450414;9,516783468
0;0;9,637452473;15,11135886;8,967237201
0;0;9,377266572;12,36520311;8,140598161
0;3,87;8,918732954;12,22152235;7,857775254
0;0;8,743239139;9,586315147;7,104476784
0;0;8,519302001;7,316692773;6,416489656
0;0;7,990415957;5,333284213;5,635852722
6,000000636;0;9,66384957;7,8754666;7,172477957
6,000000636;0;11,04981504;9,210258222;8,252464961
6,000000636;0;12,4630733;10,79946105;9,410750888
6,000000636;0;13,91970393;12,06699464;10,51197386
0;0;15,20743133;13,5517742;11,57656042
0;0;17,49222742;15,56743284;13,3107499
0;0;18,86932944;16,26588439;14,22687926
6,000000636;3,87;20,12206603;18,3834628;15,43082433
0;3,87;21,3900384;19,30741815;16,34456752
0;3,87;23,26040869;20,93158424;17,75773151
0;0;25,33679481;21,78398748;19,08888639
0;3,87;26,40211166;23,11017663;19,99406582
0;0;26,7404108;26,01573935;20,90261758
0;0;28,89530516;25,91246608;22,03712699
0;0;30,93053419;29,07536042;23,92374313
0;3,87;29,62384359;27,79517673;22,90009458
0;0;28,64420499;27,34583936;22,26026253
0;0;27,79416118;26,91063808;21,69374631
0;0;26,78598659;26,52470185;21,05439901
0;0;26,08302513;25,93983044;20,52966345
12,00000127;0;25,26684778;25,58017608;20,00026975
0;0;24,02832316;25,04623703;19,19988711
6,000000636;0;23,72441085;24,54294871;18,91041994
0;0;22,77297983;24,119045;18,292135
6,000000636;0;21,19290075;23,74715675;17,34835113
0;0;20,50180104;23,13635578;16,82352027
0;0;20,02860489;23,06982805;16,55209041
0;3,87;18,55275546;22,66683136;15,65665309
6,000000636;3,87;17,65900283;21,98286422;15,00440988
0;3,87;16,60660246;21,73165077;14,3749294
0;0;17,43084844;20,71752544;14,56522283
0;0;17,70813139;20,06503265;14,55140583
0;3,87;17,9438402;19,33077201;14,4947608
0;0;18,29530385;18,5130028;14,47956816
0;0;18,54049726;17,83849399;14,44296818
0;0;18,7577717;16,78328872;14,29616079
0;0;19,1583929;16,30585025;14,39252028
0;0;19,2464069;15,49317505;14,23674363
0;3,87;19,50187195;14,89459348;14,22465634
0;0;19,78128222;13,92996059;14,1339498
12,00000127;0;20,17373821;13,22027196;14,1678501
6,000000636;0;20,56706937;12,05523374;14,08838425
0;0;20,68178051;11,57925135;14,03115619
6,000000636;0;21,01432071;10,62193137;13,9708863
0;0;21,3052903;10,69998905;14,14707665
0;0;21,45181428;10,45266308;14,16414269
6,000000636;0;21,65105388;10,65332406;14,32159079
0;3,87;21,84197965;10,89919202;14,48586397
0;3,87;22,02572716;11,13182431;14,64296301
0;0;22,20258058;11,35061107;14,79288846
0;3,87;22,39061023;11,49197393;14,92947591
6,000000636;0;22,59938965;11,79580058;15,11785226
0;0;22,78990031;11,95398824;15,25998184
0;3,87;23,09816157;12,17695218;15,48170966
0;0;23,15548703;12,47554376;15,58722511
0;0;23,41351692;12,55031056;15,74485598
0;0;23,52456223;12,79899116;15,86681976
0;0;23,9090296;13,06572555;16,14052425
0;0;24,11481612;13,32891782;16,31713044
0;0;24,08629651;13,45782766;16,33400119
6,000000636;3,87;23,9825797;13,26954295;16,2310825
6,000000636;0;23,80731898;13,02418159;16,075371
6,000000636;0;23,5715341;12,72962156;15,87476991
6,000000636;0;23,35181399;12,49184588;15,69701516
6,000000636;0;23,19134372;12,29548861;15,56151877
0;0;23,00822024;11,97917061;15,38383432
0;0;22,82991451;11,83029942;15,25060575
6,000000636;0;22,51613581;11,43727847;14,98339275
0;3,87;22,34068185;11,3548078;14,86829987
0;3,87;22,11060267;11,01713794;14,65999362
0;0;21,99621684;10,6864838;14,51573771
0;3,87;21,83893571;10,62120538;14,41472827
0;0;21,68859616;10,24935878;14,24081455
0;0;21,4745018;10,09002395;14,08569926
0;0;21,20635503;9,689579271;13,84120137
0;0;20,61945874;9,560733676;13,4929689
0;3,87;20,06190673;9,393889004;13,15103741
0;0;19,53523635;9,20546868;12,82034059
0;0;18,87520439;9,091865596;12,43653799
6,000000636;0;18,51768096;8,878369649;12,19065139
6,000000636;0;17,78715545;8,749313693;11,76502751
6,000000636;0;17,45608624;8,524870756;11,53064874
6,000000636;0;16,65351803;8,423815676;11,07323286
6,000000636;0;16,2102468;8,247337693;10,79042886
0;0;15,71127739;7,990686813;10,4575903
6,000000636;0;15,23328995;7,838732133;10,16222378
0;0;14,68702553;7,6566778;9,822567812
0;0;14,14018865;7,475513351;9,482826071
6,000000636;0;13,69736266;7,488968698;9,247745147
0;3,87;12,57856521;7,275148324;8,591860655
0;3,87;12,67720198;7,405889858;8,677658144
0;3,87;12,39806826;7,571395587;8,568731804
0;3,87;12,14065649;7,74867308;8,474444839
0;0;11,87644391;7,878633982;8,364666753
0;0;11,49318004;8,04707328;8,200403727
0;0;11,2881319;8,199107044;8,128001631
0;3,87;10,99062845;8,337292724;8,002353885
0;0;10,79672692;8,580445973;7,958733683
0;0;10,32521777;8,689835556;7,732191533
0;0;10,19379916;8,809101124;7,691244058
6,000000636;0;9,719505015;9,012276191;7,486648671
6,000000636;0;9,714230489;9,139733996;7,515672993
6,000000636;0;9,238419274;9,289344796;7,296869654
6,000000636;3,87;8,972388263;9,564780324;7,222481069
0;0;8,642845205;9,590013444;7,051343087
6,000000636;0;9,813750526;9,979939458;7,779312071
0;0;10,84658768;10,20846968;8,392587709
0;0;11,99585432;10,48982609;9,081762695
6,000000636;0;13,37827395;10,71598218;9,882681519
0;3,87;14,47081316;11,00097934;10,54222115
0;3,87;15,30770991;11,32779937;11,07456287
0;0;16,72453987;11,55965507;11,89543524
0;3,87;17,71685076;11,88742028;12,51169778
0;0;18,28747914;12,02684951;12,85381653
0;0;19,80883017;12,28837315;13,73838646
0;0;20,43120728;12,65118258;14,16421495
0;3,87;22,50880441;12,95678765;15,35932236
0;0;23,94407589;13,1485968;16,18011314
0;0;24,66041383;13,23175969;16,58662429
0;0;25,94988197;13,54112937;17,35829571
6,000000636;0;24,96551709;13,46357157;16,80886364
6,000000636;0;24,48207914;13,31694379;16,51189395
6,000000636;3,87;23,91195508;13,14829257;16,16274126
6,000000636;0;23,39965288;13,01770366;15,854239
0;0;22,94347797;12,81900805;15,55893246
0;0;22,44314929;12,67064198;15,25243319
6,000000636;0;22,03273362;12,53954785;14,9986666
0;0;21,38107435;12,35498941;14,60163354
0;0;21,0265874;12,27587634;14,39097769
0;3,87;20,24948309;12,07920128;13,92336814
0;3,87;19,74515869;11,92468302;13,61317928
0;0;19,23056114;11,83176871;13,31285971
0;3,87;18,68860115;11,62804096;12,97010317
0;0;18,22299529;11,57615486;12,70642079
0;0;17,52509715;11,27400389;12,25509175
0;0;16,81817912;11,66184704;11,97140436
0;3,87;15,84189901;11,96792423;11,52223437
0;0;14,66294928;12,22616752;10,95197611
0;0;13,94662413;12,6300158;10,66722464
6,000000636;0;12,93500857;12,8162365;10,16906374
6,000000636;0;11,98952178;13,14652972;9,742528773
6,000000636;0;10,55686032;13,47453643;9,053097356
6,000000636;0;10,11510831;13,78870372;8,893772712
0;3,87;8,767753048;14,02561324;8,227501104
6,000000636;0;7,652846514;14,56349221;7,761636561
0;0;6,894278158;14,60942564;7,364660033
0;0;5,509554815;15,13876142;6,751373717
0;0;4,262865705;15,40896019;6,147629274
6,000000636;0;3,157992192;15,57774955;5,594894722
0;3,87;2,033542772;15,79197351;5,042977946
0;3,87;4,523282974;15,48879265;6,307812071
0;0;6,020272486;15,01985378;6,996648629
0;3,87;7,691014387;14,63761307;7,800718707
0;0;9,925762973;14,14924901;8,881953854
0;0;11,35764628;13,67803256;9,535163826
0;0;13,08409582;13,14374757;10,33121926
0;3,87;14,67596912;12,6283453;11,05953124
0;0;17,23146185;12,11485238;12,30719255
0;0;18,69111095;11,73648273;12,99856504
0;0;20,85907082;11,31256168;14,05994778
6,000000636;0;21,89346336;10,73591429;14,47276654
6,000000636;0;22,57497477;10,51630012;14,78483068
12,00000127;0;26,03429902;9,750449236;16,45608101
0;3,87;26,5313579;9,342835924;16,62182477
6,000000636;0;29,74427876;8,786641284;18,21281042
0;0;28,32141916;9,078923898;17,51972591
6,000000636;0;27,88414148;9,088373133;17,286631
0;0;27,44554417;9,100755218;17,05355874
0;0;26,928033;9,110213289;16,7772634
0;3,87;26,57614811;9,121282844;16,59055431
0;7,73;26,16352319;9,130743316;16,37073678
0;7,73;25,78528757;9,144045591;16,17039701
0;7,73;25,3263706;9,148007076;15,92427824
0;0;24,71480776;9,162921738;15,59870384
0;0;24,11595055;9,16782852;15,27746896
0;0;23,71467112;9,176750804;15,063626
0;0;23,28970084;9,193391191;14,83895594
0;3,87;22,99604604;9,202677018;14,68315558
0;0;22,21411976;9,216146702;14,26548577
6,000000636;0;21,88086192;9,215645951;14,08591406
6,000000636;0;22,02037832;9,402237316;14,20768612
6,000000636;0;21,98657355;9,602164844;14,23946543
6,000000636;0;21,95664018;9,80212696;14,27333799
6,000000636;0;21,92407638;9,951922436;14,2932525
0;0;21,88393928;10,16729688;14,32548383
6,000000636;0;21,85845166;10,36052108;14,36006578
0;0;21,82356243;10,55431085;14,38972671
0;0;21,7821762;10,659595;14,39376286
0;0;21,76007966;10,87809482;14,43648968
6,000000636;0;21,72445321;11,04488439;14,4590036
0;0;21,70658941;11,29936064;14,51300369
0;0;21,64759209;11,53501544;14,5401496
0;0;21,61838979;11,77241062;14,58377408
0;0;21,60787622;11,73473769;14,5686947
0;0;21,57164229;12,13832338;14,65008054
6,000000636;0;20,55912755;12,29918599;14,14509595
12,00000127;3,87;19,61718921;12,53318516;13,69639817
12,00000127;3,87;18,59494332;12,76913128;13,20494461
0;3,87;17,66198029;12,98116746;12,75558894
0;0;16,72233069;13,22627543;12,31090077
6,000000636;0;15,36667878;13,53565992;11,65828048
6,000000636;0;14,21635372;13,76983572;11,09741863
6,000000636;3,87;13,50020099;14,03114632;10,77712557
6,000000636;0;12,61359783;14,23143456;10,34979594
0;0;11,59835532;14,55753255;9,884651385
12,00000127;0;10,12116449;14,71840505;9,129459065
0;0;9,716066639;15,08970056;9,004153329
6,000000636;0;8,218567678;15,0826174;8,196036946
6,000000636;0;7,666489803;15,50838959;8,00520729
0;3,87;5,623111161;15,81902386;6,982585052
0;0;6,675570643;16,05465786;7,608202503
0;0;7,086671482;16,41848643;7,920521635
0;0;7,498700598;16,80982301;8,240217614
6,000000636;0;7,89489916;17,13062054;8,533754682
0;0;8,20652576;17,53278567;8,802094904
0;0;8,508589081;17,85396345;9,045038829
0;0;8,862201829;18,28530125;9,343280143
0;0;9,329023712;18,52930281;9,655646164
0;0;9,768425129;18,77040126;9,952521538
0;3,87;10,29505375;19,40771023;10,39541804
0;0;10,70071303;19,57840244;10,65652301
0;3,87;11,05129763;19,97648379;10,94481967
0;0;11,12774768;20,40812987;11,0938966
0;3,87;11,61274078;20,45366364;11,36643018
0;0;12,29267269;20,94490427;11,85535752
0;0;12,94990623;20,15893511;12,01276021
0;0;13,83039039;19,42106066;12,30239845
0;3,87;14,67385861;18,60456011;12,55244851
0;0;15,66725472;17,72170615;12,86664062
0;0;16,37367301;16,85937914;13,03143794
6,000000636;0;17,63648548;15,81023359;13,4491275
6,000000636;0;18,43365539;15,29106761;13,74858135
6,000000636;0;19,42944436;14,32391673;14,04298768
0;0;20,08158471;13,26674883;14,1298482
6,000000636;0;21,38988233;12,2895041;14,59000497
0;0;22,2057301;11,67916057;14,87672174
0;0;22,34761699;10,45729779;14,64765667
0;0;24,15908831;9,570431938;15,40134784
6,000000636;0;24,78065933;9,043240942;15,60424218
0;0;25,17943219;7,816525902;15,51228727
0;0;24,71745449;8,558067307;15,4489154
0;0;23,98513061;8,755342422;15,10390594
0;3,87;23,31450333;9,005706338;14,80538991
0;3,87;22,63979957;9,219430644;14,49551897
0;3,87;22,0839611;9,384054662;14,23737733
0;0;21,06450274;9,646720364;13,75410464
0;0;20,41894603;9,797400093;13,44416712
0;3,87;19,64795436;9,976822329;13,07387331
0;0;19,06703545;10,29303403;12,84012375
0;0;18,62396726;10,48745063;12,65015272
0;0;17,61479062;10,69501416;12,1586408
6,000000636;0;17,28361605;10,8178305;12,01102012
17,99999878;0;16,29778509;11,03605045;11,53474305
17,99999878;3,87;15,90648351;11,39703845;11,4142892
6,000000636;0;14,99275552;11,54816327;10,96006302
0;0;15,19261545;11,30043881;11,00574879
0;0;15,37360184;11,08064202;11,04825381
0;0;15,53645656;10,86549414;11,08215783
0;0;15,69420789;10,62199725;11,10622664
0;0;15,8525765;10,3906848;11,13367393
0;0;16,02957464;10,23155436;11,18919801
0;0;16,30131988;10,00180151;11,27808416
0;0;16,44083092;9,722593782;11,28340356
0;0;16,62227718;9,491589187;11,32335424
0;0;16,69056904;9,273228409;11,30553659
0;7,73;16,89888289;9,144348742;11,38548566
0;7,73;17,04206896;8,919221382;11,40630402
0;7,73;17,22972834;8,628494964;11,43466977
0;3,87;17,38311569;8,316613076;11,43929249
0;3,87;17,56370708;8,058427596;11,47198764
6,000000636;0;19,01053149;8,152494236;12,27456359
6,000000636;0;20,41602518;8,152015898;13,0312483
6,000000636;3,87;21,69693368;8,151478729;13,72083397
6,000000636;0;23,43952106;8,151063973;14,65904657
6,000000636;0;25,02580809;8,150643071;15,51309589
0;0;25,88665671;8,150202507;15,97651962
6,000000636;0;27,63201875;8,149733564;16,91621272
0;3,87;28,87094011;8,149185271;17,58318715
0;0;29,93900476;8,148655702;18,15816649
6,000000636;0;31,33335654;8,14800916;18,90880966
0;0;32,6916743;8,147826871;19,64016596
0;0;35,31178755;8,147378684;21,05088412
0;0;35,97722064;8,14670256;21,40902522
0;0;37,98993072;8,14648596;22,49273803
0;0;38,1483705;8,146056911;22,5779445
0;3,87;38,36834939;8,120738356;22,69006503
0;3,87;37,86439386;8,09301908;22,41177454
0;3,87;37,43799812;8,070681338;22,1765924
0;3,87;36,88865;8,039797693;21,87306866
0;7,73;36,59385179;8,013295093;21,70770551
0;7,73;35,93521404;7,994412582;21,34833378
6,000000636;3,87;35,6377725;7,963214716;21,18037349
12,00000127;0;35,15986537;7,929214156;20,91453874
6,000000636;0;34,7392244;7,906874818;20,68245492
0;0;34,38529043;7,884791991;20,48635438
6,000000636;0;33,60268871;7,855202311;20,05755604
0;0;33,47878734;7,832920693;19,98526951
6,000000636;0;32,64521282;7,817997831;19,53269098
0;0;32,44497366;7,76652508;19,4120017
0;0;31,97951854;7,739994218;19,15473931
0;0;30,3501493;7,866052049;18,3089011
0;0;28,80722134;7,982714462;17,50725933
0;0;27,44967491;8,097967916;16,80508616
0;0;25,54187315;8,21508396;15,8070873
0;0;24,26617661;8,309608667;15,14380496
0;0;22,41862836;8,459422356;14,1864247
6,000000636;0;21,09141834;8,570718382;13,49959716
0;0;19,30480586;8,69086088;12,56761068
0;0;17,39851228;8,746465684;11,55504611
0;0;16,13265915;8,841871876;10,89728444
0;0;14,99755714;9,043598031;10,3365072
6,000000636;0;13,15924671;9,17111504;9,378526991
6,000000636;0;10,6559034;9,252774858;8,050987852
6,000000636;0;9,096142271;9,286511129;7,219550544
0;0;7,481276808;9,442287253;6,388951633
6,000000636;0;8,660935151;9,440610747;7,023733152
0;0;8,935005046;9,408964164;7,163397604
0;0;9,154659892;9,378602609;7,274082902
6,000000636;0;9,521280418;9,353620813;7,465248505
0;0;9,734582953;9,315943484;7,570684384
0;0;10,01711744;9,295674031;7,717750977
0;0;10,20829103;9,255777711;7,810716523
0;0;10,62232345;9,227293947;8,026536113
0;0;10,88667362;9,190898564;8,159779665
0;0;11,11869465;9,166696529;8,278663559
6,000000636;0;11,4527778;9,149762151;8,454320889
0;0;11,71395904;9,10517808;8,583810925
12,00000127;0;11,96521321;9,073559036;8,711196873
12,00000127;0;12,03912231;9,062549431;8,748241681
12,00000127;0;12,42157143;9,006298951;8,9401132
0;0;12,37784841;9,026993124;8,921743579
6,000000636;0;12,27836641;9,045115431;8,872706923
6,000000636;3,87;12,1896167;9,062812911;8,829342987
6,000000636;3,87;12,08982078;9,075876822;8,778872701
6,000000636;3,87;11,99125404;9,092429849;8,729936563
6,000000636;3,87;11,90656012;9,1067516;8,68791258
6,000000636;7,73;11,78389754;9,130178102;8,627720123
0;7,73;11,70790268;9,147145658;8,591041703
6,000000636;7,73;11,59002057;9,162759111;8,531470085
0;0;11,53932265;9,175575289;8,507375249
0;0;11,38920301;9,196747422;8,431834632
6,000000636;0;11,36397201;9,21139536;8,421910689
0;0;11,28423994;9,231012524;8,383882329
0;0;11,19679872;9,253134413;8,342329069
0;0;11,09591519;9,256922022;8,288954067
0;0;11,14974268;9,296614733;8,32786128
0;0;11,25604124;9,328344284;8,393031353
0;0;11,3376793;9,363972071;8,445897256
0;0;11,45793249;9,406208258;8,521208022
0;0;11,52315362;9,433751062;8,563212791
0;0;11,62369145;9,463326089;8,624742302
0;0;11,72495175;9,512858382;8,691650151
0;3,87;11,88096596;9,547107618;8,784220112
0;3,87;11,95142792;9,583149133;8,831171547
6,000000636;3,87;12,0000855;9,627207684;8,868386421
6,000000636;3,87;12,18844406;9,635946822;8,971995046
6,000000636;0;12,3010812;9,691282444;9,046479719
0;3,87;12,34483255;9,71413412;9,075751055
6,000000636;0;12,43770164;9,764281196;9,138294259
0;0;12,56510365;9,779643804;9,210735993
0;0;14,03044173;9,687463151;9,976719025
0;3,87;15,65714221;9,590787724;10,82846581
0;0;17,34040529;9,474411431;11,70574417
6,000000636;0;18,43968817;9,390393969;12,27666135
0;0;20,26898935;9,275881729;13,23304162
0;0;21,82342911;9,168533644;14,04321063
0;0;23,36386214;9,104081858;14,85656162
0;0;25,33679033;8,967386911;15,88473383
0;0;26,11189054;8,854314769;16,27382744
0;0;27,42824326;8,756895009;16,95827782
0;0;29,24516414;8,714817644;17,92610049
0;0;30,13491534;8,625799978;18,38294287
0;3,87;32,08358132;8,43496848;19,38451668
0;3,87;34,49821387;8,307744902;20,65289754
0;3,87;34,96802139;8,236482582;20,88805524
0;3,87;34,80601142;9,723426822;21,17255516
0;0;34,20853612;11,08838353;21,19207687
6,000000636;3,87;33,57135819;12,43292077;21,18511537
6,000000636;0;33,03298832;13,58893834;21,1842283
0;0;32,47916049;15,30286884;21,31449594
6,000000636;0;31,80750512;16,86029664;21,3421923
0;0;31,2125025;18,32692742;21,38846397
0;3,87;30,64522121;19,10051821;21,27640251
0;0;29,94516696;21,0923571;21,39740995
6,000000636;0;29,54769309;22,4395228;21,52017698
0;0;29,12741778;24,30693905;21,76072895
0;0;28,38119403;24,82831636;21,48926049
0;0;27,4524422;25,55576315;21,17102505
0;0;26,76776205;27,39956782;21,26330229
0;0;26,64108253;28,76456656;21,53633993
0;0;25,79100021;29,23889336;21,19718499
0;0;25,07555064;29,31883378;20,83192802
0;3,87;24,17641884;29,4036412;20,36898198
0;3,87;23,3734173;29,49281167;19,95888916
0;0;22,65694582;29,60200995;19,60039639
0;3,87;21,79606013;29,69669859;19,16051472
0;0;21,25962597;29,77257454;18,89063454
0;0;20,47302945;29,84088818;18,48416098
0;0;19,65343597;29,92225338;18,06318272
0;0;18,65159464;29,9869394;17,53990119
0;3,87;17,92354277;30,15125508;17,18895218
6,000000636;0;17,93407689;30,17675866;17,2010003
6,000000636;0;16,68445825;30,34629765;16,57051347
0;0;15,76630353;30,33293463;16,07278171
6,000000636;0;15,64904769;30,47064456;16,04407143
0;0;15,21456744;29,45279635;15,55565848
0;0;15,16752023;28,3561421;15,2561618
0;0;15,12928586;27,26094668;14,96177521
6,000000636;0;15,07839309;26,41942244;14,72399035
0;0;15,04014965;25,12559974;14,37994205
0;0;14,98959695;24,54495079;14,20755913
0;0;14,93941037;23,61859562;13,94894679
0;0;14,91564868;21,92653861;13,51313779
0;0;14,84037133;20,83484314;13,19967996
6,000000636;0;14,83066592;20,11427397;13,01431168
0;0;14,75843856;19,68121529;12,86715535
0;0;14,72028742;17,68416548;12,34734998
0;0;14,67142951;16,66252586;12,06563197
0;0;14,60746087;16,00399104;11,86655361
0;0;14,6076463;15,13741268;11,65000887
0;0;14,38027207;15,37299696;11,58647266
0;0;14,17702567;15,68878268;11,55597872
6,000000636;3,87;13,92828942;16,02797515;11,50684194
6,000000636;3,87;13,71627999;16,31803938;11,46519907
6,000000636;3,87;13,4819253;16,62440199;11,41559874
0;3,87;13,35459594;16,99587693;11,43990551
0;0;13,11021187;17,13942868;11,34420202
6,000000636;0;12,86418518;17,49534903;11,3007062
0;0;12,65504474;17,763632;11,25516286
0;3,87;12,50442689;18,0284457;11,24026437
0;0;12,18252866;18,41092333;11,16255396
6,000000636;0;12,06607461;18,93865428;11,23178067
0;0;11,68942687;18,96633405;11,03589029
0;0;11,69857132;19,62353357;11,2051141
0;0;11,30909208;19,54996044;10,97700123
0;0;11,33489443;19,3087369;10,93058892
0;0;11,27620959;18,90431344;10,79788352
0;0;11,21116913;18,46019064;10,65183104
0;0;11,14590542;18,00409992;10,50266636
0;0;11,10001626;17,69456044;10,40057194
0;0;11,02136884;17,29470744;10,25826008
0;0;10,95135146;16,94588982;10,13335401
6,000000636;3,87;10,88384864;16,5145058;9,98916033
6,000000636;3,87;10,82570294;15,90001684;9,804228867
6,000000636;3,87;10,78534004;15,41353415;9,660874328
6,000000636;0;10,75757915;15,10338869;9,568389795
0;3,87;10,69865655;14,74673948;9,447499932
0;0;10,63391427;14,23313784;9,284238297
0;0;10,51583894;14,19132984;9,210207276
6,000000636;0;10,47425612;13,27171699;8,957913314
0;0;10,61508718;13,39797865;9,065310834
0;3,87;10,73793222;13,29357927;9,105358323
0;0;10,85869844;13,17184118;9,139951765
0;0;10,99092409;13,05646892;9,182307123
0;0;11,15295425;12,93684241;9,239647506
0;0;11,23841606;12,79812326;9,250985615
6,000000636;0;11,45106869;12,7103728;9,343553266
0;0;11,59621853;12,59480021;9,392817724
0;0;11,66148065;12,44298581;9,390005266
0;0;11,86159929;12,4238527;9,492978176
0;0;11,95520143;12,23991804;9,497395665
0;0;12,12848383;12,2006555;9,580885937
6,000000636;3,87;12,20494853;12,01573402;9,575828866
6,000000636;3,87;12,25896319;11,8692527;9,568293352
0;3,87;12,46606064;11,88380253;9,683444825
6,000000636;0;13,86721799;12,68683617;10,63867258
0;0;15,42831317;13,53032746;11,69013511
6,000000636;3,87;16,90024769;14,4895299;12,72251584
0;0;18,23565269;15,36258693;13,65984433
0;0;19,38864975;16,01607405;14,44406069
0;0;20,76134424;17,29709943;15,50346022
0;0;22,45487006;18,25098961;16,65383128
0;3,87;23,70406598;18,62753482;17,42061154
6,000000636;0;25,57009147;19,39538831;18,61735787
0;0;26,51123369;21,04463276;19,53643787
0;0;27,71649213;21,42584573;20,28072643
0;0;29,24090104;22,65062152;21,40775594
0;0;31,72164598;23,74257837;23,01653089
0;0;32,08895065;24,59797298;23,42815898
0;0;33,72132654;25,63243741;24,56574672
0;0;32,94829872;24,18985392;23,7888551
0;0;32,08931834;23,28961986;23,10126868
6,000000636;3,87;31,3348718;22,37583576;22,46658222
6,000000636;3,87;30,49867327;21,50355005;21,79825004
6,000000636;0;29,58521202;20,64374721;21,09143558
0;3,87;28,7627321;20,17188628;20,53059655
0;0;27,93503039;18,84723568;19,75374836
6,000000636;0;26,82862544;18,15400841;18,98468503
0;3,87;26,09803704;17,33795745;18,38727854
0;0;25,10595764;16,3440683;17,60460965
0;0;24,32745098;15,69083404;17,02210519
0;0;23,82650068;14,48009374;16,44967765
0;0;23,22913598;14,39999796;16,10799578
6,000000636;0;22,61473247;12,96983503;15,4196224
0;0;21,54783813;12,19063822;14,65034162
0;3,87;20,7787429;12,25484644;14,25226548
0;0;20,27661395;12,20374692;13,96911347
0;0;19,69652283;12,1394064;13,64067159
0;0;19,17974765;12,08416284;13,34859714
0;0;18,73791661;12,03511619;13,09842645
0;0;18,23399123;11,99789132;12,8177758
0;0;17,89234035;11,93081084;12,61703982
6,000000636;0;17,29341476;11,87825444;12,28140233
6,000000636;0;16,54905019;11,84446917;11,87214432
6,000000636;3,87;16,39016992;11,77557942;11,76937097
0;0;15,92561978;11,69755506;11,49972249
0;3,87;15,33245363;11,64318353;11,16673245
6,000000636;0;14,65815963;11,63444841;10,80146729
0;3,87;14,27884808;11,56052694;10,57874224
0;0;13,79389791;11,47584527;10,29644481
0;0;13,54476396;12,10330939;10,31916179
0;0;13,33564877;12,74808311;10,36775473
0;0;13,15094136;13,26993089;10,39875884
6,000000636;3,87;13,00169227;14,01950929;10,50578854
0;0;12,82149558;14,69430869;10,57745941
0;0;12,64769788;15,28607172;10,63181679
0;0;12,34704635;15,76632745;10,58999144
0;0;12,23306649;16,44379919;10,6979856
0;0;12,03660902;16,94762703;10,71815777
0;0;11,8192641;17,54169132;10,74964196
0;0;11,70945887;18,48541289;10,92644646
0;0;11,56302181;18,98641949;10,97284739
6,000000636;0;11,22564326;19,57343856;10,93793678
6,000000636;0;11,08590888;20,58606109;11,11585082
6,000000636;0;10,970611;21,02950596;11,16462857
0;0;11,11440681;20,54018328;11,11972641
6,000000636;3,87;11,36705228;20,29090713;11,19344724
0;3,87;11,61176847;20,0637318;11,26842367
0;3,87;11,83464789;19,86995358;11,3399911
0;0;12,06993099;19,59525739;11,39800796
6,000000636;0;12,28997262;19,30486496;11,4438938
0;0;12,548949;19,13331044;11,54045399
0;3,87;12,81945143;18,9297014;11,63520689
0;0;12,96825439;18,6333183;11,64123578
0;0;13,31574425;18,4358167;11,77897031
0;0;13,3745525;18,09963608;11,72659114
0;0;13,71311434;17,85299391;11,84723312
0;0;13,92648829;17,73961925;11,93378312
0;3,87;14,32981187;17,29922925;12,04085986
0;0;14,40460305;17,26852539;12,07345607
0;0;14,21610283;16,51184426;11,78278567
0;0;14,02423898;15,8213969;11,50686252
6,000000636;0;13,83125931;15,07501798;11,21635566
6,000000636;0;13,57999591;14,17321044;10,8556081
6,000000636;0;13,40625528;13,52860201;10,60090335
6,000000636;0;13,21013927;12,97876284;10,35784262
0;0;12,98833711;12,20870504;10,04589624
0;3,87;12,83216584;11,487453;9,781491011
6,000000636;3,87;12,63083776;10,40986397;9,403686324
0;0;12,44063458;9,937773004;9,183246487
0;3,87;12,15809353;9,163360858;8,83750596
0;0;11,8889639;8,232884031;8,4599708
0;0;11,67253724;7,898904151;8,259938395
0;0;11,52030011;7,315307524;8,032065404
0;3,87;11,20761777;5,950265964;7,522437597
6,000000636;0;11,33392782;7,580764204;7,998075262
0;0;11,31246083;8,860546231;8,306461622
0;0;11,28968035;10,23061568;8,636712569
0;0;11,27113934;11,83133387;9,026908495
0;0;11,24506658;12,95911362;9,294814257
0;0;11,23230788;14,17023809;9,590725306
0;0;11,20692115;15,60839297;9,936594247
6,000000636;0;11,18545442;17,16643404;10,3145455
6,000000636;0;11,16849228;18,40414949;10,61484091
6,000000636;0;11,12907096;20,10748986;11,01944913
0;0;11,11984073;20,36186041;11,07807165
6,000000636;0;11,09855123;21,93472654;11,45982461
0;0;11,06642078;23,97954044;11,95372707
0;3,87;11,05471723;24,86269343;12,16821341
0;3,87;11,02848828;25,9706395;12,43107664
0;3,87;11,99828283;25,86321426;12,92641739
6,000000636;0;12,84790912;25,37738406;13,26245093
0;3,87;13,86244323;24,88747766;13,68626193
0;0;15,01780057;24,37233817;14,17959254
0;0;15,84134106;23,97436316;14,52354367
0;0;16,99642488;23,33042905;14,98452835
0;3,87;17,9933101;22,81872001;15,39338544
0;0;18,84970957;22,30049192;15,72496659
0;0;19,64108659;21,956292;16,0650427
0;0;20,86972203;21,59625088;16,63660535
0;0;21,0007843;20,87571281;16,52704283
0;0;22,74853412;20,53260406;17,38236169
6,000000636;0;22,92780933;19,98397143;17,34173634
6,000000636;0;23,77007352;19,44635787;17,66085982
6,000000636;0;24,87624554;19,3910695;18,24266882
6,000000636;0;25,55336921;18,62948862;18,41687865
0;0;25,76003795;18,20638252;18,4223853
0;0;26,03544462;17,77334815;18,4624226
6,000000636;0;26,23692714;17,31923722;18,45738546
0;3,87;26,42781624;16,88451186;18,45149056
0;3,87;26,66136532;16,45190703;18,46909654
0;3,87;26,85383292;16,0523051;18,47283246
0;0;27,09929279;15,42186838;18,44739398
0;0;27,37452066;15,12152248;18,52050713
0;3,87;27,60115435;14,69446988;18,5357775
0;0;27,80109362;14,09558045;18,49371475
6,000000636;0;28,05080263;13,92152776;18,58466028
0;0;28,2447654;13,03835236;18,46830792
0;0;28,54694224;13,0691934;18,63872879
0;0;28,92105599;12,48340097;18,69372655
0;3,87;27,62749838;11,84604527;17,8378566
0;0;26,58122962;11,33092063;17,14569995
6,000000636;0;25,42575001;10,83879287;16,40048668
6,000000636;0;24,40160706;10,32613208;15,7208599
6,000000636;0;23,31846652;9,933033009;15,03935561
0;0;22,19721944;9,242898449;14,26307354
0;0;20,85899271;8,967447716;13,47362724
6,000000636;0;20,06871527;8,409018507;12,90848592
0;0;18,71931276;8,081961249;12,10012026
0;0;17,35532015;7,235789511;11,15411977
0;0;17,10305077;7,081984889;10,97983125
6,000000636;0;15,97226938;6,705632609;10,2768609
0;3,87;13,79631245;6,047284849;8,940604838
0;3,87;12,60443141;5,137066804;8,071268232
0;0;12,64901029;5,194134076;8,109539062
0;0;12,59027924;5,571128049;8,172163139
0;3,87;12,98075638;6,185689631;8,536060461
0;0;13,34749281;6,809924031;8,889592522
0;0;13,65485485;7,361920089;9,193094172
0;0;14,00741186;8,042943778;9,553188484
0;3,87;14,34140511;8,4566178;9,836449507
0;0;14,68864297;9,010443898;10,16188026
6,000000636;0;15,24929739;9,573885911;10,60463161
6,000000636;0;15,31960707;10,42296773;10,85476112
6,000000636;0;15,88772159;11,22999481;11,36242571
0;0;16,18367101;11,65299825;11,62753395
6,000000636;0;16,3751435;12,22025318;11,87244825
0;0;16,88197855;12,91131159;12,31812404
6,000000636;0;17,36823932;13,32211006;12,68265638
0;0;17,86469867;13,78599497;13,06595187
0;0;17,19115464;14,10370889;12,7827028
0;3,87;16,73077659;14,20669591;12,56055368
0;3,87;16,28075968;14,31329164;12,34488581
0;3,87;15,92432318;14,39601251;12,17363869
0;3,87;15,5227906;14,49749563;11,98279961
0;3,87;15,1736182;14,5805694;11,81555215
0;0;14,54230737;14,69620636;11,50452479
6,000000636;3,87;14,24930512;14,80057486;11,37284647
0;0;13,69701036;14,9274688;11,10718047
0;0;13,34779231;15,02612579;10,94380423
0;0;12,95720703;15,14518968;10,76325505
0;3,87;12,64041629;15,26478782;10,62257496
6,000000636;0;12,29818702;15,37155519;10,4649895
6,000000636;0;11,92327494;15,36092355;10,26045586
0;0;11,02684045;15,52615728;9,819068795
6,000000636;0;12,24346408;15,7775683;10,53702658
0;0;13,30755134;16,07311998;11,18388456
6,000000636;0;14,16454656;16,30990386;11,7045395
0;0;15,33242317;16,56397632;12,39691425
0;0;16,11442677;16,82868573;12,88417046
0;0;17,16951544;17,06990625;13,51260026
6,000000636;0;18,27330674;17,33749153;14,17384574
0;3,87;19,52099383;17,73368308;14,94472514
0;3,87;20,69566705;17,98886084;15,64103593
0;3,87;21,69053909;18,26259748;16,24517042
0;0;22,0856295;18,39600194;16,49126253
0;3,87;23,20925744;18,60829187;17,14936543
0;0;25,01449367;18,84305498;18,18010649
0;0;25,13905647;19,18357163;18,33230793
0;3,87;25,90790076;19,59807722;18,8499274
0;0;26,87747647;19,20593707;19,2739716
0;0;27,28188649;18,88035809;19,41033609
6,000000636;0;27,7123006;18,58949761;19,56938242
6,000000636;0;28,08189198;18,24719036;19,68281635
6,000000636;0;28,61614939;17,94556941;19,89508818
6,000000636;0;29,02159551;17,52053126;20,00714578
0;0;29,36714835;17,20224744;20,11364174
0;3,87;29,97446301;16,84079241;20,35029357
6,000000636;0;30,35489091;16,63530097;20,5037665
0;0;30,66509246;16,20734554;20,56380925
0;0;31,15439321;16,11494463;20,80417865
0;0;31,50630075;15,45764231;20,82934175
0;3,87;32,11974888;15,23243444;21,10335801
0;3,87;32,23530362;15,09575916;21,13141097
0;7,73;33,0073882;14,54690818;21,40993608
0;3,87;31,96461841;14,36384127;20,80267792
6,000000636;0;30,82010258;14,04249925;20,10606467
0;3,87;29,91916063;13,78203425;19,55582582
0;0;29,00644131;13,46032493;18,98393425
0;0;27,77665105;13,20701722;18,25841256
0;0;26,72131574;12,9360209;17,62240601
0;3,87;25,57635449;12,6268524;16,92859628
6,000000636;0;24,56101663;12,30604859;16,30167495
6,000000636;0;23,46281295;11,92442488;15,61492858
6,000000636;0;22,55591251;11,81404631;15,09900293
0;0;21,22116724;11,31592215;14,2557629
0;0;20,53128437;11,16505271;13,84657015
6,000000636;0;19,32373184;10,64244995;13,06569886
0;0;18,30949108;10,46303504;12,4747155
0;0;17,30010494;10,20146628;11,86580769
0;0;18,26664536;10,29013728;12,40842029
6,000000636;0;18,94800789;10,39876934;12,80246581
0;3,87;19,50166795;10,51075602;13,12858713
0;3,87;20,07766167;10,64500182;13,47229904
0;3,87;20,92964809;10,73578124;13,95375582
0;0;21,54912142;10,81983365;14,30833149
0;0;21,97768092;10,98708555;14,58090727
0;3,87;22,7637251;11,06144608;15,02275196
0;0;23,67741218;11,21558936;15,55327313
6,000000636;0;23,83459555;11,26271463;15,64969165
17,99999878;0;24,83051227;11,4300339;16,22778431
17,99999878;0;25,12667281;11,44729801;16,3915714
17,99999878;3,87;26,11872586;11,57510007;16,95770433
12,00000127;0;26,76943628;11,76905116;17,35657464
17,99999878;0;27,25033546;11,86910656;17,6405342
6,000000636;0;26,40288348;11,49913726;17,09172158
6,000000636;0;25,53581187;11,18108488;16,54532377
0;0;24,54181029;10,85959508;15,9297197
6,000000636;0;23,67125356;10,50688664;15,37278127
0;0;22,88629265;10,15433952;14,86197323
0;0;21,89959942;9,814679307;14,24576182
0;0;20,98516285;9,486307253;13,67127989
0;0;19,9062701;9,195318782;13,01759052
6,000000636;3,87;18,89624315;8,94558872;12,41129734
0;3,87;18,19788219;8,741007498;11,98411152
0;3,87;17,50491721;8,363485107;11,51659593
0;3,87;17,10207126;8,135081044;11,24257786
0;0;16,1829561;7,671627178;10,63180624
0;0;14,39193721;7,112755369;9,527693491
0;3,87;13,39236821;7,068849578;8,978487584
0;0;13,94996989;8,332402738;9,594622935
0;0;13,95180642;9,50265908;9,888175917
0;0;13,95396427;10,83132344;10,22150393
6,000000636;0;13,95527025;12,17412548;10,55790766
6,000000636;0;13,95736229;13,33794352;10,84998865
12,00000127;3,87;13,95880638;15,04919312;11,27857864
0;0;13,9613569;15,91349165;11,49602663
6,000000636;0;13,96322159;17,86561664;11,98506194
0;0;13,96417525;18,53270988;12,15234876
6,000000636;0;13,96705395;19,6769938;12,43996981
0;0;13,96847834;21,71658634;12,95063492
0;0;13,96957856;23,42292778;13,37781271
0;0;13,97370547;24,69941174;13,69915588
0;0;13,97344734;25,69428009;13,94773398
0;3,87;13,97644286;27,25346976;14,33914436
0;3,87;15,36407867;26,53349149;14,90633831
0;3,87;16,70340902;26,42948093;15,60151355
0;0;17,80681265;26,34540396;16,17463472
0;3,87;19,30070856;26,2323557;16,95077815
0;0;20,63156246;26,15028818;17,64687491
0;0;22,22477359;26,04101846;18,47744039
0;0;23,81861008;25,91789016;19,30487797
6,000000636;3,87;24,42935859;25,82050256;19,60939565
6,000000636;0;26,49327586;25,76080324;20,70581089
6,000000636;0;26,76443055;25,61416313;20,81515723
0;0;28,45853869;25,49319109;21,6971263
6,000000636;0;30,41450088;25,39706517;22,72630523
0;0;31,38247393;25,27694576;23,21749163
6,000000636;0;32,81131952;25,28822634;23,98969017
0;0;33,50984714;25,08486476;24,31498003
0;0;33,37317521;24,30285427;24,04588483
0;0;32,63146608;23,46764448;23,43770055
0;0;31,83210728;22,70576989;22,81680793
6,000000636;0;31,15518789;21,91944179;22,25573085
0;3,87;30,49748521;21,22733502;21,72855656
0;7,73;29,91818722;20,275112;21,17857112
0;3,87;29,22537785;19,64023398;20,64680041
0;3,87;28,05177925;18,75946873;19,79467139
0;3,87;27,30729259;17,89848623;19,17854833
0;0;26,94588225;16,65104502;18,67208246
0;3,87;25,97622543;16,45705517;18,1014621
0;0;25,410906;15,2168802;17,48701559
0;0;24,50533715;14,66614853;16,86171867
6,000000636;0;23,550097;14,08940711;16,20317324
6,000000636;0;23,80347085;13,49773435;16,19168712
0;3,87;22,98192411;12,80606334;15,57639805
6,000000636;0;22,64456571;12,6976218;15,36763314
0;0;22,3416295;12,56837134;15,17220103
0;0;21,99436904;12,45647727;14,95724111
6,000000636;0;21,57631558;12,356237;14,70707533
0;0;21,39356321;12,20609211;14,57113399
0;0;21,06849317;12,07986072;14,36453843
0;0;20,71794708;11,9871857;14,15261409
0;0;20,27078625;11,84623778;13,87659819
0;3,87;20,04712731;11,75652234;13,7337376
0;3,87;19,54650359;11,60639885;13,42664011
6,000000636;3,87;19,38143329;11,5947703;13,33484896
0;0;18,85440332;11,36136884;12,99271323
0;3,87;18,75122768;11,36052581;12,93694636
0;0;18,21609031;11,24231583;12,61924297
0;0;19,24918347;10,90932822;13,092277
0;3,87;20,3560664;10,66518367;13,62725475
0;0;21,23630702;10,36425518;14,02599834
0;0;22,18042285;10,07810476;14,4628308
0;0;23,05753261;9,889819271;14,8880493
6,000000636;0;24,20301898;9,548520178;15,41952488
12,00000127;0;25,1542649;9,297866796;15,86907087
12,00000127;0;25,82948759;9,05013656;16,17071977
0;0;27,49785155;8,676832404;16,97574355
0;0;28,53921686;8,604716013;17,51844962
6,000000636;0;29,42757281;8,342272;17,93118413
0;0;30,0722596;7,937808431;18,17720728
0;0;31,46769628;7,639837573;18,85410355
0;0;32,58994663;7,503269031;19,42425006
0;3,87;33,31043086;7,000393418;19,6864842
6,000000636;3,87;31,89999165;7,22809728;18,9839429
0;3,87;30,73063143;7,268111582;18,36429097
0;0;29,45874442;7,310794889;17,69009956
0;0;28,08689006;7,341254578;16,95902368
0;3,87;26,96144673;7,380871267;16,3629199
0;0;25,82730281;7,421411556;15,7623621
0;0;24,99319983;7,477088751;15,32714902
0;0;23,6999381;7,519787578;14,64145203
0;0;21,71296389;7,528693356;13,57376928
0;0;20,86465744;7,575713484;13,12874391
0;3,87;19,75770182;7,63005492;12,54627625
6,000000636;0;18,96614284;7,687803964;12,13448944
6,000000636;0;16,63971275;7,728986916;10,89209205
6,000000636;0;16,37451731;7,75048468;10,75466895
6,000000636;0;15,00846185;7,810008476;10,03398158
0;0;14,81669839;7,783749884;9,924159681
6,000000636;0;14,70096691;7,784067844;9,861922218
0;0;14,59662489;7,784424564;9,805827235
0;0;14,47612272;7,784757604;9,741024714
0;0;14,34310708;7,78504516;9,669472794
0;0;14,24484384;7,785487444;9,616672388
0;0;14,16146987;7,785825476;9,571863223
6,000000636;3,87;14,00995623;7,786116324;9,490351667
0;3,87;13,9110028;7,786475693;9,437158891
0;0;13,75090511;7,786663333;9,350999356
0;0;13,71613332;7,786934604;9,332343898
0;3,87;13,57890367;7,787265404;9,258533714
0;0;13,49730688;7,787808733;9,214732812
0;0;13,41999642;7,787992209;9,173149973
0;0;13,30560256;7,788458582;9,111669869
0;3,87;14,61868617;7,865591289;9,837998069
6,000000636;0;16,26280617;7,942145698;10,74243205
12,00000127;0;17,6029787;8,019093987;11,48330049
6,000000636;0;19,16645599;8,075667227;12,33931618
6,000000636;0;20,70018063;8,153762431;13,18469172
6,000000636;0;22,16270836;8,237617867;13,99317051
0;0;23,76059967;8,335240373;14,87797915
0;0;24,22550096;8,392042493;15,14251114
0;0;25,73331879;8,4345644;15,96504353
6,000000636;0;27,96497287;8,561752791;17,19850051
0;0;29,66979657;8,637464822;18,13541051
0;0;30,30287331;8,690688796;18,48960398
0;0;31,42916759;8,718683511;19,10306881
0;0;33,55377961;8,890133733;20,28995322
0;0;33,81594995;8,886213373;20,43014178
0;3,87;33,93558901;8,879480373;20,49287956
0;3,87;32,86180189;8,84682904;19,90652366
0;0;32,02369696;8,816598911;19,44767886
0;3,87;30,93935216;8,783215524;18,85545505
0;0;30,22116786;8,745579378;18,45933138
6,000000636;0;29,08908741;8,708654182;17,8405183
6,000000636;3,87;27,94155763;8,677434787;17,21481281
6,000000636;0;27,15608149;8,653870364;16,78597301
6,000000636;0;25,94397957;8,599044498;16,11959628
0;0;24,88751485;8,576719684;15,54514945
6,000000636;0;24,77438916;8,53109228;15,47282877
0;0;24,00185693;8,516266196;15,05314336
0;0;22,00581168;8,462821507;13,96498859
6,000000636;3,87;22,03183932;8,437481009;13,97266835
0;0;21,19950718;8,390333093;13,51270253
0;0;20,07429835;8,323034178;12,88999612
0;0;19,58973405;8,235409502;12,60717071
0;0;19,07892122;8,170616378;12,31591937
0;0;18,4987511;8,096294187;11,98493952
0;0;17,84477086;7,994299453;11,60729764
6,000000636;3,87;17,35657658;7,90698148;11,3225943
0;3,87;16,83882618;7,860629636;11,03221766
0;0;16,55467483;7,761572836;10,85444889
0;3,87;15,93441988;7,71883732;10,50978157
0;0;15,0796265;7,628213258;10,0268522
0;0;14,57258859;7,500724831;9,721959677
6,000000636;3,87;14,00158008;7,434398324;9,397911934
6,000000636;0;13,65880817;7,374162631;9,198283521
6,000000636;0;13,44000477;7,309735738;9,064359581
0;0;12,91670789;7,248889813;8,767372855
6,000000636;0;13,37277566;7,282833418;9,021433711
0;3,87;14,11417083;7,358214484;9,439491758
0;0;14,78175113;7,422136587;9,8149386
6,000000636;0;15,45755278;7,503111396;10,1990755
0;0;16,17595514;7,56476968;10,60132211
0;0;16,7276196;7,61705336;10,91144312
0;0;17,69107431;7,681417796;11,44631754
0;0;18,392525;7,797778564;11,85311195
0;0;18,98418982;7,850273578;12,18482445
0;0;19,58055594;7,947190053;12,53017379
0;3,87;20,3596741;7,980869044;12,9581187
0;3,87;20,89525671;8,092867551;13,27450896
0;3,87;22,16374721;8,128775671;13,96651934
0;3,87;22,27967623;8,165892009;14,03822174
0;0;23,59508058;8,221728187;14,76047543
0;3,87;23,69403177;8,257784596;14,82277095
12,00000127;0;24,37276734;8,253234262;15,18710637
6,000000636;3,87;24,94283637;8,249699364;15,49318289
6,000000636;0;25,60129873;8,245576511;15,84670883
6,000000636;0;26,12726635;8,241076276;16,1287971
6,000000636;0;26,95550987;8,237079231;16,57377512
0;0;27,29591825;8,232595231;16,75595094
0;0;27,96860422;8,229613333;17,11742099
6,000000636;0;28,53944489;8,225332324;17,42372648
0;0;28,97661223;8,219303471;17,65761707
0;3,87;29,94747492;8,214376956;18,17915766
0;0;30,73958409;8,212153284;18,60512206
0;0;31,17748866;8,208372636;18,83997167
0;0;31,60457507;8,200791938;19,0680461
0;0;32,00513104;8,197522147;19,28291264
6,000000636;0;30,96501781;8,245182227;18,73476669
0;11,6;29,34571843;8,289373827;17,87388415
0;11,6;28,03801615;8,332706453;17,18056992
0;7,73;26,86471139;8,393961596;16,56410423
0;7,73;25,37549652;8,430502649;15,77135456
0;0;24,0227619;8,481733062;15,0557666
6,000000636;3,87;22,53223727;8,526167058;14,26428491
6,000000636;0;20,45882178;8,58719208;13,16308667
6,000000636;0;19,46601762;8,60589328;12,63317512
6,000000636;3,87;18,54745135;8,646800631;12,14878935
0;0;17,1976846;8,689690084;11,43271423
6,000000636;0;15,95759494;8,733804676;10,77600229
0;0;13,12575816;8,81692032;9,271946012
0;0;11,40853741;8,850914618;8,355787261
0;0;10,0108724;8,929102373;7,622745348
6,000000636;0;10,96354883;9,039262978;8,163265116
0;0;11,00115917;9,192288627;8,22177325
0;0;11,03275034;9,332049556;8,273724111
0;0;11,06701696;9,489467542;8,331529861
0;0;11,09622652;9,604376724;8,375985382
0;0;11,12784441;9,741549058;8,427303483
0;0;11,17422846;9,889603116;8,489293028
0;0;11,20031441;10,03249309;8,539061803
0;0;11,23901454;10,16710379;8,593553007
0;0;11,26460956;10,37715479;8,659847694
0;0;11,29017593;10,50902557;8,706581897
6,000000636;0;11,35596453;10,5620094;8,755252481
6,000000636;0;11,37223706;10,7767777;8,817706686
12,00000127;0;11,38924852;10,94777608;8,869616301
0;0;11,45834224;10,97816885;8,914418804
6,000000636;0;12,80235593;10,55961288;9,533479489
0;0;14,28861387;10,10787383;10,22083746
0;0;15,5241234;9,556599031;10,74829313
6,000000636;0;16,89429322;9,109846289;11,37438869
0;0;18,1626305;8,651670142;11,94279549
0;0;19,68319763;8,081611933;12,61904786
0;0;21,45622706;7,783055836;13,49911699
0;0;23,03651185;7,287403836;14,22612657
0;0;24,26078694;6,639016764;14,72325485
0;0;25,03757573;6,28154988;15,05215902
0;0;26,71091545;5,836526849;15,84193234
0;0;28,90141632;7,865591289;16,92553395
0;0;29,78392263;7,942145698;17,23384198
0;0;30,49678686;8,019093987;17,45999557
0;0;32,63724029;8,075667227;18,62515293
6,000000636;0;31,85780158;8,153762431;18,09567875
6,000000636;0;31,38150255;8,237617867;17,80751964
12,00000127;0;30,92198545;8,335240373;17,52576524
6,000000636;0;30,41912251;8,392042493;17,23022403
6,000000636;0;29,83753747;8,4345644;16,88743329
0;0;29,35105035;8,561752791;16,59949194
6,000000636;0;28,98105264;8,637464822;16,37102143
0;0;28,57973716;8,690688796;16,11288829
0;0;27,88917319;8,718683511;15,70302048
0;0;27,56811759;8,890133733;15,51345824
0;0;26,90018869;8,886213373;15,12357134
6,000000636;0;26,19581035;8,879480373;14,7253833
0;0;25,84786547;8,84682904;14,4948237
0;0;25,58408736;8,816598911;14,30206436
0;0;24,66645091;8,783215524;13,81485042
0;3,87;24,19139273;8,745579378;13,50426015
0;0;23,43720835;8,708654182;13,06071428
0;0;22,59648637;8,677434787;12,58118066
0;0;21,95467116;8,653870364;12,19699036
0;0;20,98140419;8,599044498;11,63274818
0;0;20,42198268;8,576719684;11,2949162
6,000000636;0;19,58269664;8,53109228;10,81693555
6,000000636;0;18,65033954;8,516266196;10,27176057
6,000000636;0;17,88331345;8,462821507;9,831832913
6,000000636;0;17,17809047;8,437481009;9,410765917
6,000000636;0;16,72837401;8,390333093;9,150892451
0;0;15,5375064;8,323034178;8,484609217
0;0;15,14733053;8,235409502;8,215779888
6,000000636;0;14,43415354;8,170616378;7,794776693
0;0;13,88592582;8,096294187;7,482304627