demandHeat;demandElectricity;Battery2Discharge;Battery2Charge;PV3;GasBoiler3;ThermalStorage3Discharge;ThermalStorage3Charge;HeatPump3;CHP4;SolarThermic5;CHP5;ElecBuy;ElecSell;HeatBuy;HeatSell;Battery2SOC;ThermalStorage3SOC;Cost;
-40.42;-10.29;0.20;0.00;0.00;0.00;5.61;0.00;2.95;44.96;0.00;0.00;0.00;0.00;0.00;0.00;2.40;60.00;0.77
-42.41;-10.26;0.21;0.00;0.00;0.00;6.47;0.00;3.21;45.75;0.00;0.00;0.00;0.00;0.00;0.00;2.35;58.44;0.78
-29.91;-10.89;0.21;0.00;0.00;0.00;2.50;0.00;1.07;40.54;0.00;0.00;0.00;0.00;0.00;0.00;2.29;56.64;0.69
-29.48;-12.26;0.23;0.00;0.00;0.00;1.54;0.00;0.57;43.47;0.00;0.00;0.00;0.00;0.00;0.00;2.24;55.95;0.74
-44.51;-12.95;0.19;0.00;0.00;0.00;4.97;0.00;2.76;53.51;0.00;0.00;0.00;0.00;0.00;0.00;2.18;55.52;0.92
-49.59;-12.60;0.19;0.00;0.00;0.00;5.35;0.00;3.94;56.38;0.00;0.00;0.00;0.00;0.00;0.00;2.13;54.14;0.97
-36.02;-11.59;0.18;0.00;0.00;0.00;2.49;0.00;2.07;46.49;0.00;0.00;0.00;0.00;0.00;0.00;2.08;52.66;0.80
-27.64;-10.98;0.19;0.00;0.00;0.00;1.26;0.00;0.80;39.98;0.00;0.00;0.00;0.00;0.00;0.00;2.03;51.96;0.68
-33.78;-10.84;0.16;0.00;0.00;0.00;2.12;0.00;2.00;43.71;0.00;0.00;0.00;0.00;0.00;0.00;1.98;51.61;0.75
-44.35;-11.01;0.17;0.00;0.00;0.00;3.18;0.00;3.99;51.14;0.00;0.00;0.00;0.00;0.00;0.00;1.94;51.02;0.88
-36.75;-10.32;0.16;0.00;0.00;0.00;2.20;0.00;2.86;44.92;0.00;0.00;0.00;0.00;0.00;0.00;1.89;50.14;0.77
-30.71;-9.52;0.14;0.00;0.00;0.00;1.97;0.00;1.96;39.08;0.00;0.00;0.00;0.00;0.00;0.00;1.85;49.53;0.67
-35.58;-9.45;0.14;0.00;0.00;0.00;2.21;0.00;3.00;42.42;0.00;0.00;0.00;0.00;0.00;0.00;1.81;48.98;0.73
-52.15;-10.19;0.15;0.00;0.00;0.00;3.83;0.00;5.91;54.98;0.00;0.00;0.00;0.00;0.00;0.00;1.77;48.37;0.94
-44.05;-10.30;0.13;0.00;0.00;0.00;3.04;0.00;4.26;49.77;0.00;0.00;0.00;0.00;0.00;0.00;1.73;47.31;0.85
-35.64;-9.85;0.12;0.00;0.00;0.00;2.31;0.00;2.80;43.19;0.00;0.00;0.00;0.00;0.00;0.00;1.70;46.46;0.74
-35.54;-9.60;0.12;0.00;0.00;0.00;2.37;0.00;2.87;42.60;0.00;0.00;0.00;0.00;0.00;0.00;1.67;45.82;0.73
-38.54;-9.67;0.11;0.00;0.00;0.00;2.51;0.00;3.46;44.88;0.00;0.00;0.00;0.00;0.00;0.00;1.64;45.16;0.77
-33.87;-9.74;0.10;0.00;0.00;0.00;2.15;0.00;2.49;41.80;0.00;0.00;0.00;0.00;0.00;0.00;1.61;44.47;0.72
-42.33;-9.86;0.11;0.00;0.00;0.00;2.51;0.00;4.19;48.09;0.00;0.00;0.00;0.00;0.00;0.00;1.58;43.87;0.82
-57.98;-9.78;0.11;0.00;0.00;0.00;3.61;0.00;7.39;58.83;0.00;0.00;0.00;0.00;0.00;0.00;1.55;43.17;1.01
-53.71;-11.06;0.11;0.00;0.00;0.00;2.93;0.00;6.03;58.54;0.00;0.00;0.00;0.00;0.00;0.00;1.52;42.17;1.00
-43.30;-11.24;0.10;0.00;0.00;0.00;2.25;0.00;3.83;51.61;0.00;0.00;0.00;0.00;0.00;0.00;1.49;41.36;0.88
-38.05;-10.87;0.09;0.00;0.00;0.00;2.01;0.00;2.90;47.18;0.00;0.00;0.00;0.00;0.00;0.00;1.46;40.73;0.81
-37.35;-11.52;0.09;0.00;0.05;0.00;1.75;0.00;2.53;47.98;0.01;0.00;0.00;0.00;0.00;0.00;1.44;40.17;0.82
-52.67;-13.14;0.09;0.00;0.24;0.00;2.57;0.00;5.02;61.47;0.05;0.00;0.00;0.00;0.00;0.00;1.42;39.69;1.05
-58.31;-14.12;0.09;0.00;0.53;0.00;3.23;0.00;5.77;66.45;0.12;0.00;0.00;0.00;0.00;0.00;1.39;38.98;1.14
-56.03;-14.71;0.09;0.00;0.84;0.00;2.54;0.00;5.28;65.73;0.19;0.00;0.00;0.00;0.00;0.00;1.37;38.08;1.13
-76.20;-16.78;0.10;0.00;1.15;0.00;22.49;0.00;4.52;69.13;0.25;0.00;0.00;0.00;0.00;0.00;1.35;37.37;1.18
-80.83;-16.76;0.08;0.00;1.56;0.00;26.03;0.00;4.92;69.11;0.35;0.00;0.00;0.00;0.00;0.00;1.32;31.13;1.18
-40.08;-14.89;0.06;0.00;2.46;0.00;1.57;0.00;2.60;51.60;0.55;0.00;0.00;0.00;0.00;0.00;1.30;23.90;0.88
-56.47;-13.57;0.07;0.00;2.66;0.00;2.31;0.00;6.68;60.44;0.59;0.00;0.00;0.00;0.00;0.00;1.28;23.46;1.04
-69.70;-13.25;0.07;0.00;2.73;0.00;5.06;0.00;9.13;67.55;0.61;0.00;0.00;0.00;0.00;0.00;1.26;22.82;1.16
-51.21;-14.97;0.06;0.00;2.26;0.00;1.55;0.00;4.90;60.50;0.50;0.00;0.00;0.00;0.00;0.00;1.25;21.42;1.04
-51.90;-16.41;0.06;0.00;2.02;0.00;1.35;0.00;4.33;64.36;0.45;0.00;0.00;0.00;0.00;0.00;1.23;20.98;1.10
-52.59;-17.20;0.06;0.00;1.63;0.00;1.38;0.00;3.96;67.14;0.36;0.00;0.00;0.00;0.00;0.00;1.22;20.61;1.15
-39.62;-17.41;0.05;0.00;1.76;0.00;0.80;0.00;1.22;58.00;0.39;0.00;0.00;0.00;0.00;0.00;1.20;20.23;0.99
-30.00;-17.66;1.47;0.00;2.25;0.00;0.08;0.00;0.02;48.13;0.50;0.00;0.00;0.00;0.00;0.00;1.19;20.00;0.82
-43.85;-17.55;0.05;0.00;2.85;0.00;0.85;0.00;2.51;59.18;0.63;0.00;0.00;0.00;0.00;0.00;0.80;19.98;1.01
-51.37;-19.11;0.05;0.00;3.16;0.00;0.63;0.00;3.60;67.27;0.70;0.00;0.00;0.00;0.00;0.00;0.79;19.74;1.15
-35.30;-17.26;0.00;0.00;3.09;0.00;0.00;0.00;1.04;52.46;0.69;0.00;0.00;0.00;0.00;0.00;0.78;19.57;0.90
-44.01;-18.47;0.00;0.00;3.25;0.00;0.00;0.00;2.45;60.94;0.72;0.00;0.00;0.00;0.00;0.00;0.78;19.57;1.04
-53.00;-17.48;0.00;0.00;2.66;0.00;0.00;0.00;4.61;67.01;0.59;0.00;0.00;0.00;0.00;0.00;0.78;19.57;1.15
-49.33;-13.59;0.00;0.00;2.76;0.00;0.00;0.00;5.64;56.76;0.61;0.00;0.00;0.00;0.00;0.00;0.78;19.57;0.97
-44.70;-15.20;0.00;0.00;2.61;0.00;0.00;0.00;3.83;56.62;0.58;0.00;0.00;0.00;0.00;0.00;0.78;19.57;0.97
-38.81;-18.04;0.00;0.00;3.37;0.00;0.00;0.00;1.57;55.97;0.75;0.00;0.00;0.00;0.00;0.00;0.78;19.57;0.96
-49.61;-19.90;0.00;0.00;5.01;0.00;0.00;0.00;3.73;64.20;1.11;0.00;0.00;0.00;0.00;0.00;0.78;19.57;1.10
-47.57;-18.95;0.00;0.00;4.89;0.00;0.00;0.00;3.67;61.15;1.09;0.00;0.00;0.00;0.00;0.00;0.78;19.57;1.05
-39.45;-17.12;0.00;0.00;6.09;0.00;0.00;0.00;3.24;49.18;1.35;0.00;0.00;0.00;0.00;0.00;0.78;19.57;0.84
-57.95;-16.25;0.00;0.00;5.07;0.00;0.00;0.00;7.24;63.50;1.13;0.00;0.00;0.00;0.00;0.00;0.78;19.57;1.09
-68.71;-19.16;0.09;0.00;4.61;0.00;0.00;0.00;8.08;70.49;1.02;7.49;0.00;0.00;0.00;0.00;0.78;19.57;1.34
-41.99;-20.22;0.00;0.00;4.60;0.00;0.00;0.00;1.76;59.95;1.02;0.00;0.00;0.00;0.00;0.00;0.75;19.57;1.03
-31.39;-21.93;1.13;0.00;6.57;0.00;0.00;0.00;0.00;49.06;1.46;0.00;0.00;0.00;0.00;0.00;0.75;19.57;0.84
-35.24;-19.32;0.00;0.00;6.60;0.00;0.00;0.00;1.52;49.11;1.47;0.00;0.00;0.00;0.00;0.00;0.45;19.57;0.84
-33.05;-19.06;0.00;0.00;6.33;0.00;0.00;0.00;1.06;47.53;1.41;0.00;0.00;0.00;0.00;0.00;0.45;19.57;0.81
-50.67;-20.86;0.00;0.00;8.21;0.00;0.00;0.00;4.83;60.29;1.82;0.00;0.00;0.00;0.00;0.00;0.45;19.57;1.03
-73.75;-19.16;0.00;0.00;12.23;0.00;7.34;0.00;10.00;63.43;2.72;0.00;0.00;1.47;0.00;0.00;0.45;19.57;1.04
-71.02;-16.15;0.00;0.00;12.85;0.00;10.76;0.00;10.00;53.11;2.86;0.00;0.00;2.11;0.00;0.00;0.45;17.53;0.84
-51.46;-16.42;0.00;0.00;14.97;0.00;0.00;0.00;9.79;38.78;3.33;0.00;0.00;0.00;0.00;0.00;0.45;14.54;0.66
-45.01;-16.97;0.00;0.00;17.92;0.00;0.00;0.00;9.35;28.95;3.98;0.00;0.00;0.00;0.00;0.00;0.45;14.54;0.50
-40.31;-13.73;0.00;0.00;19.46;0.00;0.86;0.00;10.00;16.61;4.33;0.00;0.00;0.55;0.00;0.00;0.45;14.54;0.27
-35.75;-12.80;0.00;0.00;20.38;0.00;0.49;0.00;10.00;9.39;4.53;0.00;0.00;0.30;0.00;0.00;0.45;14.30;0.15
-62.09;-16.75;0.00;1.00;18.13;0.00;9.64;0.00;10.00;38.40;4.03;0.00;0.00;1.52;0.00;0.00;0.45;14.17;0.61
-67.46;-16.16;0.00;1.19;29.74;0.00;33.21;0.00;10.00;4.34;6.61;0.00;0.00;3.65;0.00;0.00;0.69;11.49;-0.04
-44.04;-14.51;0.00;0.66;24.02;0.00;8.15;0.00;10.00;9.11;5.34;0.00;0.00;1.49;0.00;0.00;0.97;2.26;0.11
-41.30;-17.69;0.00;0.00;14.49;0.00;0.00;0.00;6.81;34.51;3.22;0.00;0.00;0.00;0.00;0.00;1.13;0.00;0.59
-45.34;-18.50;0.00;0.00;8.76;0.00;0.00;0.00;4.98;50.74;1.95;0.00;0.00;0.00;0.00;0.00;1.13;0.00;0.87
-36.91;-17.43;0.00;0.00;6.73;0.00;0.00;0.00;2.81;46.55;1.50;0.00;0.00;0.00;0.00;0.00;1.13;0.00;0.80
-40.89;-20.32;0.00;0.00;4.75;0.00;0.00;0.00;1.54;59.00;1.06;0.00;0.00;0.00;0.00;0.00;1.13;0.00;1.01
-59.07;-21.86;0.00;0.00;3.05;0.00;0.00;0.00;4.07;70.49;0.68;8.71;0.00;0.00;0.00;0.00;1.13;0.00;1.36
-63.42;-20.04;0.00;0.00;0.94;0.00;0.00;0.00;4.98;70.49;0.21;12.95;0.00;0.00;0.00;0.00;1.13;0.00;1.43
-43.94;-18.06;0.00;0.00;2.15;0.00;0.00;0.00;2.17;62.36;0.48;0.00;0.00;0.00;0.00;0.00;1.13;0.00;1.07
-37.98;-19.87;0.00;0.00;2.17;0.00;0.00;0.00;0.06;61.25;0.48;0.00;0.00;0.00;0.00;0.00;1.13;0.00;1.05
-43.42;-19.21;0.00;0.00;2.47;0.00;0.00;0.00;1.67;63.46;0.55;0.00;0.00;0.00;0.00;0.00;1.13;0.00;1.09
-54.27;-17.79;0.00;0.00;3.13;0.00;0.00;0.00;4.94;67.59;0.69;0.00;0.00;0.00;0.00;0.00;1.13;0.00;1.16
-70.38;-19.64;0.00;0.00;3.07;0.00;0.00;0.00;7.54;70.49;0.68;13.09;0.00;0.00;0.00;0.00;1.13;0.00;1.43
-55.98;-23.35;0.00;0.00;1.87;0.00;0.00;0.00;2.23;70.49;0.42;11.66;0.00;0.00;0.00;0.00;1.13;0.00;1.41
-56.56;-25.99;0.00;0.00;1.56;0.00;0.00;0.00;1.01;70.49;0.35;17.83;0.00;0.00;0.00;0.00;1.13;0.00;1.51
-45.37;-24.12;1.06;0.00;1.69;0.00;0.00;0.00;0.00;70.49;0.38;3.33;0.00;0.00;0.00;0.00;1.13;0.00;1.26
-46.40;-22.84;0.00;0.00;1.37;0.00;0.00;0.00;0.20;70.49;0.31;4.34;0.00;0.00;0.00;0.00;0.85;0.00;1.28
-73.27;-24.93;0.00;0.00;1.03;0.00;0.00;0.00;4.88;70.49;0.23;29.75;0.00;0.00;0.00;0.00;0.85;0.00;1.72
-69.91;-24.34;0.00;0.00;0.82;0.00;0.00;0.00;4.34;70.49;0.18;26.48;0.00;0.00;0.00;0.00;0.85;0.00;1.66
-49.26;-21.33;0.00;0.00;0.52;0.00;0.00;0.00;1.15;70.49;0.12;5.43;0.00;0.00;0.00;0.00;0.85;0.00;1.30
-54.64;-21.88;0.00;0.00;0.22;0.00;0.00;0.00;1.94;70.49;0.05;11.24;0.00;0.00;0.00;0.00;0.85;0.00;1.40
-48.42;-21.87;0.00;0.00;0.01;0.00;0.00;0.00;0.51;70.49;0.00;6.90;0.00;0.00;0.00;0.00;0.85;0.00;1.33
-32.90;-18.88;3.23;0.00;0.00;0.00;0.00;0.00;0.00;53.93;0.00;0.00;0.00;0.00;0.00;0.00;0.85;0.00;0.92
-51.59;-18.44;0.00;0.00;0.00;0.00;0.00;0.00;2.78;70.49;0.00;2.75;0.00;0.00;0.00;0.00;0.00;0.00;1.25
-56.44;-18.01;0.00;0.00;0.00;0.00;0.00;0.00;4.02;70.49;0.00;5.66;0.00;0.00;0.00;0.00;0.00;0.00;1.30
-37.52;-17.70;0.00;0.00;0.00;0.00;0.00;0.00;0.06;61.25;0.00;0.00;0.00;0.00;0.00;0.00;0.00;0.00;1.05
-39.97;-15.81;0.00;0.00;0.00;0.00;0.00;0.00;1.46;59.54;0.00;0.00;0.00;0.00;0.00;0.00;0.00;0.00;1.02
-56.93;-17.00;0.00;0.00;0.00;0.00;0.00;0.00;4.59;70.49;0.00;4.10;0.00;0.00;0.00;0.00;0.00;0.00;1.28
-48.34;-16.07;0.00;0.00;0.00;0.00;0.00;0.00;3.16;66.30;0.00;0.00;0.00;0.00;0.00;0.00;0.00;0.00;1.14
-31.79;-14.77;0.00;0.00;0.00;0.00;0.00;0.00;0.16;51.46;0.00;0.00;0.00;0.00;0.00;0.00;0.00;0.00;0.88
-45.57;-14.84;0.00;0.00;0.00;0.00;0.00;0.00;3.12;61.93;0.00;0.00;0.00;0.00;0.00;0.00;0.00;0.00;1.06
-56.24;-14.11;0.00;0.00;0.00;0.00;0.00;0.00;5.77;68.56;0.00;0.00;0.00;0.00;0.00;0.00;0.00;0.00;1.17
-40.36;-13.04;0.00;0.00;0.00;0.00;0.00;0.00;2.81;54.65;0.00;0.00;0.00;0.00;0.00;0.00;0.00;0.00;0.94
-40.42;-10.29;0.00;0.00;0.00;0.00;0.00;0.00;4.08;49.55;0.00;0.00;0.00;0.00;0.00;0.00;0.00;0.00;0.85
-42.41;-10.26;0.00;0.00;0.00;0.00;0.00;0.00;4.52;50.98;0.00;0.00;0.00;0.00;0.00;0.00;0.00;0.00;0.87
-29.91;-10.89;0.00;0.00;0.00;0.00;0.00;0.00;1.52;42.80;0.00;0.00;0.00;0.00;0.00;0.00;0.00;0.00;0.73
-29.48;-12.26;0.00;0.00;0.00;0.00;0.00;0.00;0.80;45.05;0.00;0.00;0.00;0.00;0.00;0.00;0.00;0.00;0.77
-44.51;-12.95;0.00;0.00;0.00;0.00;0.00;0.00;3.75;57.59;0.00;0.00;0.00;0.00;0.00;0.00;0.00;0.00;0.99
-49.59;-12.60;0.00;0.00;0.00;0.00;0.00;0.00;5.02;60.75;0.00;0.00;0.00;0.00;0.00;0.00;0.00;0.00;1.04
-36.02;-11.59;0.00;0.00;0.00;0.00;0.00;0.00;2.53;48.70;0.00;0.00;0.00;0.00;0.00;0.00;0.00;0.00;0.83
-27.64;-10.98;0.00;0.00;0.00;0.00;0.00;0.00;0.99;41.27;0.00;0.00;0.00;0.00;0.00;0.00;0.00;0.00;0.71
-33.78;-10.84;0.00;0.00;0.00;0.00;0.00;0.00;2.38;45.60;0.00;0.00;0.00;0.00;0.00;0.00;0.00;0.00;0.78
-44.35;-11.01;0.00;0.00;0.00;0.00;0.00;0.00;4.60;53.84;0.00;0.00;0.00;0.00;0.00;0.00;0.00;0.00;0.92
-36.75;-10.32;0.00;0.00;0.00;0.00;0.00;0.00;3.27;46.86;0.00;0.00;0.00;0.00;0.00;0.00;0.00;0.00;0.80
-30.71;-9.52;0.00;0.00;0.00;0.00;0.00;0.00;2.32;40.82;0.00;0.00;0.00;0.00;0.00;0.00;0.00;0.00;0.70
-35.58;-9.45;0.00;0.00;0.00;0.00;0.00;0.00;3.41;44.35;0.00;0.00;0.00;0.00;0.00;0.00;0.00;0.00;0.76
-52.15;-10.19;0.00;0.00;0.00;0.00;0.00;0.00;6.67;58.14;0.00;0.00;0.00;0.00;0.00;0.00;0.00;0.00;1.00
-44.05;-10.30;0.00;0.01;0.00;0.00;0.00;0.00;4.86;52.31;0.00;0.00;0.00;0.00;0.00;0.00;0.00;0.00;0.90
-35.64;-9.85;0.00;0.00;0.00;0.00;0.00;0.00;3.24;45.15;0.00;0.00;0.00;0.00;0.00;0.00;0.00;0.00;0.77
-35.54;-9.60;0.00;0.00;0.00;0.00;0.00;0.00;3.33;44.61;0.00;0.00;0.00;0.00;0.00;0.00;0.00;0.00;0.76
-38.54;-9.67;0.00;0.00;0.00;0.00;0.00;0.00;3.95;46.97;0.00;0.00;0.00;0.00;0.00;0.00;0.00;0.00;0.80
-33.87;-9.74;0.00;0.00;0.00;0.00;0.00;0.00;2.91;43.61;0.00;0.00;0.00;0.00;0.00;0.00;0.00;0.00;0.75
-42.33;-9.86;0.00;0.00;0.00;0.00;0.00;0.00;4.69;50.18;0.00;0.00;0.00;0.00;0.00;0.00;0.00;0.00;0.86
-57.98;-9.78;0.00;0.00;0.00;0.00;0.00;0.00;8.12;61.75;0.00;0.00;0.00;0.00;0.00;0.00;0.00;0.00;1.06
-53.71;-11.06;0.00;0.00;0.00;0.00;0.00;0.00;6.62;60.94;0.00;0.00;0.00;0.00;0.00;0.00;0.00;0.00;1.04
-43.30;-11.24;0.00;0.00;0.00;0.00;0.00;0.00;4.27;53.48;0.00;0.00;0.00;0.00;0.00;0.00;0.00;0.00;0.92
-38.05;-10.87;0.00;0.00;0.00;0.00;0.00;0.00;3.30;48.86;0.00;0.00;0.00;0.00;0.00;0.00;0.01;0.00;0.84
-37.35;-11.52;0.00;0.00;0.05;0.00;0.00;0.00;2.87;49.45;0.01;0.00;0.00;0.00;0.00;0.00;0.01;0.00;0.85
-52.67;-13.14;0.00;0.00;0.24;0.00;0.00;0.00;5.54;63.57;0.05;0.00;0.00;0.00;0.00;0.00;0.01;0.00;1.09
-58.31;-14.12;0.00;0.00;0.53;0.00;0.00;0.00;6.43;69.05;0.12;0.00;0.00;0.00;0.00;0.00;0.01;0.00;1.18
-56.03;-14.71;0.00;0.00;0.84;0.00;0.00;0.00;5.79;67.80;0.19;0.00;0.00;0.00;0.00;0.00;0.01;0.00;1.16
-76.20;-16.78;0.00;0.00;1.15;0.00;0.00;0.00;9.32;70.49;0.25;16.09;0.00;0.00;0.00;0.00;0.01;0.00;1.48
-80.83;-16.76;0.00;1.06;1.56;0.00;0.00;0.00;10.00;70.49;0.35;20.81;0.00;0.00;0.00;0.00;0.01;0.00;1.56
-40.08;-14.89;0.00;0.13;2.46;0.00;0.00;0.00;2.85;53.13;0.55;0.00;0.00;0.00;0.00;0.00;0.26;0.00;0.91
-56.47;-13.57;0.00;0.13;2.66;0.00;0.00;0.00;7.09;62.54;0.59;0.00;0.00;0.00;0.00;0.00;0.29;0.00;1.07
-69.70;-13.25;0.00;0.43;2.73;0.00;0.00;0.00;10.00;70.49;0.61;1.82;0.00;0.00;0.00;0.00;0.32;0.00;1.24
-51.21;-14.97;0.00;0.00;2.26;0.00;0.00;0.00;5.21;61.78;0.50;0.00;0.00;0.00;0.00;0.00;0.42;0.00;1.06
-51.90;-16.41;0.00;0.00;2.02;0.00;0.00;0.00;4.60;65.48;0.45;0.00;0.00;0.00;0.00;0.00;0.42;0.00;1.12
-52.59;-17.20;0.00;0.00;1.63;0.00;0.00;0.00;4.23;68.28;0.36;0.00;0.00;0.00;0.00;0.00;0.42;0.00;1.17
-39.62;-17.41;0.00;0.00;1.76;0.00;0.00;0.00;1.37;58.70;0.39;0.00;0.00;0.00;0.00;0.00;0.42;0.00;1.01
-30.00;-17.66;0.50;0.00;2.25;0.00;0.00;1.86;0.00;51.41;0.50;0.00;0.00;0.00;0.00;0.00;0.42;0.00;0.88
-43.85;-17.55;0.00;0.00;2.85;0.00;0.00;0.00;2.67;59.90;0.63;0.00;0.00;0.00;0.00;0.00;0.29;0.42;1.03
-51.37;-19.11;0.00;0.00;3.16;0.00;0.00;0.00;3.72;67.83;0.70;0.00;0.00;0.00;0.00;0.00;0.29;0.42;1.16
-35.30;-17.26;0.00;0.00;3.09;0.00;0.00;0.00;1.04;52.46;0.69;0.00;0.00;0.00;0.00;0.00;0.29;0.42;0.90
-44.01;-18.47;0.00;0.00;3.25;0.00;0.00;0.00;2.45;60.94;0.72;0.00;0.00;0.00;0.00;0.00;0.29;0.42;1.04
-53.00;-17.48;0.00;0.00;2.66;0.00;0.00;0.00;4.61;67.01;0.59;0.00;0.00;0.00;0.00;0.00;0.29;0.42;1.15
-49.33;-13.59;0.00;0.00;2.76;0.00;0.00;0.00;5.64;56.76;0.61;0.00;0.00;0.00;0.00;0.00;0.29;0.42;0.97
-44.70;-15.20;0.00;0.00;2.61;0.00;0.00;0.00;3.83;56.62;0.58;0.00;0.00;0.00;0.00;0.00;0.29;0.42;0.97
-38.81;-18.04;0.00;0.00;3.37;0.00;0.00;0.00;1.57;55.97;0.75;0.00;0.00;0.00;0.00;0.00;0.29;0.42;0.96
-49.61;-19.90;0.00;0.00;5.01;0.00;0.00;0.00;3.73;64.20;1.11;0.00;0.00;0.00;0.00;0.00;0.29;0.42;1.10
-47.57;-18.95;0.00;0.00;4.89;0.00;0.00;0.00;3.67;61.15;1.09;0.00;0.00;0.00;0.00;0.00;0.29;0.42;1.05
-39.45;-17.12;0.00;0.00;6.09;0.00;0.00;0.00;3.24;49.18;1.35;0.00;0.00;0.00;0.00;0.00;0.29;0.42;0.84
-57.95;-16.25;0.00;0.00;5.07;0.00;0.00;0.00;7.24;63.50;1.13;0.00;0.00;0.00;0.00;0.00;0.29;0.42;1.09
-68.71;-19.16;0.00;0.00;4.61;0.00;0.00;0.00;8.03;70.49;1.02;7.66;0.00;0.00;0.00;0.00;0.29;0.42;1.34
-41.99;-20.22;0.00;0.00;4.60;0.00;0.00;0.00;1.76;59.95;1.02;0.00;0.00;0.00;0.00;0.00;0.29;0.42;1.03
-31.39;-21.93;1.11;0.00;6.57;0.00;0.00;0.05;0.00;49.15;1.46;0.00;0.00;0.00;0.00;0.00;0.29;0.42;0.84
-35.24;-19.32;0.00;0.00;6.60;0.00;0.00;0.00;1.52;49.11;1.47;0.00;0.00;0.00;0.00;0.00;0.00;0.43;0.84
-33.05;-19.06;0.00;0.00;6.33;0.00;0.00;0.00;1.06;47.53;1.41;0.00;0.00;0.00;0.00;0.00;0.00;0.43;0.81
-50.67;-20.86;0.00;0.00;8.21;0.00;0.00;0.00;4.83;60.29;1.82;0.00;0.00;0.00;0.00;0.00;0.00;0.43;1.03
-73.75;-19.16;0.00;0.49;12.23;0.00;1.45;0.00;10.00;70.49;2.72;2.64;0.00;3.76;0.00;0.00;0.00;0.43;1.14
-71.02;-16.15;0.00;0.24;12.85;0.00;0.10;0.00;10.00;70.49;2.86;0.11;0.00;6.94;0.00;0.00;0.12;0.03;0.99
-51.46;-16.42;0.00;0.00;14.97;0.00;0.00;0.00;9.79;38.78;3.33;0.00;0.00;0.00;0.00;0.00;0.17;0.00;0.66
-45.01;-16.97;0.00;0.00;17.92;0.00;0.00;0.00;9.35;28.95;3.98;0.00;0.00;0.00;0.00;0.00;0.17;0.00;0.50
-40.31;-13.73;0.00;0.11;19.46;0.00;0.00;0.00;10.00;18.01;4.33;0.00;0.00;0.85;0.00;0.00;0.17;0.00;0.28
-35.75;-12.80;0.00;0.08;20.38;0.00;0.00;0.00;10.00;10.19;4.53;0.00;0.00;0.46;0.00;0.00;0.20;0.00;0.16
-62.09;-16.75;0.00;1.60;18.13;0.00;0.00;0.00;10.00;54.20;4.03;0.00;0.00;5.50;0.00;0.00;0.22;0.00;0.76
-67.46;-16.16;0.00;1.31;29.74;0.00;0.00;0.00;10.00;58.78;6.61;0.00;0.00;19.31;0.00;0.00;0.60;0.00;0.40
-44.04;-14.51;0.00;0.92;24.02;0.00;0.00;0.00;10.00;22.47;5.34;0.00;0.00;5.10;0.00;0.00;0.91;0.00;0.23
-41.30;-17.69;0.00;0.00;14.49;0.00;0.00;0.00;6.81;34.51;3.22;0.00;0.00;0.00;0.00;0.00;1.13;0.00;0.59
-45.34;-18.50;0.00;0.00;8.76;0.00;0.00;0.00;4.98;50.74;1.95;0.00;0.00;0.00;0.00;0.00;1.13;0.00;0.87
-36.91;-17.43;0.00;0.00;6.73;0.00;0.00;0.00;2.81;46.55;1.50;0.00;0.00;0.00;0.00;0.00;1.13;0.00;0.80
-40.89;-20.32;0.00;0.00;4.75;0.00;0.00;0.00;1.54;59.00;1.06;0.00;0.00;0.00;0.00;0.00;1.13;0.00;1.01
-59.07;-21.86;0.00;0.00;3.05;0.00;0.00;0.00;4.07;70.49;0.68;8.71;0.00;0.00;0.00;0.00;1.13;0.00;1.36
-63.42;-20.04;0.00;0.00;0.94;0.00;0.00;0.00;4.98;70.49;0.21;12.95;0.00;0.00;0.00;0.00;1.13;0.00;1.43
-43.94;-18.06;0.00;0.00;2.15;0.00;0.00;0.00;2.17;62.36;0.48;0.00;0.00;0.00;0.00;0.00;1.13;0.00;1.07
-37.98;-19.87;0.00;0.00;2.17;0.00;0.00;0.00;0.06;61.25;0.48;0.00;0.00;0.00;0.00;0.00;1.13;0.00;1.05
-43.42;-19.21;0.00;0.00;2.47;0.00;0.00;0.00;1.67;63.46;0.55;0.00;0.00;0.00;0.00;0.00;1.13;0.00;1.09
-54.27;-17.79;0.00;0.00;3.13;0.00;0.00;0.00;4.94;67.59;0.69;0.00;0.00;0.00;0.00;0.00;1.13;0.00;1.16
-70.38;-19.64;0.00;0.00;3.07;0.00;0.00;0.00;7.54;70.49;0.68;13.09;0.00;0.00;0.00;0.00;1.13;0.00;1.43
-55.98;-23.35;0.00;0.00;1.87;0.00;0.00;0.00;2.23;70.49;0.42;11.66;0.00;0.00;0.00;0.00;1.13;0.00;1.41
-56.56;-25.99;0.00;0.00;1.56;0.00;0.00;0.00;1.01;70.49;0.35;17.83;0.00;0.00;0.00;0.00;1.13;0.00;1.51
-45.37;-24.12;1.06;0.00;1.69;0.00;0.00;0.00;0.00;70.49;0.38;3.33;0.00;0.00;0.00;0.00;1.13;0.00;1.26
-46.40;-22.84;0.00;0.00;1.37;0.00;0.00;0.00;0.20;70.49;0.31;4.34;0.00;0.00;0.00;0.00;0.85;0.00;1.28
-73.27;-24.93;0.00;0.00;1.03;0.00;0.00;0.00;4.88;70.49;0.23;29.75;0.00;0.00;0.00;0.00;0.85;0.00;1.72
-69.91;-24.34;0.00;0.00;0.82;0.00;0.00;0.00;4.34;70.49;0.18;26.48;0.00;0.00;0.00;0.00;0.85;0.00;1.66
-49.26;-21.33;0.00;0.00;0.52;0.00;0.00;0.00;1.15;70.49;0.12;5.43;0.00;0.00;0.00;0.00;0.85;0.00;1.30
-54.64;-21.88;0.00;0.00;0.22;0.00;0.00;0.00;1.94;70.49;0.05;11.24;0.00;0.00;0.00;0.00;0.85;0.00;1.40
-48.42;-21.87;0.00;0.00;0.01;0.00;0.00;0.00;0.51;70.49;0.00;6.90;0.00;0.00;0.00;0.00;0.85;0.00;1.33
-32.90;-18.88;3.23;0.00;0.00;0.00;0.00;0.00;0.00;53.93;0.00;0.00;0.00;0.00;0.00;0.00;0.85;0.00;0.92
-51.59;-18.44;0.00;0.00;0.00;0.00;0.00;0.00;2.78;70.49;0.00;2.75;0.00;0.00;0.00;0.00;0.00;0.00;1.25
-56.44;-18.01;0.00;0.00;0.00;0.00;0.00;0.00;4.02;70.49;0.00;5.66;0.00;0.00;0.00;0.00;0.00;0.00;1.30
-37.52;-17.70;0.00;0.00;0.00;0.00;0.00;0.00;0.06;61.25;0.00;0.00;0.00;0.00;0.00;0.00;0.00;0.00;1.05
-39.97;-15.81;0.00;0.00;0.00;0.00;0.00;0.00;1.46;59.54;0.00;0.00;0.00;0.00;0.00;0.00;0.00;0.00;1.02
-56.93;-17.00;0.00;0.00;0.00;0.00;0.00;0.00;4.59;70.49;0.00;4.10;0.00;0.00;0.00;0.00;0.00;0.00;1.28
-48.34;-16.07;0.00;0.00;0.00;0.00;0.00;0.00;3.16;66.30;0.00;0.00;0.00;0.00;0.00;0.00;0.00;0.00;1.14
-31.79;-14.77;0.00;0.00;0.00;0.00;0.00;0.00;0.16;51.46;0.00;0.00;0.00;0.00;0.00;0.00;0.00;0.00;0.88
-45.57;-14.84;0.00;0.00;0.00;0.00;0.00;0.00;3.12;61.93;0.00;0.00;0.00;0.00;0.00;0.00;0.00;0.00;1.06
-56.24;-14.11;0.00;0.00;0.00;0.00;0.00;0.00;5.77;68.56;0.00;0.00;0.00;0.00;0.00;0.00;0.00;0.00;1.17
-40.36;-13.04;0.00;0.00;0.00;0.00;0.00;0.00;2.81;54.65;0.00;0.00;0.00;0.00;0.00;0.00;0.00;0.00;0.94
-40.42;-10.29;0.00;0.00;0.00;0.00;0.00;0.00;4.08;49.55;0.00;0.00;0.00;0.00;0.00;0.00;0.00;0.00;0.85
-42.41;-10.26;0.00;0.00;0.00;0.00;0.00;0.00;4.52;50.98;0.00;0.00;0.00;0.00;0.00;0.00;0.00;0.00;0.87
-29.91;-10.89;0.00;0.00;0.00;0.00;0.00;0.00;1.52;42.80;0.00;0.00;0.00;0.00;0.00;0.00;0.00;0.00;0.73
-29.48;-12.26;0.00;0.00;0.00;0.00;0.00;0.00;0.80;45.05;0.00;0.00;0.00;0.00;0.00;0.00;0.00;0.00;0.77
-44.51;-12.95;0.00;0.00;0.00;0.00;0.00;0.00;3.75;57.59;0.00;0.00;0.00;0.00;0.00;0.00;0.00;0.00;0.99
-49.59;-12.60;0.00;0.00;0.00;0.00;0.00;0.00;5.02;60.75;0.00;0.00;0.00;0.00;0.00;0.00;0.00;0.00;1.04
-36.02;-11.59;0.00;0.00;0.00;0.00;0.00;0.00;2.53;48.70;0.00;0.00;0.00;0.00;0.00;0.00;0.00;0.00;0.83
-27.64;-10.98;0.00;0.00;0.00;0.00;0.00;0.00;0.99;41.27;0.00;0.00;0.00;0.00;0.00;0.00;0.00;0.00;0.71
-33.78;-10.84;0.00;0.00;0.00;0.00;0.00;0.00;2.38;45.60;0.00;0.00;0.00;0.00;0.00;0.00;0.00;0.00;0.78
-44.35;-11.01;0.00;0.00;0.00;0.00;0.00;0.00;4.60;53.84;0.00;0.00;0.00;0.00;0.00;0.00;0.00;0.00;0.92
-36.75;-10.32;0.00;0.00;0.00;0.00;0.00;0.00;3.27;46.86;0.00;0.00;0.00;0.00;0.00;0.00;0.00;0.00;0.80
-30.71;-9.52;0.00;0.00;0.00;0.00;0.00;0.00;2.32;40.82;0.00;0.00;0.00;0.00;0.00;0.00;0.00;0.00;0.70
-35.58;-9.45;0.00;0.00;0.00;0.00;0.00;0.00;3.41;44.35;0.00;0.00;0.00;0.00;0.00;0.00;0.00;0.00;0.76
-52.15;-10.19;0.00;0.00;0.00;0.00;0.00;0.00;6.67;58.14;0.00;0.00;0.00;0.00;0.00;0.00;0.00;0.00;1.00
-44.05;-10.30;0.00;0.01;0.00;0.00;0.00;0.00;4.86;52.31;0.00;0.00;0.00;0.00;0.00;0.00;0.00;0.00;0.90
-35.64;-9.85;0.00;0.00;0.00;0.00;0.00;0.00;3.24;45.15;0.00;0.00;0.00;0.00;0.00;0.00;0.00;0.00;0.77
-35.54;-9.60;0.00;0.00;0.00;0.00;0.00;0.00;3.33;44.61;0.00;0.00;0.00;0.00;0.00;0.00;0.00;0.00;0.76
-38.54;-9.67;0.00;0.00;0.00;0.00;0.00;0.00;3.95;46.97;0.00;0.00;0.00;0.00;0.00;0.00;0.00;0.00;0.80
-33.87;-9.74;0.00;0.00;0.00;0.00;0.00;0.00;2.91;43.61;0.00;0.00;0.00;0.00;0.00;0.00;0.00;0.00;0.75
-42.33;-9.86;0.00;0.00;0.00;0.00;0.00;0.00;4.69;50.17;0.00;0.00;0.00;0.00;0.00;0.00;0.00;0.00;0.86
-57.98;-9.78;0.00;0.00;0.00;0.00;0.00;0.00;8.12;61.75;0.00;0.00;0.00;0.00;0.00;0.00;0.00;0.00;1.06
-53.71;-11.06;0.00;0.00;0.00;0.00;0.00;0.00;6.62;60.94;0.00;0.00;0.00;0.00;0.00;0.00;0.00;0.00;1.04
-43.30;-11.24;0.00;0.00;0.00;0.00;0.00;0.00;4.27;53.48;0.00;0.00;0.00;0.00;0.00;0.00;0.00;0.00;0.92
-38.05;-10.87;0.00;0.00;0.00;0.00;0.00;0.00;3.30;48.86;0.00;0.00;0.00;0.00;0.00;0.00;0.01;0.00;0.84
-37.35;-11.52;0.00;0.00;0.05;0.00;0.00;0.00;2.87;49.45;0.01;0.00;0.00;0.00;0.00;0.00;0.01;0.00;0.85
-52.67;-13.14;0.00;0.00;0.24;0.00;0.00;0.00;5.54;63.57;0.05;0.00;0.00;0.00;0.00;0.00;0.01;0.00;1.09
-58.31;-14.12;0.00;0.00;0.53;0.00;0.00;0.00;6.43;69.05;0.12;0.00;0.00;0.00;0.00;0.00;0.01;0.00;1.18
-56.03;-14.71;0.00;0.00;0.84;0.00;0.00;0.00;5.79;67.80;0.19;0.00;0.00;0.00;0.00;0.00;0.01;0.00;1.16
-76.20;-16.78;0.00;0.00;1.15;0.00;0.00;0.00;9.32;70.49;0.25;16.09;0.00;0.00;0.00;0.00;0.01;0.00;1.48
-80.83;-16.76;0.00;1.06;1.56;0.00;0.00;0.00;10.00;70.49;0.35;20.81;0.00;0.00;0.00;0.00;0.01;0.00;1.56
-40.08;-14.89;0.00;0.13;2.46;0.00;0.00;0.00;2.85;53.13;0.55;0.00;0.00;0.00;0.00;0.00;0.26;0.00;0.91
-56.47;-13.57;0.00;0.13;2.66;0.00;0.00;0.00;7.09;62.54;0.59;0.00;0.00;0.00;0.00;0.00;0.29;0.00;1.07
-69.70;-13.25;0.00;0.43;2.73;0.00;0.00;0.00;10.00;70.49;0.61;1.82;0.00;0.00;0.00;0.00;0.32;0.00;1.24
-51.21;-14.97;0.00;0.00;2.26;0.00;0.00;0.00;5.21;61.78;0.50;0.00;0.00;0.00;0.00;0.00;0.42;0.00;1.06
-51.90;-16.41;0.00;0.00;2.02;0.00;0.00;0.00;4.60;65.48;0.45;0.00;0.00;0.00;0.00;0.00;0.42;0.00;1.12
-52.59;-17.20;0.00;0.00;1.63;0.00;0.00;0.00;4.23;68.28;0.36;0.00;0.00;0.00;0.00;0.00;0.42;0.00;1.17
-39.62;-17.41;0.00;0.00;1.76;0.00;0.00;0.00;1.37;58.70;0.39;0.00;0.00;0.00;0.00;0.00;0.42;0.00;1.01
-30.00;-17.66;0.50;0.00;2.25;0.00;0.00;1.86;0.00;51.41;0.50;0.00;0.00;0.00;0.00;0.00;0.42;0.00;0.88
-43.85;-17.55;0.00;0.00;2.85;0.00;0.00;0.00;2.67;59.90;0.63;0.00;0.00;0.00;0.00;0.00;0.29;0.42;1.03
-51.37;-19.11;0.00;0.00;3.16;0.00;0.00;0.00;3.72;67.83;0.70;0.00;0.00;0.00;0.00;0.00;0.29;0.42;1.16
-35.30;-17.26;0.00;0.00;3.09;0.00;0.00;0.00;1.04;52.46;0.69;0.00;0.00;0.00;0.00;0.00;0.29;0.42;0.90
-44.01;-18.47;0.00;0.00;3.25;0.00;0.00;0.00;2.45;60.94;0.72;0.00;0.00;0.00;0.00;0.00;0.29;0.42;1.04
-53.00;-17.48;0.00;0.00;2.66;0.00;0.00;0.00;4.61;67.01;0.59;0.00;0.00;0.00;0.00;0.00;0.29;0.42;1.15
-49.33;-13.59;0.00;0.00;2.76;0.00;0.00;0.00;5.64;56.76;0.61;0.00;0.00;0.00;0.00;0.00;0.29;0.42;0.97
-44.70;-15.20;0.00;0.00;2.61;0.00;0.00;0.00;3.83;56.62;0.58;0.00;0.00;0.00;0.00;0.00;0.29;0.42;0.97
-38.81;-18.04;0.00;0.00;3.37;0.00;0.00;0.00;1.57;55.97;0.75;0.00;0.00;0.00;0.00;0.00;0.29;0.42;0.96
-49.61;-19.90;0.00;0.00;5.01;0.00;0.00;0.00;3.73;64.20;1.11;0.00;0.00;0.00;0.00;0.00;0.29;0.42;1.10
-47.57;-18.95;0.00;0.00;4.89;0.00;0.00;0.00;3.67;61.15;1.09;0.00;0.00;0.00;0.00;0.00;0.29;0.42;1.05
-39.45;-17.12;0.00;0.00;6.09;0.00;0.00;0.00;3.24;49.18;1.35;0.00;0.00;0.00;0.00;0.00;0.29;0.42;0.84
-57.95;-16.25;0.00;0.00;5.07;0.00;0.00;0.00;7.24;63.50;1.13;0.00;0.00;0.00;0.00;0.00;0.29;0.42;1.09
-68.71;-19.16;0.00;0.00;4.61;0.00;0.00;0.00;8.03;70.49;1.02;7.66;0.00;0.00;0.00;0.00;0.29;0.42;1.34
-41.99;-20.22;0.00;0.00;4.60;0.00;0.00;0.00;1.76;59.95;1.02;0.00;0.00;0.00;0.00;0.00;0.29;0.42;1.03
-31.39;-21.93;1.11;0.00;6.57;0.00;0.00;0.05;0.00;49.15;1.46;0.00;0.00;0.00;0.00;0.00;0.29;0.42;0.84
-35.24;-19.32;0.00;0.00;6.60;0.00;0.00;0.00;1.52;49.11;1.47;0.00;0.00;0.00;0.00;0.00;0.00;0.43;0.84
-33.05;-19.06;0.00;0.00;6.33;0.00;0.00;0.00;1.06;47.53;1.41;0.00;0.00;0.00;0.00;0.00;0.00;0.43;0.81
-50.67;-20.86;0.00;0.00;8.21;0.00;0.00;0.00;4.83;60.29;1.82;0.00;0.00;0.00;0.00;0.00;0.00;0.43;1.03
-73.75;-19.16;0.00;0.49;12.23;0.00;1.45;0.00;10.00;70.49;2.72;2.64;0.00;3.76;0.00;0.00;0.00;0.43;1.14
-71.02;-16.15;0.00;0.24;12.85;0.00;0.10;0.00;10.00;70.49;2.86;0.11;0.00;6.94;0.00;0.00;0.12;0.03;0.99
-51.46;-16.42;0.00;0.00;14.97;0.00;0.00;0.00;9.79;38.78;3.33;0.00;0.00;0.00;0.00;0.00;0.17;0.00;0.66
-45.01;-16.97;0.00;0.00;17.92;0.00;0.00;0.00;9.35;28.95;3.98;0.00;0.00;0.00;0.00;0.00;0.17;0.00;0.50
-40.31;-13.73;0.00;0.11;19.46;0.00;0.00;0.00;10.00;18.01;4.33;0.00;0.00;0.85;0.00;0.00;0.17;0.00;0.28
-35.75;-12.80;0.00;0.08;20.38;0.00;0.00;0.00;10.00;10.19;4.53;0.00;0.00;0.46;0.00;0.00;0.20;0.00;0.16
-62.09;-16.75;0.00;1.60;18.13;0.00;0.00;0.00;10.00;54.20;4.03;0.00;0.00;5.50;0.00;0.00;0.22;0.00;0.76
-67.46;-16.16;0.00;1.31;29.74;0.00;0.00;0.00;10.00;58.78;6.61;0.00;0.00;19.31;0.00;0.00;0.60;0.00;0.40
-44.04;-14.51;0.00;0.92;24.02;0.00;0.00;0.00;10.00;22.47;5.34;0.00;0.00;5.10;0.00;0.00;0.91;0.00;0.23
-41.30;-17.69;0.00;0.00;14.49;0.00;0.00;0.00;6.81;34.51;3.22;0.00;0.00;0.00;0.00;0.00;1.13;0.00;0.59
-45.34;-18.50;0.00;0.00;8.76;0.00;0.00;0.00;4.98;50.74;1.95;0.00;0.00;0.00;0.00;0.00;1.13;0.00;0.87
-36.91;-17.43;0.00;0.00;6.73;0.00;0.00;0.00;2.81;46.55;1.50;0.00;0.00;0.00;0.00;0.00;1.13;0.00;0.80
-40.89;-20.32;0.00;0.00;4.75;0.00;0.00;0.00;1.54;59.00;1.06;0.00;0.00;0.00;0.00;0.00;1.13;0.00;1.01
-59.07;-21.86;0.00;0.00;3.05;0.00;0.00;0.00;4.07;70.49;0.68;8.71;0.00;0.00;0.00;0.00;1.13;0.00;1.36
-63.42;-20.04;0.00;0.00;0.94;0.00;0.00;0.00;4.98;70.49;0.21;12.95;0.00;0.00;0.00;0.00;1.13;0.00;1.43
-43.94;-18.06;0.00;0.00;2.15;0.00;0.00;0.00;2.17;62.36;0.48;0.00;0.00;0.00;0.00;0.00;1.13;0.00;1.07
-37.98;-19.87;0.00;0.00;2.17;0.00;0.00;0.00;0.06;61.25;0.48;0.00;0.00;0.00;0.00;0.00;1.13;0.00;1.05
-43.42;-19.21;0.00;0.00;2.47;0.00;0.00;0.00;1.67;63.46;0.55;0.00;0.00;0.00;0.00;0.00;1.13;0.00;1.09
-54.27;-17.79;0.00;0.00;3.13;0.00;0.00;0.00;4.94;67.59;0.69;0.00;0.00;0.00;0.00;0.00;1.13;0.00;1.16
-70.38;-19.64;0.00;0.00;3.07;0.00;0.00;0.00;7.54;70.49;0.68;13.09;0.00;0.00;0.00;0.00;1.13;0.00;1.43
-55.98;-23.35;0.00;0.00;1.87;0.00;0.00;0.00;2.23;70.49;0.42;11.66;0.00;0.00;0.00;0.00;1.13;0.00;1.41
-56.56;-25.99;0.00;0.00;1.56;0.00;0.00;0.00;1.01;70.49;0.35;17.83;0.00;0.00;0.00;0.00;1.13;0.00;1.51
-45.37;-24.12;1.06;0.00;1.69;0.00;0.00;0.00;0.00;70.49;0.38;3.33;0.00;0.00;0.00;0.00;1.13;0.00;1.26
-46.40;-22.84;0.00;0.00;1.37;0.00;0.00;0.00;0.20;70.49;0.31;4.34;0.00;0.00;0.00;0.00;0.85;0.00;1.28
-73.27;-24.93;0.00;0.00;1.03;0.00;0.00;0.00;4.88;70.49;0.23;29.75;0.00;0.00;0.00;0.00;0.85;0.00;1.72
-69.91;-24.34;0.00;0.00;0.82;0.00;0.00;0.00;4.34;70.49;0.18;26.48;0.00;0.00;0.00;0.00;0.85;0.00;1.66
-49.26;-21.33;0.00;0.00;0.52;0.00;0.00;0.00;1.15;70.49;0.12;5.43;0.00;0.00;0.00;0.00;0.85;0.00;1.30
-54.64;-21.88;0.00;0.00;0.22;0.00;0.00;0.00;1.94;70.49;0.05;11.24;0.00;0.00;0.00;0.00;0.85;0.00;1.40
-48.42;-21.87;0.00;0.00;0.01;0.00;0.00;0.00;0.51;70.49;0.00;6.90;0.00;0.00;0.00;0.00;0.85;0.00;1.33
-32.90;-18.88;3.23;0.00;0.00;0.00;0.00;0.00;0.00;53.93;0.00;0.00;0.00;0.00;0.00;0.00;0.85;0.00;0.92
-51.59;-18.44;0.00;0.00;0.00;0.00;0.00;0.00;2.78;70.49;0.00;2.75;0.00;0.00;0.00;0.00;0.00;0.00;1.25
-56.44;-18.01;0.00;0.00;0.00;0.00;0.00;0.00;4.02;70.49;0.00;5.66;0.00;0.00;0.00;0.00;0.00;0.00;1.30
-37.52;-17.70;0.00;0.00;0.00;0.00;0.00;0.00;0.06;61.25;0.00;0.00;0.00;0.00;0.00;0.00;0.00;0.00;1.05
-39.97;-15.81;0.00;0.00;0.00;0.00;0.00;0.00;1.46;59.54;0.00;0.00;0.00;0.00;0.00;0.00;0.00;0.00;1.02
-56.93;-17.00;0.00;0.00;0.00;0.00;0.00;0.00;4.59;70.49;0.00;4.10;0.00;0.00;0.00;0.00;0.00;0.00;1.28
-48.34;-16.07;0.00;0.00;0.00;0.00;0.00;0.00;3.16;66.30;0.00;0.00;0.00;0.00;0.00;0.00;0.00;0.00;1.14
-31.79;-14.77;0.00;0.00;0.00;0.00;0.00;0.00;0.16;51.46;0.00;0.00;0.00;0.00;0.00;0.00;0.00;0.00;0.88
-45.57;-14.84;0.00;0.00;0.00;0.00;0.00;0.00;3.12;61.93;0.00;0.00;0.00;0.00;0.00;0.00;0.00;0.00;1.06
-56.24;-14.11;0.00;0.00;0.00;0.00;0.00;0.00;5.77;68.56;0.00;0.00;0.00;0.00;0.00;0.00;0.00;0.00;1.17
-40.36;-13.04;0.00;0.00;0.00;0.00;0.00;0.00;2.81;54.65;0.00;0.00;0.00;0.00;0.00;0.00;0.00;0.00;0.94
-40.42;-10.29;0.00;0.00;0.00;0.00;0.00;0.00;4.08;49.55;0.00;0.00;0.00;0.00;0.00;0.00;0.00;0.00;0.85
-42.41;-10.26;0.00;0.00;0.00;0.00;0.00;0.00;4.52;50.98;0.00;0.00;0.00;0.00;0.00;0.00;0.00;0.00;0.87
-29.91;-10.89;0.00;0.00;0.00;0.00;0.00;0.00;1.52;42.80;0.00;0.00;0.00;0.00;0.00;0.00;0.00;0.00;0.73
-29.48;-12.26;0.00;0.00;0.00;0.00;0.00;0.00;0.80;45.05;0.00;0.00;0.00;0.00;0.00;0.00;0.00;0.00;0.77
-44.51;-12.95;0.00;0.00;0.00;0.00;0.00;0.00;3.75;57.59;0.00;0.00;0.00;0.00;0.00;0.00;0.00;0.00;0.99
-49.59;-12.60;0.00;0.00;0.00;0.00;0.00;0.00;5.02;60.75;0.00;0.00;0.00;0.00;0.00;0.00;0.00;0.00;1.04
-36.02;-11.59;0.00;0.00;0.00;0.00;0.00;0.00;2.53;48.70;0.00;0.00;0.00;0.00;0.00;0.00;0.00;0.00;0.83
-27.64;-10.98;0.00;0.00;0.00;0.00;0.00;0.00;0.99;41.27;0.00;0.00;0.00;0.00;0.00;0.00;0.00;0.00;0.71
-33.78;-10.84;0.00;0.00;0.00;0.00;0.00;0.00;2.38;45.60;0.00;0.00;0.00;0.00;0.00;0.00;0.00;0.00;0.78
-44.35;-11.01;0.00;0.00;0.00;0.00;0.00;0.00;4.60;53.84;0.00;0.00;0.00;0.00;0.00;0.00;0.00;0.00;0.92
-36.75;-10.32;0.00;0.00;0.00;0.00;0.00;0.00;3.27;46.86;0.00;0.00;0.00;0.00;0.00;0.00;0.00;0.00;0.80
-30.71;-9.52;0.00;0.00;0.00;0.00;0.00;0.00;2.32;40.82;0.00;0.00;0.00;0.00;0.00;0.00;0.00;0.00;0.70
-35.58;-9.45;0.00;0.00;0.00;0.00;0.00;0.00;3.41;44.35;0.00;0.00;0.00;0.00;0.00;0.00;0.00;0.00;0.76
-52.15;-10.19;0.00;0.00;0.00;0.00;0.00;0.00;6.67;58.14;0.00;0.00;0.00;0.00;0.00;0.00;0.00;0.00;1.00
-44.05;-10.30;0.00;0.01;0.00;0.00;0.00;0.00;4.86;52.31;0.00;0.00;0.00;0.00;0.00;0.00;0.00;0.00;0.90
-35.64;-9.85;0.00;0.00;0.00;0.00;0.00;0.00;3.24;45.15;0.00;0.00;0.00;0.00;0.00;0.00;0.00;0.00;0.77
-35.54;-9.60;0.00;0.00;0.00;0.00;0.00;0.00;3.33;44.61;0.00;0.00;0.00;0.00;0.00;0.00;0.00;0.00;0.76
-38.54;-9.67;0.00;0.00;0.00;0.00;0.00;0.00;3.95;46.97;0.00;0.00;0.00;0.00;0.00;0.00;0.00;0.00;0.80
-33.87;-9.74;0.00;0.00;0.00;0.00;0.00;0.00;2.91;43.61;0.00;0.00;0.00;0.00;0.00;0.00;0.00;0.00;0.75
-42.33;-9.86;0.00;0.00;0.00;0.00;0.00;0.00;4.69;50.17;0.00;0.00;0.00;0.00;0.00;0.00;0.00;0.00;0.86
-57.98;-9.78;0.00;0.00;0.00;0.00;0.00;0.00;8.12;61.75;0.00;0.00;0.00;0.00;0.00;0.00;0.00;0.00;1.06
-53.71;-11.06;0.00;0.00;0.00;0.00;0.00;0.00;6.62;60.94;0.00;0.00;0.00;0.00;0.00;0.00;0.00;0.00;1.04
-43.30;-11.24;0.00;0.00;0.00;0.00;0.00;0.00;4.27;53.48;0.00;0.00;0.00;0.00;0.00;0.00;0.00;0.00;0.92
-38.05;-10.87;0.00;0.00;0.00;0.00;0.00;0.00;3.30;48.86;0.00;0.00;0.00;0.00;0.00;0.00;0.01;0.00;0.84
-37.35;-11.52;0.00;0.00;0.05;0.00;0.00;0.00;2.87;49.45;0.01;0.00;0.00;0.00;0.00;0.00;0.01;0.00;0.85
-52.67;-13.14;0.00;0.00;0.24;0.00;0.00;0.00;5.54;63.57;0.05;0.00;0.00;0.00;0.00;0.00;0.01;0.00;1.09
-58.31;-14.12;0.00;0.00;0.53;0.00;0.00;0.00;6.43;69.05;0.12;0.00;0.00;0.00;0.00;0.00;0.01;0.00;1.18
-56.03;-14.71;0.00;0.00;0.84;0.00;0.00;0.00;5.79;67.80;0.19;0.00;0.00;0.00;0.00;0.00;0.01;0.00;1.16
-76.20;-16.78;0.00;0.00;1.15;0.00;0.00;0.00;9.32;70.49;0.25;16.09;0.00;0.00;0.00;0.00;0.01;0.00;1.48
-80.83;-16.76;0.00;1.06;1.56;0.00;0.00;0.00;10.00;70.49;0.35;20.81;0.00;0.00;0.00;0.00;0.01;0.00;1.56
-40.08;-14.89;0.00;0.13;2.46;0.00;0.00;0.00;2.85;53.13;0.55;0.00;0.00;0.00;0.00;0.00;0.26;0.00;0.91
-56.47;-13.57;0.00;0.13;2.66;0.00;0.00;0.00;7.09;62.54;0.59;0.00;0.00;0.00;0.00;0.00;0.29;0.00;1.07
-69.70;-13.25;0.00;0.43;2.73;0.00;0.00;0.00;10.00;70.49;0.61;1.82;0.00;0.00;0.00;0.00;0.32;0.00;1.24
-51.21;-14.97;0.00;0.00;2.26;0.00;0.00;0.00;5.21;61.78;0.50;0.00;0.00;0.00;0.00;0.00;0.42;0.00;1.06
-51.90;-16.41;0.00;0.00;2.02;0.00;0.00;0.00;4.60;65.48;0.45;0.00;0.00;0.00;0.00;0.00;0.42;0.00;1.12
-52.59;-17.20;0.00;0.00;1.63;0.00;0.00;0.00;4.23;68.28;0.36;0.00;0.00;0.00;0.00;0.00;0.42;0.00;1.17
-39.62;-17.41;0.00;0.00;1.76;0.00;0.00;0.00;1.37;58.70;0.39;0.00;0.00;0.00;0.00;0.00;0.42;0.00;1.01
-30.00;-17.66;0.50;0.00;2.25;0.00;0.00;1.86;0.00;51.41;0.50;0.00;0.00;0.00;0.00;0.00;0.42;0.00;0.88
-43.85;-17.55;0.00;0.00;2.85;0.00;0.00;0.00;2.67;59.90;0.63;0.00;0.00;0.00;0.00;0.00;0.29;0.42;1.03
-51.37;-19.11;0.00;0.00;3.16;0.00;0.00;0.00;3.72;67.83;0.70;0.00;0.00;0.00;0.00;0.00;0.29;0.42;1.16
-35.30;-17.26;0.00;0.00;3.09;0.00;0.00;0.00;1.04;52.46;0.69;0.00;0.00;0.00;0.00;0.00;0.29;0.42;0.90
-44.01;-18.47;0.00;0.00;3.25;0.00;0.00;0.00;2.45;60.94;0.72;0.00;0.00;0.00;0.00;0.00;0.29;0.42;1.04
-53.00;-17.48;0.00;0.00;2.66;0.00;0.00;0.00;4.61;67.01;0.59;0.00;0.00;0.00;0.00;0.00;0.29;0.42;1.15
-49.33;-13.59;0.00;0.00;2.76;0.00;0.00;0.00;5.64;56.76;0.61;0.00;0.00;0.00;0.00;0.00;0.29;0.42;0.97
-44.70;-15.20;0.00;0.00;2.61;0.00;0.00;0.00;3.83;56.62;0.58;0.00;0.00;0.00;0.00;0.00;0.29;0.42;0.97
-38.81;-18.04;0.00;0.00;3.37;0.00;0.00;0.00;1.57;55.97;0.75;0.00;0.00;0.00;0.00;0.00;0.29;0.42;0.96
-49.61;-19.90;0.00;0.00;5.01;0.00;0.00;0.00;3.73;64.20;1.11;0.00;0.00;0.00;0.00;0.00;0.29;0.42;1.10
-47.57;-18.95;0.00;0.00;4.89;0.00;0.00;0.00;3.67;61.15;1.09;0.00;0.00;0.00;0.00;0.00;0.29;0.42;1.05
-39.45;-17.12;0.00;0.00;6.09;0.00;0.00;0.00;3.24;49.18;1.35;0.00;0.00;0.00;0.00;0.00;0.29;0.42;0.84
-57.95;-16.25;0.00;0.00;5.07;0.00;0.00;0.00;7.24;63.50;1.13;0.00;0.00;0.00;0.00;0.00;0.29;0.42;1.09
-68.71;-19.16;0.00;0.00;4.61;0.00;0.00;0.00;8.03;70.49;1.02;7.66;0.00;0.00;0.00;0.00;0.29;0.42;1.34
-41.99;-20.22;0.00;0.00;4.60;0.00;0.00;0.00;1.76;59.95;1.02;0.00;0.00;0.00;0.00;0.00;0.29;0.42;1.03
-31.39;-21.93;1.11;0.00;6.57;0.00;0.00;0.05;0.00;49.15;1.46;0.00;0.00;0.00;0.00;0.00;0.29;0.42;0.84
-35.24;-19.32;0.00;0.00;6.60;0.00;0.00;0.00;1.52;49.11;1.47;0.00;0.00;0.00;0.00;0.00;0.00;0.43;0.84
-33.05;-19.06;0.00;0.00;6.33;0.00;0.00;0.00;1.06;47.53;1.41;0.00;0.00;0.00;0.00;0.00;0.00;0.43;0.81
-50.67;-20.86;0.00;0.00;8.21;0.00;0.00;0.00;4.83;60.29;1.82;0.00;0.00;0.00;0.00;0.00;0.00;0.43;1.03
-73.75;-19.16;0.00;0.49;12.23;0.00;1.45;0.00;10.00;70.49;2.72;2.64;0.00;3.76;0.00;0.00;0.00;0.43;1.14
-71.02;-16.15;0.00;0.24;12.85;0.00;0.10;0.00;10.00;70.49;2.86;0.11;0.00;6.94;0.00;0.00;0.12;0.03;0.99
-51.46;-16.42;0.00;0.00;14.97;0.00;0.00;0.00;9.79;38.78;3.33;0.00;0.00;0.00;0.00;0.00;0.17;0.00;0.66
-45.01;-16.97;0.00;0.00;17.92;0.00;0.00;0.00;9.35;28.95;3.98;0.00;0.00;0.00;0.00;0.00;0.17;0.00;0.50
-40.31;-13.73;0.00;0.11;19.46;0.00;0.00;0.00;10.00;18.01;4.33;0.00;0.00;0.85;0.00;0.00;0.17;0.00;0.28
-35.75;-12.80;0.00;0.08;20.38;0.00;0.00;0.00;10.00;10.19;4.53;0.00;0.00;0.46;0.00;0.00;0.20;0.00;0.16
-62.09;-16.75;0.00;1.60;18.13;0.00;0.00;0.00;10.00;54.20;4.03;0.00;0.00;5.50;0.00;0.00;0.22;0.00;0.76
-67.46;-16.16;0.00;1.31;29.74;0.00;0.00;0.00;10.00;58.78;6.61;0.00;0.00;19.31;0.00;0.00;0.60;0.00;0.40
-44.04;-14.51;0.00;0.92;24.02;0.00;0.00;0.00;10.00;22.47;5.34;0.00;0.00;5.10;0.00;0.00;0.91;0.00;0.23
-41.30;-17.69;0.00;0.00;14.49;0.00;0.00;0.00;6.81;34.51;3.22;0.00;0.00;0.00;0.00;0.00;1.13;0.00;0.59
-45.34;-18.50;0.00;0.00;8.76;0.00;0.00;0.00;4.98;50.74;1.95;0.00;0.00;0.00;0.00;0.00;1.13;0.00;0.87
-36.91;-17.43;0.00;0.00;6.73;0.00;0.00;0.00;2.81;46.55;1.50;0.00;0.00;0.00;0.00;0.00;1.13;0.00;0.80
-40.89;-20.32;0.00;0.00;4.75;0.00;0.00;0.00;1.54;59.00;1.06;0.00;0.00;0.00;0.00;0.00;1.13;0.00;1.01
-59.07;-21.86;0.00;0.00;3.05;0.00;0.00;0.00;4.07;70.49;0.68;8.71;0.00;0.00;0.00;0.00;1.13;0.00;1.36
-63.42;-20.04;0.00;0.00;0.94;0.00;0.00;0.00;4.98;70.49;0.21;12.95;0.00;0.00;0.00;0.00;1.13;0.00;1.43
-43.94;-18.06;0.00;0.00;2.15;0.00;0.00;0.00;2.17;62.36;0.48;0.00;0.00;0.00;0.00;0.00;1.13;0.00;1.07
-37.98;-19.87;0.00;0.00;2.17;0.00;0.00;0.00;0.06;61.25;0.48;0.00;0.00;0.00;0.00;0.00;1.13;0.00;1.05
-43.42;-19.21;0.00;0.00;2.47;0.00;0.00;0.00;1.67;63.46;0.55;0.00;0.00;0.00;0.00;0.00;1.13;0.00;1.09
-54.27;-17.79;0.00;0.00;3.13;0.00;0.00;0.00;4.94;67.59;0.69;0.00;0.00;0.00;0.00;0.00;1.13;0.00;1.16
-70.38;-19.64;0.00;0.00;3.07;0.00;0.00;0.00;7.54;70.49;0.68;13.09;0.00;0.00;0.00;0.00;1.13;0.00;1.43
-55.98;-23.35;0.00;0.00;1.87;0.00;0.00;0.00;2.23;70.49;0.42;11.66;0.00;0.00;0.00;0.00;1.13;0.00;1.41
-56.56;-25.99;0.00;0.00;1.56;0.00;0.00;0.00;1.01;70.49;0.35;17.83;0.00;0.00;0.00;0.00;1.13;0.00;1.51
-45.37;-24.12;1.06;0.00;1.69;0.00;0.00;0.00;0.00;70.49;0.38;3.33;0.00;0.00;0.00;0.00;1.13;0.00;1.26
-46.40;-22.84;0.00;0.00;1.37;0.00;0.00;0.00;0.20;70.49;0.31;4.34;0.00;0.00;0.00;0.00;0.85;0.00;1.28
-73.27;-24.93;0.00;0.00;1.03;0.00;0.00;0.00;4.88;70.49;0.23;29.75;0.00;0.00;0.00;0.00;0.85;0.00;1.72
-69.91;-24.34;0.00;0.00;0.82;0.00;0.00;0.00;4.34;70.49;0.18;26.48;0.00;0.00;0.00;0.00;0.85;0.00;1.66
-49.26;-21.33;0.00;0.00;0.52;0.00;0.00;0.00;1.15;70.49;0.12;5.43;0.00;0.00;0.00;0.00;0.85;0.00;1.30
-54.64;-21.88;0.00;0.00;0.22;0.00;0.00;0.00;1.94;70.49;0.05;11.24;0.00;0.00;0.00;0.00;0.85;0.00;1.40
-48.42;-21.87;0.00;0.00;0.01;0.00;0.00;0.00;0.51;70.49;0.00;6.90;0.00;0.00;0.00;0.00;0.85;0.00;1.33
-32.90;-18.88;3.23;0.00;0.00;0.00;0.00;0.00;0.00;53.93;0.00;0.00;0.00;0.00;0.00;0.00;0.85;0.00;0.92
-51.59;-18.44;0.00;0.00;0.00;0.00;0.00;0.00;2.78;70.49;0.00;2.75;0.00;0.00;0.00;0.00;0.00;0.00;1.25
-56.44;-18.01;0.00;0.00;0.00;0.00;0.00;0.00;4.02;70.49;0.00;5.66;0.00;0.00;0.00;0.00;0.00;0.00;1.30
-37.52;-17.70;0.00;0.00;0.00;0.00;0.00;0.00;0.06;61.25;0.00;0.00;0.00;0.00;0.00;0.00;0.00;0.00;1.05
-39.97;-15.81;0.00;0.00;0.00;0.00;0.00;0.00;1.46;59.54;0.00;0.00;0.00;0.00;0.00;0.00;0.00;0.00;1.02
-56.93;-17.00;0.00;0.00;0.00;0.00;0.00;0.00;4.59;70.49;0.00;4.10;0.00;0.00;0.00;0.00;0.00;0.00;1.28
-48.34;-16.07;0.00;0.00;0.00;0.00;0.00;0.00;3.16;66.30;0.00;0.00;0.00;0.00;0.00;0.00;0.00;0.00;1.14
-31.79;-14.77;0.00;0.00;0.00;0.00;0.00;0.00;0.16;51.46;0.00;0.00;0.00;0.00;0.00;0.00;0.00;0.00;0.88
-45.57;-14.84;0.00;0.00;0.00;0.00;0.00;0.00;3.12;61.93;0.00;0.00;0.00;0.00;0.00;0.00;0.00;0.00;1.06
-56.24;-14.11;0.00;0.00;0.00;0.00;0.00;0.00;5.77;68.56;0.00;0.00;0.00;0.00;0.00;0.00;0.00;0.00;1.17
-40.36;-13.04;0.00;0.00;0.00;0.00;0.00;0.00;2.81;54.65;0.00;0.00;0.00;0.00;0.00;0.00;0.00;0.00;0.94
-40.42;-10.29;0.00;0.00;0.00;0.00;0.00;0.00;4.08;49.55;0.00;0.00;0.00;0.00;0.00;0.00;0.00;0.00;0.85
-42.41;-10.26;0.00;0.00;0.00;0.00;0.00;0.00;4.52;50.98;0.00;0.00;0.00;0.00;0.00;0.00;0.00;0.00;0.87
-29.91;-10.89;0.00;0.00;0.00;0.00;0.00;0.00;1.52;42.80;0.00;0.00;0.00;0.00;0.00;0.00;0.00;0.00;0.73
-29.48;-12.26;0.00;0.00;0.00;0.00;0.00;0.00;0.80;45.05;0.00;0.00;0.00;0.00;0.00;0.00;0.00;0.00;0.77
-44.51;-12.95;0.00;0.00;0.00;0.00;0.00;0.00;3.75;57.59;0.00;0.00;0.00;0.00;0.00;0.00;0.00;0.00;0.99
-49.59;-12.60;0.00;0.00;0.00;0.00;0.00;0.00;5.02;60.75;0.00;0.00;0.00;0.00;0.00;0.00;0.00;0.00;1.04
-36.02;-11.59;0.00;0.00;0.00;0.00;0.00;0.00;2.53;48.70;0.00;0.00;0.00;0.00;0.00;0.00;0.00;0.00;0.83
-27.64;-10.98;0.00;0.00;0.00;0.00;0.00;0.00;0.99;41.27;0.00;0.00;0.00;0.00;0.00;0.00;0.00;0.00;0.71
-33.78;-10.84;0.00;0.00;0.00;0.00;0.00;0.00;2.38;45.60;0.00;0.00;0.00;0.00;0.00;0.00;0.00;0.00;0.78
-44.35;-11.01;0.00;0.00;0.00;0.00;0.00;0.00;4.60;53.84;0.00;0.00;0.00;0.00;0.00;0.00;0.00;0.00;0.92
-36.75;-10.32;0.00;0.00;0.00;0.00;0.00;0.00;3.27;46.86;0.00;0.00;0.00;0.00;0.00;0.00;0.00;0.00;0.80
-30.71;-9.52;0.00;0.00;0.00;0.00;0.00;0.00;2.32;40.82;0.00;0.00;0.00;0.00;0.00;0.00;0.00;0.00;0.70
-35.58;-9.45;0.00;0.00;0.00;0.00;0.00;0.00;3.41;44.35;0.00;0.00;0.00;0.00;0.00;0.00;0.00;0.00;0.76
-52.15;-10.19;0.00;0.00;0.00;0.00;0.00;0.00;6.67;58.14;0.00;0.00;0.00;0.00;0.00;0.00;0.00;0.00;1.00
-44.05;-10.30;0.00;0.01;0.00;0.00;0.00;0.00;4.86;52.31;0.00;0.00;0.00;0.00;0.00;0.00;0.00;0.00;0.90
-35.64;-9.85;0.00;0.00;0.00;0.00;0.00;0.00;3.24;45.15;0.00;0.00;0.00;0.00;0.00;0.00;0.00;0.00;0.77
-35.54;-9.60;0.00;0.00;0.00;0.00;0.00;0.00;3.33;44.61;0.00;0.00;0.00;0.00;0.00;0.00;0.00;0.00;0.76
-38.54;-9.67;0.00;0.00;0.00;0.00;0.00;0.00;3.95;46.97;0.00;0.00;0.00;0.00;0.00;0.00;0.00;0.00;0.80
-33.87;-9.74;0.00;0.00;0.00;0.00;0.00;0.00;2.91;43.61;0.00;0.00;0.00;0.00;0.00;0.00;0.00;0.00;0.75
-42.33;-9.86;0.00;0.00;0.00;0.00;0.00;0.00;4.69;50.17;0.00;0.00;0.00;0.00;0.00;0.00;0.00;0.00;0.86
-57.98;-9.78;0.00;0.00;0.00;0.00;0.00;0.00;8.12;61.75;0.00;0.00;0.00;0.00;0.00;0.00;0.00;0.00;1.06
-53.71;-11.06;0.00;0.00;0.00;0.00;0.00;0.00;6.62;60.94;0.00;0.00;0.00;0.00;0.00;0.00;0.00;0.00;1.04
-43.30;-11.24;0.00;0.00;0.00;0.00;0.00;0.00;4.27;53.48;0.00;0.00;0.00;0.00;0.00;0.00;0.00;0.00;0.92
-38.05;-10.87;0.00;0.00;0.00;0.00;0.00;0.00;3.30;48.86;0.00;0.00;0.00;0.00;0.00;0.00;0.01;0.00;0.84
-37.35;-11.52;0.00;0.00;0.05;0.00;0.00;0.00;2.87;49.45;0.01;0.00;0.00;0.00;0.00;0.00;0.01;0.00;0.85
-52.67;-13.14;0.00;0.00;0.24;0.00;0.00;0.00;5.54;63.57;0.05;0.00;0.00;0.00;0.00;0.00;0.01;0.00;1.09
-58.31;-14.12;0.00;0.00;0.53;0.00;0.00;0.00;6.43;69.05;0.12;0.00;0.00;0.00;0.00;0.00;0.01;0.00;1.18
-56.03;-14.71;0.00;0.00;0.84;0.00;0.00;0.00;5.79;67.80;0.19;0.00;0.00;0.00;0.00;0.00;0.01;0.00;1.16
-76.20;-16.78;0.00;0.00;1.15;0.00;0.00;0.00;9.32;70.49;0.25;16.09;0.00;0.00;0.00;0.00;0.01;0.00;1.48
-80.83;-16.76;0.00;1.06;1.56;0.00;0.00;0.00;10.00;70.49;0.35;20.81;0.00;0.00;0.00;0.00;0.01;0.00;1.56
-40.08;-14.89;0.00;0.13;2.46;0.00;0.00;0.00;2.85;53.13;0.55;0.00;0.00;0.00;0.00;0.00;0.26;0.00;0.91
-56.47;-13.57;0.00;0.13;2.66;0.00;0.00;0.00;7.09;62.54;0.59;0.00;0.00;0.00;0.00;0.00;0.29;0.00;1.07
-69.70;-13.25;0.00;0.43;2.73;0.00;0.00;0.00;10.00;70.49;0.61;1.82;0.00;0.00;0.00;0.00;0.32;0.00;1.24
-51.21;-14.97;0.00;0.00;2.26;0.00;0.00;0.00;5.21;61.78;0.50;0.00;0.00;0.00;0.00;0.00;0.42;0.00;1.06
-51.90;-16.41;0.00;0.00;2.02;0.00;0.00;0.00;4.60;65.48;0.45;0.00;0.00;0.00;0.00;0.00;0.42;0.00;1.12
-52.59;-17.20;0.00;0.00;1.63;0.00;0.00;0.00;4.23;68.28;0.36;0.00;0.00;0.00;0.00;0.00;0.42;0.00;1.17
-39.62;-17.41;0.00;0.00;1.76;0.00;0.00;0.00;1.37;58.70;0.39;0.00;0.00;0.00;0.00;0.00;0.42;0.00;1.01
-30.00;-17.66;0.50;0.00;2.25;0.00;0.00;1.86;0.00;51.41;0.50;0.00;0.00;0.00;0.00;0.00;0.42;0.00;0.88
-43.85;-17.55;0.00;0.00;2.85;0.00;0.00;0.00;2.67;59.90;0.63;0.00;0.00;0.00;0.00;0.00;0.29;0.42;1.03
-51.37;-19.11;0.00;0.00;3.16;0.00;0.00;0.00;3.72;67.83;0.70;0.00;0.00;0.00;0.00;0.00;0.29;0.42;1.16
-35.30;-17.26;0.00;0.00;3.09;0.00;0.00;0.00;1.04;52.46;0.69;0.00;0.00;0.00;0.00;0.00;0.29;0.42;0.90
-44.01;-18.47;0.00;0.00;3.25;0.00;0.00;0.00;2.45;60.94;0.72;0.00;0.00;0.00;0.00;0.00;0.29;0.42;1.04
-53.00;-17.48;0.00;0.00;2.66;0.00;0.00;0.00;4.61;67.01;0.59;0.00;0.00;0.00;0.00;0.00;0.29;0.42;1.15
-49.33;-13.59;0.00;0.00;2.76;0.00;0.00;0.00;5.64;56.76;0.61;0.00;0.00;0.00;0.00;0.00;0.29;0.42;0.97
-44.70;-15.20;0.00;0.00;2.61;0.00;0.00;0.00;3.83;56.62;0.58;0.00;0.00;0.00;0.00;0.00;0.29;0.42;0.97
-38.81;-18.04;0.00;0.00;3.37;0.00;0.00;0.00;1.57;55.97;0.75;0.00;0.00;0.00;0.00;0.00;0.29;0.42;0.96
-49.61;-19.90;0.00;0.00;5.01;0.00;0.00;0.00;3.73;64.20;1.11;0.00;0.00;0.00;0.00;0.00;0.29;0.42;1.10
-47.57;-18.95;0.00;0.00;4.89;0.00;0.00;0.00;3.67;61.15;1.09;0.00;0.00;0.00;0.00;0.00;0.29;0.42;1.05
-39.45;-17.12;0.00;0.00;6.09;0.00;0.00;0.00;3.24;49.18;1.35;0.00;0.00;0.00;0.00;0.00;0.29;0.42;0.84
-57.95;-16.25;0.00;0.00;5.07;0.00;0.00;0.00;7.24;63.50;1.13;0.00;0.00;0.00;0.00;0.00;0.29;0.42;1.09
-68.71;-19.16;0.00;0.00;4.61;0.00;0.00;0.00;8.03;70.49;1.02;7.66;0.00;0.00;0.00;0.00;0.29;0.42;1.34
-41.99;-20.22;0.00;0.00;4.60;0.00;0.00;0.00;1.76;59.95;1.02;0.00;0.00;0.00;0.00;0.00;0.29;0.42;1.03
-31.39;-21.93;1.11;0.00;6.57;0.00;0.00;0.05;0.00;49.15;1.46;0.00;0.00;0.00;0.00;0.00;0.29;0.42;0.84
-35.24;-19.32;0.00;0.00;6.60;0.00;0.00;0.00;1.52;49.11;1.47;0.00;0.00;0.00;0.00;0.00;0.00;0.43;0.84
-33.05;-19.06;0.00;0.00;6.33;0.00;0.00;0.00;1.06;47.53;1.41;0.00;0.00;0.00;0.00;0.00;0.00;0.43;0.81
-50.67;-20.86;0.00;0.00;8.21;0.00;0.00;0.00;4.83;60.29;1.82;0.00;0.00;0.00;0.00;0.00;0.00;0.43;1.03
-73.75;-19.16;0.00;0.49;12.23;0.00;1.45;0.00;10.00;70.49;2.72;2.64;0.00;3.76;0.00;0.00;0.00;0.43;1.14
-71.02;-16.15;0.00;0.24;12.85;0.00;0.10;0.00;10.00;70.49;2.86;0.11;0.00;6.94;0.00;0.00;0.12;0.03;0.99
-51.46;-16.42;0.00;0.00;14.97;0.00;0.00;0.00;9.79;38.78;3.33;0.00;0.00;0.00;0.00;0.00;0.17;0.00;0.66
-45.01;-16.97;0.00;0.00;17.92;0.00;0.00;0.00;9.35;28.95;3.98;0.00;0.00;0.00;0.00;0.00;0.17;0.00;0.50
-40.31;-13.73;0.00;0.11;19.46;0.00;0.00;0.00;10.00;18.01;4.33;0.00;0.00;0.85;0.00;0.00;0.17;0.00;0.28
-35.75;-12.80;0.00;0.08;20.38;0.00;0.00;0.00;10.00;10.19;4.53;0.00;0.00;0.46;0.00;0.00;0.20;0.00;0.16
-62.09;-16.75;0.00;1.60;18.13;0.00;0.00;0.00;10.00;54.20;4.03;0.00;0.00;5.50;0.00;0.00;0.22;0.00;0.76
-67.46;-16.16;0.00;1.31;29.74;0.00;0.00;0.00;10.00;58.78;6.61;0.00;0.00;19.31;0.00;0.00;0.60;0.00;0.40
-44.04;-14.51;0.00;0.92;24.02;0.00;0.00;0.00;10.00;22.47;5.34;0.00;0.00;5.10;0.00;0.00;0.91;0.00;0.23
-41.30;-17.69;0.00;0.00;14.49;0.00;0.00;0.00;6.81;34.51;3.22;0.00;0.00;0.00;0.00;0.00;1.13;0.00;0.59
-45.34;-18.50;0.00;0.00;8.76;0.00;0.00;0.00;4.98;50.74;1.95;0.00;0.00;0.00;0.00;0.00;1.13;0.00;0.87
-36.91;-17.43;0.00;0.00;6.73;0.00;0.00;0.00;2.81;46.55;1.50;0.00;0.00;0.00;0.00;0.00;1.13;0.00;0.80
-40.89;-20.32;0.00;0.00;4.75;0.00;0.00;0.00;1.54;59.00;1.06;0.00;0.00;0.00;0.00;0.00;1.13;0.00;1.01
-59.07;-21.86;0.00;0.00;3.05;0.00;0.00;0.00;4.07;70.49;0.68;8.71;0.00;0.00;0.00;0.00;1.13;0.00;1.36
-63.42;-20.04;0.00;0.00;0.94;0.00;0.00;0.00;4.98;70.49;0.21;12.95;0.00;0.00;0.00;0.00;1.13;0.00;1.43
-43.94;-18.06;0.00;0.00;2.15;0.00;0.00;0.00;2.17;62.36;0.48;0.00;0.00;0.00;0.00;0.00;1.13;0.00;1.07
-37.98;-19.87;0.00;0.00;2.17;0.00;0.00;0.00;0.06;61.25;0.48;0.00;0.00;0.00;0.00;0.00;1.13;0.00;1.05
-43.42;-19.21;0.00;0.00;2.47;0.00;0.00;0.00;1.67;63.46;0.55;0.00;0.00;0.00;0.00;0.00;1.13;0.00;1.09
-54.27;-17.79;0.00;0.00;3.13;0.00;0.00;0.00;4.94;67.59;0.69;0.00;0.00;0.00;0.00;0.00;1.13;0.00;1.16
-70.38;-19.64;0.00;0.00;3.07;0.00;0.00;0.00;7.54;70.49;0.68;13.09;0.00;0.00;0.00;0.00;1.13;0.00;1.43
-55.98;-23.35;0.00;0.00;1.87;0.00;0.00;0.00;2.23;70.49;0.42;11.66;0.00;0.00;0.00;0.00;1.13;0.00;1.41
-56.56;-25.99;0.00;0.00;1.56;0.00;0.00;0.00;1.01;70.49;0.35;17.83;0.00;0.00;0.00;0.00;1.13;0.00;1.51
-45.37;-24.12;1.06;0.00;1.69;0.00;0.00;0.00;0.00;70.49;0.38;3.33;0.00;0.00;0.00;0.00;1.13;0.00;1.26
-46.40;-22.84;0.00;0.00;1.37;0.00;0.00;0.00;0.20;70.49;0.31;4.34;0.00;0.00;0.00;0.00;0.85;0.00;1.28
-73.27;-24.93;0.00;0.00;1.03;0.00;0.00;0.00;4.88;70.49;0.23;29.75;0.00;0.00;0.00;0.00;0.85;0.00;1.72
-69.91;-24.34;0.00;0.00;0.82;0.00;0.00;0.00;4.34;70.49;0.18;26.48;0.00;0.00;0.00;0.00;0.85;0.00;1.66
-49.26;-21.33;0.00;0.00;0.52;0.00;0.00;0.00;1.15;70.49;0.12;5.43;0.00;0.00;0.00;0.00;0.85;0.00;1.30
-54.64;-21.88;0.00;0.00;0.22;0.00;0.00;0.00;1.94;70.49;0.05;11.24;0.00;0.00;0.00;0.00;0.85;0.00;1.40
-48.42;-21.87;0.00;0.00;0.01;0.00;0.00;0.00;0.51;70.49;0.00;6.90;0.00;0.00;0.00;0.00;0.85;0.00;1.33
-32.90;-18.88;3.23;0.00;0.00;0.00;0.00;0.00;0.00;53.93;0.00;0.00;0.00;0.00;0.00;0.00;0.85;0.00;0.92
-51.59;-18.44;0.00;0.00;0.00;0.00;0.00;0.00;2.78;70.49;0.00;2.75;0.00;0.00;0.00;0.00;0.00;0.00;1.25
-56.44;-18.01;0.00;0.00;0.00;0.00;0.00;0.00;4.02;70.49;0.00;5.66;0.00;0.00;0.00;0.00;0.00;0.00;1.30
-37.52;-17.70;0.00;0.00;0.00;0.00;0.00;0.00;0.06;61.25;0.00;0.00;0.00;0.00;0.00;0.00;0.00;0.00;1.05
-39.97;-15.81;0.00;0.00;0.00;0.00;0.00;0.00;1.46;59.54;0.00;0.00;0.00;0.00;0.00;0.00;0.00;0.00;1.02
-56.93;-17.00;0.00;0.00;0.00;0.00;0.00;0.00;4.59;70.49;0.00;4.10;0.00;0.00;0.00;0.00;0.00;0.00;1.28
-48.34;-16.07;0.00;0.00;0.00;0.00;0.00;0.00;3.16;66.30;0.00;0.00;0.00;0.00;0.00;0.00;0.00;0.00;1.14
-31.79;-14.77;0.00;0.00;0.00;0.00;0.00;0.00;0.16;51.46;0.00;0.00;0.00;0.00;0.00;0.00;0.00;0.00;0.88
-45.57;-14.84;0.00;0.00;0.00;0.00;0.00;0.00;3.12;61.93;0.00;0.00;0.00;0.00;0.00;0.00;0.00;0.00;1.06
-56.24;-14.11;0.00;0.00;0.00;0.00;0.00;0.00;5.77;68.56;0.00;0.00;0.00;0.00;0.00;0.00;0.00;0.00;1.17
-40.36;-13.04;0.00;0.00;0.00;0.00;0.00;0.00;2.81;54.65;0.00;0.00;0.00;0.00;0.00;0.00;0.00;0.00;0.94
-40.42;-10.29;0.00;0.00;0.00;0.00;0.00;0.00;4.08;49.55;0.00;0.00;0.00;0.00;0.00;0.00;0.00;0.00;0.85
-42.41;-10.26;0.00;0.00;0.00;0.00;0.00;0.00;4.52;50.98;0.00;0.00;0.00;0.00;0.00;0.00;0.00;0.00;0.87
-29.91;-10.89;0.00;0.00;0.00;0.00;0.00;0.00;1.52;42.80;0.00;0.00;0.00;0.00;0.00;0.00;0.00;0.00;0.73
-29.48;-12.26;0.00;0.00;0.00;0.00;0.00;0.00;0.80;45.05;0.00;0.00;0.00;0.00;0.00;0.00;0.00;0.00;0.77
-44.51;-12.95;0.00;0.00;0.00;0.00;0.00;0.00;3.75;57.59;0.00;0.00;0.00;0.00;0.00;0.00;0.00;0.00;0.99
-49.59;-12.60;0.00;0.00;0.00;0.00;0.00;0.00;5.02;60.75;0.00;0.00;0.00;0.00;0.00;0.00;0.00;0.00;1.04
-36.02;-11.59;0.00;0.00;0.00;0.00;0.00;0.00;2.53;48.70;0.00;0.00;0.00;0.00;0.00;0.00;0.00;0.00;0.83
-27.64;-10.98;0.00;0.00;0.00;0.00;0.00;0.00;0.99;41.27;0.00;0.00;0.00;0.00;0.00;0.00;0.00;0.00;0.71
-33.78;-10.84;0.00;0.00;0.00;0.00;0.00;0.00;2.38;45.60;0.00;0.00;0.00;0.00;0.00;0.00;0.00;0.00;0.78
-44.35;-11.01;0.00;0.00;0.00;0.00;0.00;0.00;4.60;53.84;0.00;0.00;0.00;0.00;0.00;0.00;0.00;0.00;0.92
-36.75;-10.32;0.00;0.00;0.00;0.00;0.00;0.00;3.27;46.86;0.00;0.00;0.00;0.00;0.00;0.00;0.00;0.00;0.80
-30.71;-9.52;0.00;0.00;0.00;0.00;0.00;0.00;2.32;40.82;0.00;0.00;0.00;0.00;0.00;0.00;0.00;0.00;0.70
-35.58;-9.45;0.00;0.00;0.00;0.00;0.00;0.00;3.41;44.35;0.00;0.00;0.00;0.00;0.00;0.00;0.00;0.00;0.76
-52.15;-10.19;0.00;0.00;0.00;0.00;0.00;0.00;6.67;58.14;0.00;0.00;0.00;0.00;0.00;0.00;0.00;0.00;1.00
-44.05;-10.30;0.00;0.01;0.00;0.00;0.00;0.00;4.86;52.31;0.00;0.00;0.00;0.00;0.00;0.00;0.00;0.00;0.90
-35.64;-9.85;0.00;0.00;0.00;0.00;0.00;0.00;3.24;45.15;0.00;0.00;0.00;0.00;0.00;0.00;0.00;0.00;0.77
-35.54;-9.60;0.00;0.00;0.00;0.00;0.00;0.00;3.33;44.61;0.00;0.00;0.00;0.00;0.00;0.00;0.00;0.00;0.76
-38.54;-9.67;0.00;0.00;0.00;0.00;0.00;0.00;3.95;46.97;0.00;0.00;0.00;0.00;0.00;0.00;0.00;0.00;0.80
-33.87;-9.74;0.00;0.00;0.00;0.00;0.00;0.00;2.91;43.61;0.00;0.00;0.00;0.00;0.00;0.00;0.00;0.00;0.75
-42.33;-9.86;0.00;0.00;0.00;0.00;0.00;0.00;4.69;50.17;0.00;0.00;0.00;0.00;0.00;0.00;0.00;0.00;0.86
-57.98;-9.78;0.00;0.00;0.00;0.00;0.00;0.00;8.12;61.75;0.00;0.00;0.00;0.00;0.00;0.00;0.00;0.00;1.06
-53.71;-11.06;0.00;0.00;0.00;0.00;0.00;0.00;6.62;60.94;0.00;0.00;0.00;0.00;0.00;0.00;0.00;0.00;1.04
-43.30;-11.24;0.00;0.00;0.00;0.00;0.00;0.00;4.27;53.48;0.00;0.00;0.00;0.00;0.00;0.00;0.00;0.00;0.92
-38.05;-10.87;0.00;0.00;0.00;0.00;0.00;0.00;3.30;48.86;0.00;0.00;0.00;0.00;0.00;0.00;0.01;0.00;0.84
-37.35;-11.52;0.00;0.00;0.05;0.00;0.00;0.00;2.87;49.45;0.01;0.00;0.00;0.00;0.00;0.00;0.01;0.00;0.85
-52.67;-13.14;0.00;0.00;0.24;0.00;0.00;0.00;5.54;63.57;0.05;0.00;0.00;0.00;0.00;0.00;0.01;0.00;1.09
-58.31;-14.12;0.00;0.00;0.53;0.00;0.00;0.00;6.43;69.05;0.12;0.00;0.00;0.00;0.00;0.00;0.01;0.00;1.18
-56.03;-14.71;0.00;0.00;0.84;0.00;0.00;0.00;5.79;67.80;0.19;0.00;0.00;0.00;0.00;0.00;0.01;0.00;1.16
-76.20;-16.78;0.00;0.00;1.15;0.00;0.00;0.00;9.32;70.49;0.25;16.09;0.00;0.00;0.00;0.00;0.01;0.00;1.48
-80.83;-16.76;0.00;1.06;1.56;0.00;0.00;0.00;10.00;70.49;0.35;20.81;0.00;0.00;0.00;0.00;0.01;0.00;1.56
-40.08;-14.89;0.00;0.13;2.46;0.00;0.00;0.00;2.85;53.13;0.55;0.00;0.00;0.00;0.00;0.00;0.26;0.00;0.91
-56.47;-13.57;0.00;0.13;2.66;0.00;0.00;0.00;7.09;62.54;0.59;0.00;0.00;0.00;0.00;0.00;0.29;0.00;1.07
-69.70;-13.25;0.00;0.43;2.73;0.00;0.00;0.00;10.00;70.49;0.61;1.82;0.00;0.00;0.00;0.00;0.32;0.00;1.24
-51.21;-14.97;0.00;0.00;2.26;0.00;0.00;0.00;5.21;61.78;0.50;0.00;0.00;0.00;0.00;0.00;0.42;0.00;1.06
-51.90;-16.41;0.00;0.00;2.02;0.00;0.00;0.00;4.60;65.48;0.45;0.00;0.00;0.00;0.00;0.00;0.42;0.00;1.12
-52.59;-17.20;0.00;0.00;1.63;0.00;0.00;0.00;4.23;68.28;0.36;0.00;0.00;0.00;0.00;0.00;0.42;0.00;1.17
-39.62;-17.41;0.00;0.00;1.76;0.00;0.00;0.00;1.37;58.70;0.39;0.00;0.00;0.00;0.00;0.00;0.42;0.00;1.01
-30.00;-17.66;0.50;0.00;2.25;0.00;0.00;1.86;0.00;51.41;0.50;0.00;0.00;0.00;0.00;0.00;0.42;0.00;0.88
-43.85;-17.55;0.00;0.00;2.85;0.00;0.00;0.00;2.67;59.90;0.63;0.00;0.00;0.00;0.00;0.00;0.29;0.42;1.03
-51.37;-19.11;0.00;0.00;3.16;0.00;0.00;0.00;3.72;67.83;0.70;0.00;0.00;0.00;0.00;0.00;0.29;0.42;1.16
-35.30;-17.26;0.00;0.00;3.09;0.00;0.00;0.00;1.04;52.46;0.69;0.00;0.00;0.00;0.00;0.00;0.29;0.42;0.90
-44.01;-18.47;0.00;0.00;3.25;0.00;0.00;0.00;2.45;60.94;0.72;0.00;0.00;0.00;0.00;0.00;0.29;0.42;1.04
-53.00;-17.48;0.00;0.00;2.66;0.00;0.00;0.00;4.61;67.01;0.59;0.00;0.00;0.00;0.00;0.00;0.29;0.42;1.15
-49.33;-13.59;0.00;0.00;2.76;0.00;0.00;0.00;5.64;56.76;0.61;0.00;0.00;0.00;0.00;0.00;0.29;0.42;0.97
-44.70;-15.20;0.00;0.00;2.61;0.00;0.00;0.00;3.83;56.62;0.58;0.00;0.00;0.00;0.00;0.00;0.29;0.42;0.97
-38.81;-18.04;0.00;0.00;3.37;0.00;0.00;0.00;1.57;55.97;0.75;0.00;0.00;0.00;0.00;0.00;0.29;0.42;0.96
-49.61;-19.90;0.00;0.00;5.01;0.00;0.00;0.00;3.73;64.20;1.11;0.00;0.00;0.00;0.00;0.00;0.29;0.42;1.10
-47.57;-18.95;0.00;0.00;4.89;0.00;0.00;0.00;3.67;61.15;1.09;0.00;0.00;0.00;0.00;0.00;0.29;0.42;1.05
-39.45;-17.12;0.00;0.00;6.09;0.00;0.00;0.00;3.24;49.18;1.35;0.00;0.00;0.00;0.00;0.00;0.29;0.42;0.84
-57.95;-16.25;0.00;0.00;5.07;0.00;0.00;0.00;7.24;63.50;1.13;0.00;0.00;0.00;0.00;0.00;0.29;0.42;1.09
-68.71;-19.16;0.00;0.00;4.61;0.00;0.00;0.00;8.03;70.49;1.02;7.66;0.00;0.00;0.00;0.00;0.29;0.42;1.34
-41.99;-20.22;0.00;0.00;4.60;0.00;0.00;0.00;1.76;59.95;1.02;0.00;0.00;0.00;0.00;0.00;0.29;0.42;1.03
-31.39;-21.93;1.11;0.00;6.57;0.00;0.00;0.05;0.00;49.15;1.46;0.00;0.00;0.00;0.00;0.00;0.29;0.42;0.84
-35.24;-19.32;0.00;0.00;6.60;0.00;0.00;0.00;1.52;49.11;1.47;0.00;0.00;0.00;0.00;0.00;0.00;0.43;0.84
-33.05;-19.06;0.00;0.00;6.33;0.00;0.00;0.00;1.06;47.53;1.41;0.00;0.00;0.00;0.00;0.00;0.00;0.43;0.81
-50.67;-20.86;0.00;0.00;8.21;0.00;0.00;0.00;4.83;60.29;1.82;0.00;0.00;0.00;0.00;0.00;0.00;0.43;1.03
-73.75;-19.16;0.00;0.49;12.23;0.00;1.45;0.00;10.00;70.49;2.72;2.64;0.00;3.76;0.00;0.00;0.00;0.43;1.14
-71.02;-16.15;0.00;0.24;12.85;0.00;0.10;0.00;10.00;70.49;2.86;0.11;0.00;6.94;0.00;0.00;0.12;0.03;0.99
-51.46;-16.42;0.00;0.00;14.97;0.00;0.00;0.00;9.79;38.78;3.33;0.00;0.00;0.00;0.00;0.00;0.17;0.00;0.66
-45.01;-16.97;0.00;0.00;17.92;0.00;0.00;0.00;9.35;28.95;3.98;0.00;0.00;0.00;0.00;0.00;0.17;0.00;0.50
-40.31;-13.73;0.00;0.11;19.46;0.00;0.00;0.00;10.00;18.01;4.33;0.00;0.00;0.85;0.00;0.00;0.17;0.00;0.28
-35.75;-12.80;0.00;0.08;20.38;0.00;0.00;0.00;10.00;10.19;4.53;0.00;0.00;0.46;0.00;0.00;0.20;0.00;0.16
-62.09;-16.75;0.00;1.60;18.13;0.00;0.00;0.00;10.00;54.20;4.03;0.00;0.00;5.50;0.00;0.00;0.22;0.00;0.76
-67.46;-16.16;0.00;1.31;29.74;0.00;0.00;0.00;10.00;58.78;6.61;0.00;0.00;19.31;0.00;0.00;0.60;0.00;0.40
-44.04;-14.51;0.00;0.92;24.02;0.00;0.00;0.00;10.00;22.47;5.34;0.00;0.00;5.10;0.00;0.00;0.91;0.00;0.23
-41.30;-17.69;0.00;0.00;14.49;0.00;0.00;0.00;6.81;34.51;3.22;0.00;0.00;0.00;0.00;0.00;1.13;0.00;0.59
-45.34;-18.50;0.00;0.00;8.76;0.00;0.00;0.00;4.98;50.74;1.95;0.00;0.00;0.00;0.00;0.00;1.13;0.00;0.87
-36.91;-17.43;0.00;0.00;6.73;0.00;0.00;0.00;2.81;46.55;1.50;0.00;0.00;0.00;0.00;0.00;1.13;0.00;0.80
-40.89;-20.32;0.00;0.00;4.75;0.00;0.00;0.00;1.54;59.00;1.06;0.00;0.00;0.00;0.00;0.00;1.13;0.00;1.01
-59.07;-21.86;0.00;0.00;3.05;0.00;0.00;0.00;4.07;70.49;0.68;8.71;0.00;0.00;0.00;0.00;1.13;0.00;1.36
-63.42;-20.04;0.00;0.00;0.94;0.00;0.00;0.00;4.98;70.49;0.21;12.95;0.00;0.00;0.00;0.00;1.13;0.00;1.43
-43.94;-18.06;0.00;0.00;2.15;0.00;0.00;0.00;2.17;62.36;0.48;0.00;0.00;0.00;0.00;0.00;1.13;0.00;1.07
-37.98;-19.87;0.00;0.00;2.17;0.00;0.00;0.00;0.06;61.25;0.48;0.00;0.00;0.00;0.00;0.00;1.13;0.00;1.05
-43.42;-19.21;0.00;0.00;2.47;0.00;0.00;0.00;1.67;63.46;0.55;0.00;0.00;0.00;0.00;0.00;1.13;0.00;1.09
-54.27;-17.79;0.00;0.00;3.13;0.00;0.00;0.00;4.94;67.59;0.69;0.00;0.00;0.00;0.00;0.00;1.13;0.00;1.16
-70.38;-19.64;0.00;0.00;3.07;0.00;0.00;0.00;7.54;70.49;0.68;13.09;0.00;0.00;0.00;0.00;1.13;0.00;1.43
-55.98;-23.35;0.00;0.00;1.87;0.00;0.00;0.00;2.23;70.49;0.42;11.66;0.00;0.00;0.00;0.00;1.13;0.00;1.41
-56.56;-25.99;0.00;0.00;1.56;0.00;0.00;0.00;1.01;70.49;0.35;17.83;0.00;0.00;0.00;0.00;1.13;0.00;1.51
-45.37;-24.12;1.06;0.00;1.69;0.00;0.00;0.00;0.00;70.49;0.38;3.33;0.00;0.00;0.00;0.00;1.13;0.00;1.26
-46.40;-22.84;0.00;0.00;1.37;0.00;0.00;0.00;0.20;70.49;0.31;4.34;0.00;0.00;0.00;0.00;0.85;0.00;1.28
-73.27;-24.93;0.00;0.00;1.03;0.00;0.00;0.00;4.88;70.49;0.23;29.75;0.00;0.00;0.00;0.00;0.85;0.00;1.72
-69.91;-24.34;0.00;0.00;0.82;0.00;0.00;0.00;4.34;70.49;0.18;26.48;0.00;0.00;0.00;0.00;0.85;0.00;1.66
-49.26;-21.33;0.00;0.00;0.52;0.00;0.00;0.00;1.15;70.49;0.12;5.43;0.00;0.00;0.00;0.00;0.85;0.00;1.30
-54.64;-21.88;0.00;0.00;0.22;0.00;0.00;0.00;1.94;70.49;0.05;11.24;0.00;0.00;0.00;0.00;0.85;0.00;1.40
-48.42;-21.87;0.00;0.00;0.01;0.00;0.00;0.00;0.51;70.49;0.00;6.90;0.00;0.00;0.00;0.00;0.85;0.00;1.33
-32.90;-18.88;3.23;0.00;0.00;0.00;0.00;0.00;0.00;53.93;0.00;0.00;0.00;0.00;0.00;0.00;0.85;0.00;0.92
-51.59;-18.44;0.00;0.00;0.00;0.00;0.00;0.00;2.78;70.49;0.00;2.75;0.00;0.00;0.00;0.00;0.00;0.00;1.25
-56.44;-18.01;0.00;0.00;0.00;0.00;0.00;0.00;4.02;70.49;0.00;5.66;0.00;0.00;0.00;0.00;0.00;0.00;1.30
-37.52;-17.70;0.00;0.00;0.00;0.00;0.00;0.00;0.06;61.25;0.00;0.00;0.00;0.00;0.00;0.00;0.00;0.00;1.05
-39.97;-15.81;0.00;0.00;0.00;0.00;0.00;0.00;1.46;59.54;0.00;0.00;0.00;0.00;0.00;0.00;0.00;0.00;1.02
-56.93;-17.00;0.00;0.00;0.00;0.00;0.00;0.00;4.59;70.49;0.00;4.10;0.00;0.00;0.00;0.00;0.00;0.00;1.28
-48.34;-16.07;0.00;0.00;0.00;0.00;0.00;0.00;3.16;66.30;0.00;0.00;0.00;0.00;0.00;0.00;0.00;0.00;1.14
-31.79;-14.77;0.00;0.00;0.00;0.00;0.00;0.00;0.16;51.46;0.00;0.00;0.00;0.00;0.00;0.00;0.00;0.00;0.88
-45.57;-14.84;0.00;0.00;0.00;0.00;0.00;0.00;3.12;61.93;0.00;0.00;0.00;0.00;0.00;0.00;0.00;0.00;1.06
-56.24;-14.11;0.00;0.00;0.00;0.00;0.00;0.00;5.77;68.56;0.00;0.00;0.00;0.00;0.00;0.00;0.00;0.00;1.17
-40.36;-13.04;0.00;0.00;0.00;0.00;0.00;0.00;2.81;54.65;0.00;0.00;0.00;0.00;0.00;0.00;0.00;0.00;0.94
-40.42;-10.29;0.00;0.00;0.00;0.00;0.00;0.00;4.08;49.55;0.00;0.00;0.00;0.00;0.00;0.00;0.00;0.00;0.85
-42.41;-10.26;0.00;0.00;0.00;0.00;0.00;0.00;4.52;50.98;0.00;0.00;0.00;0.00;0.00;0.00;0.00;0.00;0.87
-29.91;-10.89;0.00;0.00;0.00;0.00;0.00;0.00;1.52;42.80;0.00;0.00;0.00;0.00;0.00;0.00;0.00;0.00;0.73
-29.48;-12.26;0.00;0.00;0.00;0.00;0.00;0.00;0.80;45.05;0.00;0.00;0.00;0.00;0.00;0.00;0.00;0.00;0.77
-44.51;-12.95;0.00;0.00;0.00;0.00;0.00;0.00;3.75;57.59;0.00;0.00;0.00;0.00;0.00;0.00;0.00;0.00;0.99
-49.59;-12.60;0.00;0.00;0.00;0.00;0.00;0.00;5.02;60.75;0.00;0.00;0.00;0.00;0.00;0.00;0.00;0.00;1.04
-36.02;-11.59;0.00;0.00;0.00;0.00;0.00;0.00;2.53;48.70;0.00;0.00;0.00;0.00;0.00;0.00;0.00;0.00;0.83
-27.64;-10.98;0.00;0.00;0.00;0.00;0.00;0.00;0.99;41.27;0.00;0.00;0.00;0.00;0.00;0.00;0.00;0.00;0.71
-33.78;-10.84;0.00;0.00;0.00;0.00;0.00;0.00;2.38;45.60;0.00;0.00;0.00;0.00;0.00;0.00;0.00;0.00;0.78
-44.35;-11.01;0.00;0.00;0.00;0.00;0.00;0.00;4.60;53.84;0.00;0.00;0.00;0.00;0.00;0.00;0.00;0.00;0.92
-36.75;-10.32;0.00;0.00;0.00;0.00;0.00;0.00;3.27;46.86;0.00;0.00;0.00;0.00;0.00;0.00;0.00;0.00;0.80
-30.71;-9.52;0.00;0.00;0.00;0.00;0.00;0.00;2.32;40.82;0.00;0.00;0.00;0.00;0.00;0.00;0.00;0.00;0.70
-35.58;-9.45;0.00;0.00;0.00;0.00;0.00;0.00;3.41;44.35;0.00;0.00;0.00;0.00;0.00;0.00;0.00;0.00;0.76
-52.15;-10.19;0.00;0.00;0.00;0.00;0.00;0.00;6.67;58.14;0.00;0.00;0.00;0.00;0.00;0.00;0.00;0.00;1.00
-44.05;-10.30;0.00;0.01;0.00;0.00;0.00;0.00;4.86;52.31;0.00;0.00;0.00;0.00;0.00;0.00;0.00;0.00;0.90
-35.64;-9.85;0.00;0.00;0.00;0.00;0.00;0.00;3.24;45.15;0.00;0.00;0.00;0.00;0.00;0.00;0.00;0.00;0.77
-35.54;-9.60;0.00;0.00;0.00;0.00;0.00;0.00;3.33;44.61;0.00;0.00;0.00;0.00;0.00;0.00;0.00;0.00;0.76
-38.54;-9.67;0.00;0.00;0.00;0.00;0.00;0.00;3.95;46.97;0.00;0.00;0.00;0.00;0.00;0.00;0.00;0.00;0.80
-33.87;-9.74;0.00;0.00;0.00;0.00;0.00;0.00;2.91;43.61;0.00;0.00;0.00;0.00;0.00;0.00;0.00;0.00;0.75
-42.33;-9.86;0.00;0.00;0.00;0.00;0.00;0.00;4.69;50.17;0.00;0.00;0.00;0.00;0.00;0.00;0.00;0.00;0.86
-57.98;-9.78;0.00;0.00;0.00;0.00;0.00;0.00;8.12;61.75;0.00;0.00;0.00;0.00;0.00;0.00;0.00;0.00;1.06
-53.71;-11.06;0.00;0.00;0.00;0.00;0.00;0.00;6.62;60.94;0.00;0.00;0.00;0.00;0.00;0.00;0.00;0.00;1.04
-43.30;-11.24;0.00;0.00;0.00;0.00;0.00;0.00;4.27;53.48;0.00;0.00;0.00;0.00;0.00;0.00;0.00;0.00;0.92
-38.05;-10.87;0.00;0.00;0.00;0.00;0.00;0.00;3.30;48.86;0.00;0.00;0.00;0.00;0.00;0.00;0.01;0.00;0.84
-37.35;-11.52;0.00;0.00;0.05;0.00;0.00;0.00;2.87;49.45;0.01;0.00;0.00;0.00;0.00;0.00;0.01;0.00;0.85
-52.67;-13.14;0.00;0.00;0.24;0.00;0.00;0.00;5.54;63.57;0.05;0.00;0.00;0.00;0.00;0.00;0.01;0.00;1.09
-58.31;-14.12;0.00;0.00;0.53;0.00;0.00;0.00;6.43;69.05;0.12;0.00;0.00;0.00;0.00;0.00;0.01;0.00;1.18
-56.03;-14.71;0.00;0.00;0.84;0.00;0.00;0.00;5.79;67.80;0.19;0.00;0.00;0.00;0.00;0.00;0.01;0.00;1.16
-76.20;-16.78;0.00;0.00;1.15;0.00;0.00;0.00;9.32;70.49;0.25;16.09;0.00;0.00;0.00;0.00;0.01;0.00;1.48
-80.83;-16.76;0.00;1.06;1.56;0.00;0.00;0.00;10.00;70.49;0.35;20.81;0.00;0.00;0.00;0.00;0.01;0.00;1.56
-40.08;-14.89;0.00;0.13;2.46;0.00;0.00;0.00;2.85;53.13;0.55;0.00;0.00;0.00;0.00;0.00;0.26;0.00;0.91
-56.47;-13.57;0.00;0.13;2.66;0.00;0.00;0.00;7.09;62.54;0.59;0.00;0.00;0.00;0.00;0.00;0.29;0.00;1.07
-69.70;-13.25;0.00;0.43;2.73;0.00;0.00;0.00;10.00;70.49;0.61;1.82;0.00;0.00;0.00;0.00;0.32;0.00;1.24
-51.21;-14.97;0.00;0.00;2.26;0.00;0.00;0.00;5.21;61.78;0.50;0.00;0.00;0.00;0.00;0.00;0.42;0.00;1.06
-51.90;-16.41;0.00;0.00;2.02;0.00;0.00;0.00;4.60;65.48;0.45;0.00;0.00;0.00;0.00;0.00;0.42;0.00;1.12
-52.59;-17.20;0.00;0.00;1.63;0.00;0.00;0.00;4.23;68.28;0.36;0.00;0.00;0.00;0.00;0.00;0.42;0.00;1.17
-39.62;-17.41;0.00;0.00;1.76;0.00;0.00;0.00;1.37;58.70;0.39;0.00;0.00;0.00;0.00;0.00;0.42;0.00;1.01
-30.00;-17.66;0.50;0.00;2.25;0.00;0.00;1.86;0.00;51.41;0.50;0.00;0.00;0.00;0.00;0.00;0.42;0.00;0.88
-43.85;-17.55;0.00;0.00;2.85;0.00;0.00;0.00;2.67;59.90;0.63;0.00;0.00;0.00;0.00;0.00;0.29;0.42;1.03
-51.37;-19.11;0.00;0.00;3.16;0.00;0.00;0.00;3.72;67.83;0.70;0.00;0.00;0.00;0.00;0.00;0.29;0.42;1.16
-35.30;-17.26;0.00;0.00;3.09;0.00;0.00;0.00;1.04;52.46;0.69;0.00;0.00;0.00;0.00;0.00;0.29;0.42;0.90
-44.01;-18.47;0.00;0.00;3.25;0.00;0.00;0.00;2.45;60.94;0.72;0.00;0.00;0.00;0.00;0.00;0.29;0.42;1.04
-53.00;-17.48;0.00;0.00;2.66;0.00;0.00;0.00;4.61;67.01;0.59;0.00;0.00;0.00;0.00;0.00;0.29;0.42;1.15
-49.33;-13.59;0.00;0.00;2.76;0.00;0.00;0.00;5.64;56.76;0.61;0.00;0.00;0.00;0.00;0.00;0.29;0.42;0.97
-44.70;-15.20;0.00;0.00;2.61;0.00;0.00;0.00;3.83;56.62;0.58;0.00;0.00;0.00;0.00;0.00;0.29;0.42;0.97
-38.81;-18.04;0.00;0.00;3.37;0.00;0.00;0.00;1.57;55.97;0.75;0.00;0.00;0.00;0.00;0.00;0.29;0.42;0.96
-49.61;-19.90;0.00;0.00;5.01;0.00;0.00;0.00;3.73;64.20;1.11;0.00;0.00;0.00;0.00;0.00;0.29;0.42;1.10
-47.57;-18.95;0.00;0.00;4.89;0.00;0.00;0.00;3.67;61.15;1.09;0.00;0.00;0.00;0.00;0.00;0.29;0.42;1.05
-39.45;-17.12;0.00;0.00;6.09;0.00;0.00;0.00;3.24;49.18;1.35;0.00;0.00;0.00;0.00;0.00;0.29;0.42;0.84
-57.95;-16.25;0.00;0.00;5.07;0.00;0.00;0.00;7.24;63.50;1.13;0.00;0.00;0.00;0.00;0.00;0.29;0.42;1.09
-68.71;-19.16;0.00;0.00;4.61;0.00;0.00;0.00;8.03;70.49;1.02;7.66;0.00;0.00;0.00;0.00;0.29;0.42;1.34
-41.99;-20.22;0.00;0.00;4.60;0.00;0.00;0.00;1.76;59.95;1.02;0.00;0.00;0.00;0.00;0.00;0.29;0.42;1.03
-31.39;-21.93;1.11;0.00;6.57;0.00;0.00;0.05;0.00;49.15;1.46;0.00;0.00;0.00;0.00;0.00;0.29;0.42;0.84
-35.24;-19.32;0.00;0.00;6.60;0.00;0.00;0.00;1.52;49.11;1.47;0.00;0.00;0.00;0.00;0.00;0.00;0.43;0.84
-33.05;-19.06;0.00;0.00;6.33;0.00;0.00;0.00;1.06;47.53;1.41;0.00;0.00;0.00;0.00;0.00;0.00;0.43;0.81
-50.67;-20.86;0.00;0.00;8.21;0.00;0.00;0.00;4.83;60.29;1.82;0.00;0.00;0.00;0.00;0.00;0.00;0.43;1.03
-73.75;-19.16;0.00;0.49;12.23;0.00;1.45;0.00;10.00;70.49;2.72;2.64;0.00;3.76;0.00;0.00;0.00;0.43;1.14
-71.02;-16.15;0.00;0.24;12.85;0.00;0.10;0.00;10.00;70.49;2.86;0.11;0.00;6.94;0.00;0.00;0.12;0.03;0.99
-51.46;-16.42;0.00;0.00;14.97;0.00;0.00;0.00;9.79;38.78;3.33;0.00;0.00;0.00;0.00;0.00;0.17;0.00;0.66
-45.01;-16.97;0.00;0.00;17.92;0.00;0.00;0.00;9.35;28.95;3.98;0.00;0.00;0.00;0.00;0.00;0.17;0.00;0.50
-40.31;-13.73;0.00;0.11;19.46;0.00;0.00;0.00;10.00;18.01;4.33;0.00;0.00;0.85;0.00;0.00;0.17;0.00;0.28
-35.75;-12.80;0.00;0.08;20.38;0.00;0.00;0.00;10.00;10.19;4.53;0.00;0.00;0.46;0.00;0.00;0.20;0.00;0.16
-62.09;-16.75;0.00;1.60;18.13;0.00;0.00;0.00;10.00;54.20;4.03;0.00;0.00;5.50;0.00;0.00;0.22;0.00;0.76
-67.46;-16.16;0.00;1.31;29.74;0.00;0.00;0.00;10.00;58.78;6.61;0.00;0.00;19.31;0.00;0.00;0.60;0.00;0.40
-44.04;-14.51;0.00;0.92;24.02;0.00;0.00;0.00;10.00;22.47;5.34;0.00;0.00;5.10;0.00;0.00;0.91;0.00;0.23
-41.30;-17.69;0.00;0.00;14.49;0.00;0.00;0.00;6.81;34.51;3.22;0.00;0.00;0.00;0.00;0.00;1.13;0.00;0.59
-45.34;-18.50;0.00;0.00;8.76;0.00;0.00;0.00;4.98;50.74;1.95;0.00;0.00;0.00;0.00;0.00;1.13;0.00;0.87
-36.91;-17.43;0.00;0.00;6.73;0.00;0.00;0.00;2.81;46.55;1.50;0.00;0.00;0.00;0.00;0.00;1.13;0.00;0.80
-40.89;-20.32;0.00;0.00;4.75;0.00;0.00;0.00;1.54;59.00;1.06;0.00;0.00;0.00;0.00;0.00;1.13;0.00;1.01
-59.07;-21.86;0.00;0.00;3.05;0.00;0.00;0.00;4.07;70.49;0.68;8.71;0.00;0.00;0.00;0.00;1.13;0.00;1.36
-63.42;-20.04;0.00;0.00;0.94;0.00;0.00;0.00;4.98;70.49;0.21;12.95;0.00;0.00;0.00;0.00;1.13;0.00;1.43
-43.94;-18.06;0.00;0.00;2.15;0.00;0.00;0.00;2.17;62.36;0.48;0.00;0.00;0.00;0.00;0.00;1.13;0.00;1.07
-37.98;-19.87;0.00;0.00;2.17;0.00;0.00;0.00;0.06;61.25;0.48;0.00;0.00;0.00;0.00;0.00;1.13;0.00;1.05
-43.42;-19.21;0.00;0.00;2.47;0.00;0.00;0.00;1.67;63.46;0.55;0.00;0.00;0.00;0.00;0.00;1.13;0.00;1.09
-54.27;-17.79;0.00;0.00;3.13;0.00;0.00;0.00;4.94;67.59;0.69;0.00;0.00;0.00;0.00;0.00;1.13;0.00;1.16
-70.38;-19.64;0.00;0.00;3.07;0.00;0.00;0.00;7.54;70.49;0.68;13.09;0.00;0.00;0.00;0.00;1.13;0.00;1.43
-55.98;-23.35;0.00;0.00;1.87;0.00;0.00;0.00;2.23;70.49;0.42;11.66;0.00;0.00;0.00;0.00;1.13;0.00;1.41
-56.56;-25.99;0.00;0.00;1.56;0.00;0.00;0.00;1.01;70.49;0.35;17.83;0.00;0.00;0.00;0.00;1.13;0.00;1.51
-45.37;-24.12;1.06;0.00;1.69;0.00;0.00;0.00;0.00;70.49;0.38;3.33;0.00;0.00;0.00;0.00;1.13;0.00;1.26
-46.40;-22.84;0.00;0.00;1.37;0.00;0.00;0.00;0.20;70.49;0.31;4.34;0.00;0.00;0.00;0.00;0.85;0.00;1.28
-73.27;-24.93;0.00;0.00;1.03;0.00;0.00;0.00;4.88;70.49;0.23;29.75;0.00;0.00;0.00;0.00;0.85;0.00;1.72
-69.91;-24.34;0.00;0.00;0.82;0.00;0.00;0.00;4.34;70.49;0.18;26.48;0.00;0.00;0.00;0.00;0.85;0.00;1.66
-49.26;-21.33;0.00;0.00;0.52;0.00;0.00;0.00;1.15;70.49;0.12;5.43;0.00;0.00;0.00;0.00;0.85;0.00;1.30
-54.64;-21.88;0.00;0.00;0.22;0.00;0.00;0.00;1.94;70.49;0.05;11.24;0.00;0.00;0.00;0.00;0.85;0.00;1.40
-48.42;-21.87;0.00;0.00;0.01;0.00;0.00;0.00;0.51;70.49;0.00;6.90;0.00;0.00;0.00;0.00;0.85;0.00;1.33
-32.90;-18.88;3.23;0.00;0.00;0.00;0.00;0.00;0.00;53.93;0.00;0.00;0.00;0.00;0.00;0.00;0.85;0.00;0.92
-51.59;-18.44;0.00;0.00;0.00;0.00;0.00;0.00;2.78;70.49;0.00;2.75;0.00;0.00;0.00;0.00;0.00;0.00;1.25
-56.44;-18.01;0.00;0.00;0.00;0.00;0.00;0.00;4.02;70.49;0.00;5.66;0.00;0.00;0.00;0.00;0.00;0.00;1.30
-37.52;-17.70;0.00;0.00;0.00;0.00;0.00;0.00;0.06;61.25;0.00;0.00;0.00;0.00;0.00;0.00;0.00;0.00;1.05
-39.97;-15.81;0.00;0.00;0.00;0.00;0.00;0.00;1.46;59.54;0.00;0.00;0.00;0.00;0.00;0.00;0.00;0.00;1.02
-56.93;-17.00;0.00;0.00;0.00;0.00;0.00;0.00;4.59;70.49;0.00;4.10;0.00;0.00;0.00;0.00;0.00;0.00;1.28
-48.34;-16.07;0.00;0.00;0.00;0.00;0.00;0.00;3.16;66.30;0.00;0.00;0.00;0.00;0.00;0.00;0.00;0.00;1.14
-31.79;-14.77;0.00;0.00;0.00;0.00;0.00;0.00;0.16;51.46;0.00;0.00;0.00;0.00;0.00;0.00;0.00;0.00;0.88
-45.57;-14.84;0.00;0.00;0.00;0.00;0.00;0.00;3.12;61.93;0.00;0.00;0.00;0.00;0.00;0.00;0.00;0.00;1.06
-56.24;-14.11;0.00;0.00;0.00;0.00;0.00;0.00;5.77;68.56;0.00;0.00;0.00;0.00;0.00;0.00;0.00;0.00;1.17
-40.36;-13.04;0.00;0.00;0.00;0.00;0.00;0.00;2.81;54.65;0.00;0.00;0.00;0.00;0.00;0.00;0.00;0.00;0.94