timeStep;demandHeat;demandElectricity;SolarThermic5;ThermalStorage5Discharge;ThermalStorage5Charge;CHP5;ElecBuy;ElecSell;HeatBuy;HeatSell;ThermalStorage5SOC;Cost;Price;
0.00;-11.21;-2.20;0.00;6.50;0.00;7.86;0.00;0.00;0.00;0.00;20.00;0.13;0.25
1.00;-12.19;-2.22;0.00;7.43;0.00;7.93;0.00;0.00;0.00;0.00;18.20;0.14;0.25
2.00;-8.89;-2.38;0.00;3.80;0.00;8.49;0.00;0.00;0.00;0.00;16.13;0.15;0.25
3.00;-8.07;-2.67;0.00;2.34;0.00;9.55;0.00;0.00;0.00;0.00;15.08;0.16;0.25
4.00;-12.35;-2.82;0.00;6.31;0.00;10.07;0.00;0.00;0.00;0.00;14.43;0.17;0.25
5.00;-14.92;-2.76;0.00;9.02;0.00;9.84;0.00;0.00;0.00;0.00;12.67;0.17;0.25
6.00;-11.45;-2.54;0.00;6.00;0.00;9.07;0.00;0.00;0.00;0.00;10.17;0.16;0.25
7.00;-7.82;-2.40;0.00;2.67;0.00;8.57;0.00;0.00;0.00;0.00;8.50;0.15;0.25
8.00;-9.78;-2.37;0.00;4.70;0.00;8.47;0.00;0.00;0.00;0.00;7.76;0.15;0.25
9.00;-13.53;-2.39;0.00;8.41;0.00;8.54;0.00;0.00;0.00;0.00;6.45;0.15;0.25
10.00;-11.61;-2.25;0.00;6.79;0.00;8.04;0.00;0.00;0.00;0.00;4.12;0.14;0.25
11.00;-8.36;-2.07;0.00;3.94;0.00;7.38;0.00;0.00;0.00;0.00;2.23;0.13;0.25
12.00;-9.78;-2.07;0.00;4.10;0.00;9.46;0.00;0.58;0.00;0.00;1.14;0.14;0.25
13.00;-15.46;-2.23;0.00;0.00;0.00;25.77;0.00;4.98;0.00;0.00;0.00;0.29;0.25
14.00;-13.84;-2.28;0.00;0.00;0.00;23.06;0.00;4.18;0.00;0.00;0.00;0.26;0.25
15.00;-10.09;-2.16;0.00;0.00;0.00;16.82;0.00;2.55;0.00;0.00;0.00;0.21;0.25
16.00;-10.05;-2.10;0.00;0.00;0.00;16.76;0.00;2.59;0.00;0.00;0.00;0.21;0.25
17.00;-10.52;-2.09;0.00;0.00;0.00;17.54;0.00;2.82;0.00;0.00;0.00;0.21;0.25
18.00;-9.70;-2.11;0.00;0.00;0.00;16.17;0.00;2.42;0.00;0.00;0.00;0.20;0.25
19.00;-11.82;-2.13;0.00;0.00;0.00;19.71;0.00;3.39;0.00;0.00;0.00;0.23;0.25
20.00;-15.52;-2.10;0.00;0.00;0.00;25.87;0.00;5.14;0.00;0.00;0.00;0.28;0.25
21.00;-13.98;-2.14;0.00;0.00;0.00;23.30;0.00;4.38;0.00;0.00;0.00;0.26;0.25
22.00;-13.56;-2.22;0.00;0.00;0.00;22.60;0.00;4.10;0.00;0.00;0.00;0.26;0.25
23.00;-10.40;-2.25;0.00;0.00;0.00;17.34;0.00;2.60;0.00;0.00;0.00;0.22;0.25
24.00;-8.66;-2.37;0.01;0.00;0.00;14.42;0.00;1.67;0.00;0.00;0.00;0.19;0.25
25.00;-12.41;-2.73;0.05;0.00;0.00;20.60;0.00;3.03;0.00;0.00;0.00;0.26;0.25
26.00;-16.10;-2.99;0.12;0.00;0.00;26.64;0.00;4.47;0.00;0.00;0.00;0.32;0.25
27.00;-16.15;-3.21;0.19;0.00;0.00;26.61;0.00;4.24;0.00;0.00;0.00;0.32;0.25
28.00;-19.64;-3.63;0.25;0.00;0.00;32.30;0.00;5.42;0.00;0.00;0.00;0.38;0.25
29.00;-19.02;-3.56;0.35;0.00;0.00;31.12;0.00;5.16;0.00;0.00;0.00;0.37;0.25
30.00;-9.98;-3.19;0.55;0.00;0.00;15.72;0.00;1.21;0.00;0.00;0.00;0.23;0.25
31.00;-15.33;-2.91;0.59;0.00;0.00;24.56;0.00;3.96;0.00;0.00;0.00;0.30;0.25
32.00;-18.71;-2.81;0.61;0.00;0.00;30.17;0.00;5.64;0.00;0.00;0.00;0.34;0.25
33.00;-14.28;-3.08;0.50;0.00;0.00;22.96;0.00;3.35;0.00;0.00;0.00;0.29;0.25
34.00;-15.28;-3.49;0.45;0.00;0.00;24.72;0.00;3.43;0.00;0.00;0.00;0.32;0.25
35.00;-15.05;-3.66;0.36;0.00;0.00;24.47;0.00;3.19;0.00;0.00;0.00;0.32;0.25
36.00;-11.13;-3.78;0.39;0.00;0.00;17.91;0.00;1.24;0.00;0.00;0.00;0.27;0.25
37.00;-7.89;-3.67;0.03;0.00;0.01;13.12;0.00;0.00;0.00;0.00;0.00;0.22;0.25
38.00;-12.49;-3.47;0.63;0.01;0.00;19.76;0.00;2.07;0.00;0.00;0.00;0.27;0.25
39.00;-14.59;-3.67;0.70;0.00;0.00;23.15;0.00;2.81;0.00;0.00;0.00;0.31;0.25
40.00;-8.66;-3.55;0.69;0.00;0.00;13.28;0.00;0.17;0.00;0.00;0.00;0.22;0.25
41.00;-12.06;-3.64;0.72;0.00;0.00;18.89;0.00;1.64;0.00;0.00;0.00;0.27;0.25
42.00;-15.83;-3.17;0.59;0.00;0.00;25.40;0.00;3.94;0.00;0.00;0.00;0.31;0.25
43.00;-14.42;-2.72;0.61;0.00;0.00;23.00;0.00;3.72;0.00;0.00;0.00;0.28;0.25
44.00;-10.75;-3.25;0.58;0.00;0.00;16.94;0.00;1.50;0.00;0.00;0.00;0.24;0.25
45.00;-9.69;-3.93;0.75;0.00;0.00;14.91;0.00;0.24;0.00;0.00;0.00;0.25;0.25
46.00;-13.92;-4.58;1.11;0.00;0.00;21.34;0.00;1.40;0.00;0.00;0.00;0.32;0.25
47.00;-13.20;-4.00;1.09;0.00;0.00;20.18;0.00;1.65;0.00;0.00;0.00;0.29;0.25
48.00;-11.26;-3.31;1.35;0.00;0.00;16.51;0.00;1.31;0.00;0.00;0.00;0.24;0.25
49.00;-17.59;-3.28;1.13;0.00;0.00;27.45;0.00;4.41;0.00;0.00;0.00;0.33;0.25
50.00;-20.91;-3.71;1.02;0.00;0.00;33.14;0.00;5.57;0.00;0.00;0.00;0.39;0.25
51.00;-12.51;-4.29;1.02;0.00;0.00;19.15;0.00;1.07;0.00;0.00;0.00;0.29;0.25
52.00;-8.00;-4.51;0.00;0.00;1.67;16.10;0.00;0.00;0.00;0.00;0.00;0.28;0.25
53.00;-8.60;-4.19;0.00;0.00;0.39;14.98;0.00;0.00;0.00;0.00;0.37;0.26;0.25
54.00;-8.77;-4.25;0.00;0.00;0.35;15.19;0.00;0.00;0.00;0.00;0.46;0.26;0.25
55.00;-15.55;-4.73;1.82;1.94;0.00;19.64;0.00;0.77;0.00;0.00;0.54;0.31;0.25
56.00;-21.35;-4.34;2.72;0.00;0.00;31.05;0.00;4.35;0.00;0.00;0.00;0.40;0.25
57.00;-18.48;-3.56;2.86;0.00;0.00;26.04;0.00;3.73;0.00;0.00;0.00;0.33;0.25
58.00;-13.57;-3.60;3.33;0.00;0.00;17.07;0.00;1.18;0.00;0.00;0.00;0.26;0.25
59.00;-11.31;-3.70;3.39;0.00;0.01;13.22;0.00;0.00;0.00;0.00;0.00;0.23;0.25
60.00;-9.97;-2.94;3.67;0.00;0.01;10.51;0.00;0.00;0.00;0.00;0.00;0.18;0.25
61.00;-9.37;-2.77;3.43;0.00;0.00;9.89;0.00;0.00;0.00;0.00;0.00;0.17;0.25
62.00;-17.57;-3.72;4.03;0.01;0.00;22.56;0.00;2.60;0.00;0.00;0.00;0.31;0.25
63.00;-19.14;-3.65;6.61;0.00;0.00;20.89;0.00;2.20;0.00;0.00;0.00;0.29;0.25
64.00;-12.27;-3.12;5.34;0.00;0.00;11.55;0.00;0.12;0.00;0.00;0.00;0.19;0.25
65.00;-10.71;-3.88;2.40;0.00;0.00;13.85;0.00;0.00;0.00;0.00;0.00;0.24;0.25
66.00;-11.60;-4.03;1.95;0.00;0.00;16.08;0.00;0.47;0.00;0.00;0.00;0.26;0.25
67.00;-9.72;-3.72;1.50;0.00;0.00;13.71;0.00;0.12;0.00;0.00;0.00;0.23;0.25
68.00;-10.26;-4.27;1.06;0.00;0.00;15.33;0.00;0.02;0.00;0.00;0.00;0.26;0.25
69.00;-15.64;-4.57;0.68;0.00;0.00;24.93;0.00;2.41;0.00;0.00;0.00;0.35;0.25
70.00;-18.50;-4.21;0.21;0.00;0.00;30.49;0.00;4.32;0.00;0.00;0.00;0.39;0.25
71.00;-12.83;-3.85;0.48;0.00;0.00;20.58;0.00;1.92;0.00;0.00;0.00;0.29;0.25
72.00;-10.58;-4.23;0.48;0.00;0.00;16.83;0.00;0.48;0.00;0.00;0.00;0.27;0.25
73.00;-11.37;-4.00;0.55;0.00;0.00;18.03;0.00;1.05;0.00;0.00;0.00;0.28;0.25
74.00;-14.82;-3.74;0.69;0.00;0.00;23.53;0.00;2.85;0.00;0.00;0.00;0.31;0.25
75.00;-20.31;-4.34;0.68;0.00;0.00;32.71;0.00;4.82;0.00;0.00;0.00;0.41;0.25
76.00;-16.32;-4.66;0.42;0.00;0.00;26.51;0.00;2.76;0.00;0.00;0.00;0.37;0.25
77.00;-15.03;-5.48;0.35;0.00;0.00;24.47;0.00;1.37;0.00;0.00;0.00;0.38;0.25
78.00;-13.14;-5.07;0.38;0.00;0.00;21.27;0.00;0.88;0.00;0.00;0.00;0.34;0.25
79.00;-11.92;-4.60;0.31;0.00;0.00;19.36;0.00;0.82;0.00;0.00;0.00;0.31;0.25
80.00;-19.74;-4.99;0.23;0.00;0.00;32.52;0.00;4.12;0.00;0.00;0.00;0.43;0.25
81.00;-19.91;-4.95;0.18;0.00;0.00;32.88;0.00;4.26;0.00;0.00;0.00;0.43;0.25
82.00;-14.12;-4.32;0.12;0.00;0.00;23.34;0.00;2.22;0.00;0.00;0.00;0.33;0.25
83.00;-16.41;-4.46;0.05;0.00;0.00;27.26;0.00;3.17;0.00;0.00;0.00;0.37;0.25
84.00;-14.48;-4.44;0.00;0.00;0.00;24.13;0.00;2.32;0.00;0.00;0.00;0.34;0.25
85.00;-9.50;-3.65;0.00;0.00;0.00;15.84;0.00;0.78;0.00;0.00;0.00;0.25;0.25
86.00;-15.41;-3.53;0.00;0.00;0.00;25.69;0.00;3.67;0.00;0.00;0.00;0.33;0.25
87.00;-16.84;-3.46;0.00;0.00;0.00;28.07;0.00;4.40;0.00;0.00;0.00;0.34;0.25
88.00;-10.75;-3.01;0.00;0.00;0.00;17.92;0.00;2.01;0.00;0.00;0.00;0.24;0.25
89.00;-11.80;-2.94;0.00;0.00;0.00;19.67;0.00;2.57;0.00;0.00;0.00;0.26;0.25
90.00;-17.13;-3.15;0.00;0.00;0.00;28.55;0.00;4.85;0.00;0.00;0.00;0.34;0.25
91.00;-13.39;-3.09;0.00;0.00;0.00;22.32;0.00;3.16;0.00;0.00;0.00;0.28;0.25
92.00;-8.54;-2.98;0.00;0.00;0.00;14.24;0.00;1.01;0.00;0.00;0.00;0.21;0.25
93.00;-14.00;-3.00;0.00;0.00;0.00;23.34;0.00;3.54;0.00;0.00;0.00;0.29;0.25
94.00;-16.02;-2.92;0.00;0.00;0.00;26.70;0.00;4.56;0.00;0.00;0.00;0.31;0.25
95.00;-10.38;-2.61;0.00;0.00;0.00;17.30;0.00;2.24;0.00;0.00;0.00;0.23;0.25
96.00;-11.21;-2.20;0.00;0.00;0.00;18.68;0.00;3.03;0.00;0.00;0.00;0.23;0.25
97.00;-12.19;-2.22;0.00;0.00;0.00;20.31;0.00;3.47;0.00;0.00;0.00;0.24;0.25
98.00;-8.89;-2.38;0.00;0.00;0.00;14.82;0.00;1.77;0.00;0.00;0.00;0.20;0.25
99.00;-8.07;-2.67;0.00;0.00;0.00;13.45;0.00;1.09;0.00;0.00;0.00;0.20;0.25
100.00;-12.35;-2.82;0.00;0.00;0.00;20.59;0.00;2.94;0.00;0.00;0.00;0.26;0.25
101.00;-14.92;-2.76;0.00;0.00;0.00;24.87;0.00;4.21;0.00;0.00;0.00;0.29;0.25
102.00;-11.45;-2.54;0.00;0.00;0.00;19.08;0.00;2.80;0.00;0.00;0.00;0.24;0.25
103.00;-7.82;-2.40;0.00;0.00;0.00;13.03;0.00;1.25;0.00;0.00;0.00;0.18;0.25
104.00;-9.78;-2.37;0.00;0.00;0.00;16.30;0.00;2.19;0.00;0.00;0.00;0.21;0.25
105.00;-13.53;-2.39;0.00;0.00;0.00;22.55;0.00;3.92;0.00;0.00;0.00;0.26;0.25
106.00;-11.61;-2.25;0.00;0.00;0.00;19.36;0.00;3.17;0.00;0.00;0.00;0.23;0.25
107.00;-8.36;-2.07;0.00;0.00;0.00;13.93;0.00;1.84;0.00;0.00;0.00;0.18;0.25
108.00;-9.78;-2.07;0.00;0.00;0.00;16.30;0.00;2.50;0.00;0.00;0.00;0.20;0.25
109.00;-15.46;-2.23;0.00;0.00;0.00;25.77;0.00;4.98;0.00;0.00;0.00;0.29;0.25
110.00;-13.84;-2.28;0.00;0.00;0.00;23.06;0.00;4.18;0.00;0.00;0.00;0.26;0.25
111.00;-10.09;-2.16;0.00;0.00;0.00;16.82;0.00;2.55;0.00;0.00;0.00;0.21;0.25
112.00;-10.05;-2.10;0.00;0.00;0.00;16.76;0.00;2.59;0.00;0.00;0.00;0.21;0.25
113.00;-10.52;-2.09;0.00;0.00;0.00;17.54;0.00;2.82;0.00;0.00;0.00;0.21;0.25
114.00;-9.70;-2.11;0.00;0.00;0.00;16.17;0.00;2.42;0.00;0.00;0.00;0.20;0.25
115.00;-11.82;-2.13;0.00;0.00;0.00;19.71;0.00;3.39;0.00;0.00;0.00;0.23;0.25
116.00;-15.52;-2.10;0.00;0.00;0.00;25.87;0.00;5.14;0.00;0.00;0.00;0.28;0.25
117.00;-13.98;-2.14;0.00;0.00;0.00;23.30;0.00;4.38;0.00;0.00;0.00;0.26;0.25
118.00;-13.56;-2.22;0.00;0.00;0.00;22.60;0.00;4.10;0.00;0.00;0.00;0.26;0.25
119.00;-10.40;-2.25;0.00;0.00;0.00;17.34;0.00;2.60;0.00;0.00;0.00;0.22;0.25
120.00;-8.66;-2.37;0.01;0.00;0.00;14.42;0.00;1.67;0.00;0.00;0.00;0.19;0.25
121.00;-12.41;-2.73;0.05;0.00;0.00;20.60;0.00;3.03;0.00;0.00;0.00;0.26;0.25
122.00;-16.10;-2.99;0.12;0.00;0.00;26.64;0.00;4.47;0.00;0.00;0.00;0.32;0.25
123.00;-16.15;-3.21;0.19;0.00;0.00;26.61;0.00;4.24;0.00;0.00;0.00;0.32;0.25
124.00;-19.64;-3.63;0.25;0.00;0.00;32.30;0.00;5.42;0.00;0.00;0.00;0.38;0.25
125.00;-19.02;-3.56;0.35;0.00;0.00;31.12;0.00;5.16;0.00;0.00;0.00;0.37;0.25
126.00;-9.98;-3.19;0.55;0.00;0.00;15.72;0.00;1.21;0.00;0.00;0.00;0.23;0.25
127.00;-15.33;-2.91;0.59;0.00;0.00;24.56;0.00;3.96;0.00;0.00;0.00;0.30;0.25
128.00;-18.71;-2.81;0.61;0.00;0.00;30.17;0.00;5.64;0.00;0.00;0.00;0.34;0.25
129.00;-14.28;-3.08;0.50;0.00;0.00;22.96;0.00;3.35;0.00;0.00;0.00;0.29;0.25
130.00;-15.28;-3.49;0.45;0.00;0.00;24.72;0.00;3.43;0.00;0.00;0.00;0.32;0.25
131.00;-15.05;-3.66;0.36;0.00;0.00;24.47;0.00;3.19;0.00;0.00;0.00;0.32;0.25
132.00;-11.13;-3.78;0.39;0.00;0.00;17.91;0.00;1.24;0.00;0.00;0.00;0.27;0.25
133.00;-7.89;-3.67;0.03;0.00;0.01;13.12;0.00;0.00;0.00;0.00;0.00;0.22;0.25
134.00;-12.49;-3.47;0.63;0.01;0.00;19.76;0.00;2.07;0.00;0.00;0.00;0.27;0.25
135.00;-14.59;-3.67;0.70;0.00;0.00;23.15;0.00;2.81;0.00;0.00;0.00;0.31;0.25
136.00;-8.66;-3.55;0.69;0.00;0.00;13.28;0.00;0.17;0.00;0.00;0.00;0.22;0.25
137.00;-12.06;-3.64;0.72;0.00;0.00;18.89;0.00;1.64;0.00;0.00;0.00;0.27;0.25
138.00;-15.83;-3.17;0.59;0.00;0.00;25.40;0.00;3.94;0.00;0.00;0.00;0.31;0.25
139.00;-14.42;-2.72;0.61;0.00;0.00;23.00;0.00;3.72;0.00;0.00;0.00;0.28;0.25
140.00;-10.75;-3.25;0.58;0.00;0.00;16.94;0.00;1.50;0.00;0.00;0.00;0.24;0.25
141.00;-9.69;-3.93;0.75;0.00;0.00;14.91;0.00;0.24;0.00;0.00;0.00;0.25;0.25
142.00;-13.92;-4.58;1.11;0.00;0.00;21.34;0.00;1.40;0.00;0.00;0.00;0.32;0.25
143.00;-13.20;-4.00;1.09;0.00;0.00;20.18;0.00;1.65;0.00;0.00;0.00;0.29;0.25
144.00;-11.26;-3.31;1.35;0.00;0.00;16.51;0.00;1.31;0.00;0.00;0.00;0.24;0.25
145.00;-17.59;-3.28;1.13;0.00;0.00;27.45;0.00;4.41;0.00;0.00;0.00;0.33;0.25
146.00;-20.91;-3.71;1.02;0.00;0.00;33.14;0.00;5.57;0.00;0.00;0.00;0.39;0.25
147.00;-12.51;-4.29;1.02;0.00;0.00;19.15;0.00;1.07;0.00;0.00;0.00;0.29;0.25
148.00;-8.00;-4.51;0.00;0.00;1.67;16.10;0.00;0.00;0.00;0.00;0.00;0.28;0.25
149.00;-8.60;-4.19;0.00;0.00;0.39;14.98;0.00;0.00;0.00;0.00;0.37;0.26;0.25
150.00;-8.77;-4.25;0.00;0.00;0.35;15.19;0.00;0.00;0.00;0.00;0.46;0.26;0.25
151.00;-15.55;-4.73;1.82;1.94;0.00;19.64;0.00;0.77;0.00;0.00;0.54;0.31;0.25
152.00;-21.35;-4.34;2.72;0.00;0.00;31.05;0.00;4.35;0.00;0.00;0.00;0.40;0.25
153.00;-18.48;-3.56;2.86;0.00;0.00;26.04;0.00;3.73;0.00;0.00;0.00;0.33;0.25
154.00;-13.57;-3.60;3.33;0.00;0.00;17.07;0.00;1.18;0.00;0.00;0.00;0.26;0.25
155.00;-11.31;-3.70;3.39;0.00;0.01;13.22;0.00;0.00;0.00;0.00;0.00;0.23;0.25
156.00;-9.97;-2.94;3.67;0.00;0.01;10.51;0.00;0.00;0.00;0.00;0.00;0.18;0.25
157.00;-9.37;-2.77;3.43;0.00;0.00;9.89;0.00;0.00;0.00;0.00;0.00;0.17;0.25
158.00;-17.57;-3.72;4.03;0.01;0.00;22.56;0.00;2.60;0.00;0.00;0.00;0.31;0.25
159.00;-19.14;-3.65;6.61;0.00;0.00;20.89;0.00;2.20;0.00;0.00;0.00;0.29;0.25
160.00;-12.27;-3.12;5.34;0.00;0.00;11.55;0.00;0.12;0.00;0.00;0.00;0.19;0.25
161.00;-10.71;-3.88;2.40;0.00;0.00;13.85;0.00;0.00;0.00;0.00;0.00;0.24;0.25
162.00;-11.60;-4.03;1.95;0.00;0.00;16.08;0.00;0.47;0.00;0.00;0.00;0.26;0.25
163.00;-9.72;-3.72;1.50;0.00;0.00;13.71;0.00;0.12;0.00;0.00;0.00;0.23;0.25
164.00;-10.26;-4.27;1.06;0.00;0.00;15.33;0.00;0.02;0.00;0.00;0.00;0.26;0.25
165.00;-15.64;-4.57;0.68;0.00;0.00;24.93;0.00;2.41;0.00;0.00;0.00;0.35;0.25
166.00;-18.50;-4.21;0.21;0.00;0.00;30.49;0.00;4.32;0.00;0.00;0.00;0.39;0.25
167.00;-12.83;-3.85;0.48;0.00;0.00;20.58;0.00;1.92;0.00;0.00;0.00;0.29;0.25
168.00;-10.58;-4.23;0.48;0.00;0.00;16.83;0.00;0.48;0.00;0.00;0.00;0.27;0.25
169.00;-11.37;-4.00;0.55;0.00;0.00;18.03;0.00;1.05;0.00;0.00;0.00;0.28;0.25
170.00;-14.82;-3.74;0.69;0.00;0.00;23.53;0.00;2.85;0.00;0.00;0.00;0.31;0.25
171.00;-20.31;-4.34;0.68;0.00;0.00;32.71;0.00;4.82;0.00;0.00;0.00;0.41;0.25
172.00;-16.32;-4.66;0.42;0.00;0.00;26.51;0.00;2.76;0.00;0.00;0.00;0.37;0.25
173.00;-15.03;-5.48;0.35;0.00;0.00;24.47;0.00;1.37;0.00;0.00;0.00;0.38;0.25
174.00;-13.14;-5.07;0.38;0.00;0.00;21.27;0.00;0.88;0.00;0.00;0.00;0.34;0.25
175.00;-11.92;-4.60;0.31;0.00;0.00;19.36;0.00;0.82;0.00;0.00;0.00;0.31;0.25
176.00;-19.74;-4.99;0.23;0.00;0.00;32.52;0.00;4.12;0.00;0.00;0.00;0.43;0.25
177.00;-19.91;-4.95;0.18;0.00;0.00;32.88;0.00;4.26;0.00;0.00;0.00;0.43;0.25
178.00;-14.12;-4.32;0.12;0.00;0.00;23.34;0.00;2.22;0.00;0.00;0.00;0.33;0.25
179.00;-16.41;-4.46;0.05;0.00;0.00;27.26;0.00;3.17;0.00;0.00;0.00;0.37;0.25
180.00;-14.48;-4.44;0.00;0.00;0.00;24.13;0.00;2.32;0.00;0.00;0.00;0.34;0.25
181.00;-9.50;-3.65;0.00;0.00;0.00;15.84;0.00;0.78;0.00;0.00;0.00;0.25;0.25
182.00;-15.41;-3.53;0.00;0.00;0.00;25.69;0.00;3.67;0.00;0.00;0.00;0.33;0.25
183.00;-16.84;-3.46;0.00;0.00;0.00;28.07;0.00;4.40;0.00;0.00;0.00;0.34;0.25
184.00;-10.75;-3.01;0.00;0.00;0.00;17.92;0.00;2.01;0.00;0.00;0.00;0.24;0.25
185.00;-11.80;-2.94;0.00;0.00;0.00;19.67;0.00;2.57;0.00;0.00;0.00;0.26;0.25
186.00;-17.13;-3.15;0.00;0.00;0.00;28.55;0.00;4.85;0.00;0.00;0.00;0.34;0.25
187.00;-13.39;-3.09;0.00;0.00;0.00;22.32;0.00;3.16;0.00;0.00;0.00;0.28;0.25
188.00;-8.54;-2.98;0.00;0.00;0.00;14.24;0.00;1.01;0.00;0.00;0.00;0.21;0.25
189.00;-14.00;-3.00;0.00;0.00;0.00;23.34;0.00;3.54;0.00;0.00;0.00;0.29;0.25
190.00;-16.02;-2.92;0.00;0.00;0.00;26.70;0.00;4.56;0.00;0.00;0.00;0.31;0.25
191.00;-10.38;-2.61;0.00;0.00;0.00;17.30;0.00;2.24;0.00;0.00;0.00;0.23;0.25
192.00;-11.21;-2.20;0.00;0.00;0.00;18.68;0.00;3.03;0.00;0.00;0.00;0.23;0.25
193.00;-12.19;-2.22;0.00;0.00;0.00;20.31;0.00;3.47;0.00;0.00;0.00;0.24;0.25
194.00;-8.89;-2.38;0.00;0.00;0.00;14.82;0.00;1.77;0.00;0.00;0.00;0.20;0.25
195.00;-8.07;-2.67;0.00;0.00;0.00;13.45;0.00;1.09;0.00;0.00;0.00;0.20;0.25
196.00;-12.35;-2.82;0.00;0.00;0.00;20.59;0.00;2.94;0.00;0.00;0.00;0.26;0.25
197.00;-14.92;-2.76;0.00;0.00;0.00;24.87;0.00;4.21;0.00;0.00;0.00;0.29;0.25
198.00;-11.45;-2.54;0.00;0.00;0.00;19.08;0.00;2.80;0.00;0.00;0.00;0.24;0.25
199.00;-7.82;-2.40;0.00;0.00;0.00;13.03;0.00;1.25;0.00;0.00;0.00;0.18;0.25
200.00;-9.78;-2.37;0.00;0.00;0.00;16.30;0.00;2.19;0.00;0.00;0.00;0.21;0.25
201.00;-13.53;-2.39;0.00;0.00;0.00;22.55;0.00;3.92;0.00;0.00;0.00;0.26;0.25
202.00;-11.61;-2.25;0.00;0.00;0.00;19.36;0.00;3.17;0.00;0.00;0.00;0.23;0.25
203.00;-8.36;-2.07;0.00;0.00;0.00;13.93;0.00;1.84;0.00;0.00;0.00;0.18;0.25
204.00;-9.78;-2.07;0.00;0.00;0.00;16.30;0.00;2.50;0.00;0.00;0.00;0.20;0.25
205.00;-15.46;-2.23;0.00;0.00;0.00;25.77;0.00;4.98;0.00;0.00;0.00;0.29;0.25
206.00;-13.84;-2.28;0.00;0.00;0.00;23.06;0.00;4.18;0.00;0.00;0.00;0.26;0.25
207.00;-10.09;-2.16;0.00;0.00;0.00;16.82;0.00;2.55;0.00;0.00;0.00;0.21;0.25
208.00;-10.05;-2.10;0.00;0.00;0.00;16.76;0.00;2.59;0.00;0.00;0.00;0.21;0.25
209.00;-10.52;-2.09;0.00;0.00;0.00;17.54;0.00;2.82;0.00;0.00;0.00;0.21;0.25
210.00;-9.70;-2.11;0.00;0.00;0.00;16.17;0.00;2.42;0.00;0.00;0.00;0.20;0.25
211.00;-11.82;-2.13;0.00;0.00;0.00;19.71;0.00;3.39;0.00;0.00;0.00;0.23;0.25
212.00;-15.52;-2.10;0.00;0.00;0.00;25.87;0.00;5.14;0.00;0.00;0.00;0.28;0.25
213.00;-13.98;-2.14;0.00;0.00;0.00;23.30;0.00;4.38;0.00;0.00;0.00;0.26;0.25
214.00;-13.56;-2.22;0.00;0.00;0.00;22.60;0.00;4.10;0.00;0.00;0.00;0.26;0.25
215.00;-10.40;-2.25;0.00;0.00;0.00;17.34;0.00;2.60;0.00;0.00;0.00;0.22;0.25
216.00;-8.66;-2.37;0.01;0.00;0.00;14.42;0.00;1.67;0.00;0.00;0.00;0.19;0.25
217.00;-12.41;-2.73;0.05;0.00;0.00;20.60;0.00;3.03;0.00;0.00;0.00;0.26;0.25
218.00;-16.10;-2.99;0.12;0.00;0.00;26.64;0.00;4.47;0.00;0.00;0.00;0.32;0.25
219.00;-16.15;-3.21;0.19;0.00;0.00;26.61;0.00;4.24;0.00;0.00;0.00;0.32;0.25
220.00;-19.64;-3.63;0.25;0.00;0.00;32.30;0.00;5.42;0.00;0.00;0.00;0.38;0.25
221.00;-19.02;-3.56;0.35;0.00;0.00;31.12;0.00;5.16;0.00;0.00;0.00;0.37;0.25
222.00;-9.98;-3.19;0.55;0.00;0.00;15.72;0.00;1.21;0.00;0.00;0.00;0.23;0.25
223.00;-15.33;-2.91;0.59;0.00;0.00;24.56;0.00;3.96;0.00;0.00;0.00;0.30;0.25
224.00;-18.71;-2.81;0.61;0.00;0.00;30.17;0.00;5.64;0.00;0.00;0.00;0.34;0.25
225.00;-14.28;-3.08;0.50;0.00;0.00;22.96;0.00;3.35;0.00;0.00;0.00;0.29;0.25
226.00;-15.28;-3.49;0.45;0.00;0.00;24.72;0.00;3.43;0.00;0.00;0.00;0.32;0.25
227.00;-15.05;-3.66;0.36;0.00;0.00;24.47;0.00;3.19;0.00;0.00;0.00;0.32;0.25
228.00;-11.13;-3.78;0.39;0.00;0.00;17.91;0.00;1.24;0.00;0.00;0.00;0.27;0.25
229.00;-7.89;-3.67;0.03;0.00;0.01;13.12;0.00;0.00;0.00;0.00;0.00;0.22;0.25
230.00;-12.49;-3.47;0.63;0.01;0.00;19.76;0.00;2.07;0.00;0.00;0.00;0.27;0.25
231.00;-14.59;-3.67;0.70;0.00;0.00;23.15;0.00;2.81;0.00;0.00;0.00;0.31;0.25
232.00;-8.66;-3.55;0.69;0.00;0.00;13.28;0.00;0.17;0.00;0.00;0.00;0.22;0.25
233.00;-12.06;-3.64;0.72;0.00;0.00;18.89;0.00;1.64;0.00;0.00;0.00;0.27;0.25
234.00;-15.83;-3.17;0.59;0.00;0.00;25.40;0.00;3.94;0.00;0.00;0.00;0.31;0.25
235.00;-14.42;-2.72;0.61;0.00;0.00;23.00;0.00;3.72;0.00;0.00;0.00;0.28;0.25
236.00;-10.75;-3.25;0.58;0.00;0.00;16.94;0.00;1.50;0.00;0.00;0.00;0.24;0.25
237.00;-9.69;-3.93;0.75;0.00;0.00;14.91;0.00;0.24;0.00;0.00;0.00;0.25;0.25
238.00;-13.92;-4.58;1.11;0.00;0.00;21.34;0.00;1.40;0.00;0.00;0.00;0.32;0.25
239.00;-13.20;-4.00;1.09;0.00;0.00;20.18;0.00;1.65;0.00;0.00;0.00;0.29;0.25
240.00;-11.26;-3.31;1.35;0.00;0.00;16.51;0.00;1.31;0.00;0.00;0.00;0.24;0.25
241.00;-17.59;-3.28;1.13;0.00;0.00;27.45;0.00;4.41;0.00;0.00;0.00;0.33;0.25
242.00;-20.91;-3.71;1.02;0.00;0.00;33.14;0.00;5.57;0.00;0.00;0.00;0.39;0.25
243.00;-12.51;-4.29;1.02;0.00;0.00;19.15;0.00;1.07;0.00;0.00;0.00;0.29;0.25
244.00;-8.00;-4.51;0.00;0.00;1.67;16.10;0.00;0.00;0.00;0.00;0.00;0.28;0.25
245.00;-8.60;-4.19;0.00;0.00;0.39;14.98;0.00;0.00;0.00;0.00;0.37;0.26;0.25
246.00;-8.77;-4.25;0.00;0.00;0.35;15.19;0.00;0.00;0.00;0.00;0.46;0.26;0.25
247.00;-15.55;-4.73;1.82;1.94;0.00;19.64;0.00;0.77;0.00;0.00;0.54;0.31;0.25
248.00;-21.35;-4.34;2.72;0.00;0.00;31.05;0.00;4.35;0.00;0.00;0.00;0.40;0.25
249.00;-18.48;-3.56;2.86;0.00;0.00;26.04;0.00;3.73;0.00;0.00;0.00;0.33;0.25
250.00;-13.57;-3.60;3.33;0.00;0.00;17.07;0.00;1.18;0.00;0.00;0.00;0.26;0.25
251.00;-11.31;-3.70;3.39;0.00;0.01;13.22;0.00;0.00;0.00;0.00;0.00;0.23;0.25
252.00;-9.97;-2.94;3.67;0.00;0.01;10.51;0.00;0.00;0.00;0.00;0.00;0.18;0.25
253.00;-9.37;-2.77;3.43;0.00;0.00;9.89;0.00;0.00;0.00;0.00;0.00;0.17;0.25
254.00;-17.57;-3.72;4.03;0.01;0.00;22.56;0.00;2.60;0.00;0.00;0.00;0.31;0.25
255.00;-19.14;-3.65;6.61;0.00;0.00;20.89;0.00;2.20;0.00;0.00;0.00;0.29;0.25
256.00;-12.27;-3.12;5.34;0.00;0.00;11.55;0.00;0.12;0.00;0.00;0.00;0.19;0.25
257.00;-10.71;-3.88;2.40;0.00;0.00;13.85;0.00;0.00;0.00;0.00;0.00;0.24;0.25
258.00;-11.60;-4.03;1.95;0.00;0.00;16.08;0.00;0.47;0.00;0.00;0.00;0.26;0.25
259.00;-9.72;-3.72;1.50;0.00;0.00;13.71;0.00;0.12;0.00;0.00;0.00;0.23;0.25
260.00;-10.26;-4.27;1.06;0.00;0.00;15.33;0.00;0.02;0.00;0.00;0.00;0.26;0.25
261.00;-15.64;-4.57;0.68;0.00;0.00;24.93;0.00;2.41;0.00;0.00;0.00;0.35;0.25
262.00;-18.50;-4.21;0.21;0.00;0.00;30.49;0.00;4.32;0.00;0.00;0.00;0.39;0.25
263.00;-12.83;-3.85;0.48;0.00;0.00;20.58;0.00;1.92;0.00;0.00;0.00;0.29;0.25
264.00;-10.58;-4.23;0.48;0.00;0.00;16.83;0.00;0.48;0.00;0.00;0.00;0.27;0.25
265.00;-11.37;-4.00;0.55;0.00;0.00;18.03;0.00;1.05;0.00;0.00;0.00;0.28;0.25
266.00;-14.82;-3.74;0.69;0.00;0.00;23.53;0.00;2.85;0.00;0.00;0.00;0.31;0.25
267.00;-20.31;-4.34;0.68;0.00;0.00;32.71;0.00;4.82;0.00;0.00;0.00;0.41;0.25
268.00;-16.32;-4.66;0.42;0.00;0.00;26.51;0.00;2.76;0.00;0.00;0.00;0.37;0.25
269.00;-15.03;-5.48;0.35;0.00;0.00;24.47;0.00;1.37;0.00;0.00;0.00;0.38;0.25
270.00;-13.14;-5.07;0.38;0.00;0.00;21.27;0.00;0.88;0.00;0.00;0.00;0.34;0.25
271.00;-11.92;-4.60;0.31;0.00;0.00;19.36;0.00;0.82;0.00;0.00;0.00;0.31;0.25
272.00;-19.74;-4.99;0.23;0.00;0.00;32.52;0.00;4.12;0.00;0.00;0.00;0.43;0.25
273.00;-19.91;-4.95;0.18;0.00;0.00;32.88;0.00;4.26;0.00;0.00;0.00;0.43;0.25
274.00;-14.12;-4.32;0.12;0.00;0.00;23.34;0.00;2.22;0.00;0.00;0.00;0.33;0.25
275.00;-16.41;-4.46;0.05;0.00;0.00;27.26;0.00;3.17;0.00;0.00;0.00;0.37;0.25
276.00;-14.48;-4.44;0.00;0.00;0.00;24.13;0.00;2.32;0.00;0.00;0.00;0.34;0.25
277.00;-9.50;-3.65;0.00;0.00;0.00;15.84;0.00;0.78;0.00;0.00;0.00;0.25;0.25
278.00;-15.41;-3.53;0.00;0.00;0.00;25.69;0.00;3.67;0.00;0.00;0.00;0.33;0.25
279.00;-16.84;-3.46;0.00;0.00;0.00;28.07;0.00;4.40;0.00;0.00;0.00;0.34;0.25
280.00;-10.75;-3.01;0.00;0.00;0.00;17.92;0.00;2.01;0.00;0.00;0.00;0.24;0.25
281.00;-11.80;-2.94;0.00;0.00;0.00;19.67;0.00;2.57;0.00;0.00;0.00;0.26;0.25
282.00;-17.13;-3.15;0.00;0.00;0.00;28.55;0.00;4.85;0.00;0.00;0.00;0.34;0.25
283.00;-13.39;-3.09;0.00;0.00;0.00;22.32;0.00;3.16;0.00;0.00;0.00;0.28;0.25
284.00;-8.54;-2.98;0.00;0.00;0.00;14.24;0.00;1.01;0.00;0.00;0.00;0.21;0.25
285.00;-14.00;-3.00;0.00;0.00;0.00;23.34;0.00;3.54;0.00;0.00;0.00;0.29;0.25
286.00;-16.02;-2.92;0.00;0.00;0.00;26.70;0.00;4.56;0.00;0.00;0.00;0.31;0.25
287.00;-10.38;-2.61;0.00;0.00;0.00;17.30;0.00;2.24;0.00;0.00;0.00;0.23;0.25
288.00;-11.21;-2.20;0.00;0.00;0.00;18.68;0.00;3.03;0.00;0.00;0.00;0.23;0.25
289.00;-12.19;-2.22;0.00;0.00;0.00;20.31;0.00;3.47;0.00;0.00;0.00;0.24;0.25
290.00;-8.89;-2.38;0.00;0.00;0.00;14.82;0.00;1.77;0.00;0.00;0.00;0.20;0.25
291.00;-8.07;-2.67;0.00;0.00;0.00;13.45;0.00;1.09;0.00;0.00;0.00;0.20;0.25
292.00;-12.35;-2.82;0.00;0.00;0.00;20.59;0.00;2.94;0.00;0.00;0.00;0.26;0.25
293.00;-14.92;-2.76;0.00;0.00;0.00;24.87;0.00;4.21;0.00;0.00;0.00;0.29;0.25
294.00;-11.45;-2.54;0.00;0.00;0.00;19.08;0.00;2.80;0.00;0.00;0.00;0.24;0.25
295.00;-7.82;-2.40;0.00;0.00;0.00;13.03;0.00;1.25;0.00;0.00;0.00;0.18;0.25
296.00;-9.78;-2.37;0.00;0.00;0.00;16.30;0.00;2.19;0.00;0.00;0.00;0.21;0.25
297.00;-13.53;-2.39;0.00;0.00;0.00;22.55;0.00;3.92;0.00;0.00;0.00;0.26;0.25
298.00;-11.61;-2.25;0.00;0.00;0.00;19.36;0.00;3.17;0.00;0.00;0.00;0.23;0.25
299.00;-8.36;-2.07;0.00;0.00;0.00;13.93;0.00;1.84;0.00;0.00;0.00;0.18;0.25
300.00;-9.78;-2.07;0.00;0.00;0.00;16.30;0.00;2.50;0.00;0.00;0.00;0.20;0.25
301.00;-15.46;-2.23;0.00;0.00;0.00;25.77;0.00;4.98;0.00;0.00;0.00;0.29;0.25
302.00;-13.84;-2.28;0.00;0.00;0.00;23.06;0.00;4.18;0.00;0.00;0.00;0.26;0.25
303.00;-10.09;-2.16;0.00;0.00;0.00;16.82;0.00;2.55;0.00;0.00;0.00;0.21;0.25
304.00;-10.05;-2.10;0.00;0.00;0.00;16.76;0.00;2.59;0.00;0.00;0.00;0.21;0.25
305.00;-10.52;-2.09;0.00;0.00;0.00;17.54;0.00;2.82;0.00;0.00;0.00;0.21;0.25
306.00;-9.70;-2.11;0.00;0.00;0.00;16.17;0.00;2.42;0.00;0.00;0.00;0.20;0.25
307.00;-11.82;-2.13;0.00;0.00;0.00;19.71;0.00;3.39;0.00;0.00;0.00;0.23;0.25
308.00;-15.52;-2.10;0.00;0.00;0.00;25.87;0.00;5.14;0.00;0.00;0.00;0.28;0.25
309.00;-13.98;-2.14;0.00;0.00;0.00;23.30;0.00;4.38;0.00;0.00;0.00;0.26;0.25
310.00;-13.56;-2.22;0.00;0.00;0.00;22.60;0.00;4.10;0.00;0.00;0.00;0.26;0.25
311.00;-10.40;-2.25;0.00;0.00;0.00;17.34;0.00;2.60;0.00;0.00;0.00;0.22;0.25
312.00;-8.66;-2.37;0.01;0.00;0.00;14.42;0.00;1.67;0.00;0.00;0.00;0.19;0.25
313.00;-12.41;-2.73;0.05;0.00;0.00;20.60;0.00;3.03;0.00;0.00;0.00;0.26;0.25
314.00;-16.10;-2.99;0.12;0.00;0.00;26.64;0.00;4.47;0.00;0.00;0.00;0.32;0.25
315.00;-16.15;-3.21;0.19;0.00;0.00;26.61;0.00;4.24;0.00;0.00;0.00;0.32;0.25
316.00;-19.64;-3.63;0.25;0.00;0.00;32.30;0.00;5.42;0.00;0.00;0.00;0.38;0.25
317.00;-19.02;-3.56;0.35;0.00;0.00;31.12;0.00;5.16;0.00;0.00;0.00;0.37;0.25
318.00;-9.98;-3.19;0.55;0.00;0.00;15.72;0.00;1.21;0.00;0.00;0.00;0.23;0.25
319.00;-15.33;-2.91;0.59;0.00;0.00;24.56;0.00;3.96;0.00;0.00;0.00;0.30;0.25
320.00;-18.71;-2.81;0.61;0.00;0.00;30.17;0.00;5.64;0.00;0.00;0.00;0.34;0.25
321.00;-14.28;-3.08;0.50;0.00;0.00;22.96;0.00;3.35;0.00;0.00;0.00;0.29;0.25
322.00;-15.28;-3.49;0.45;0.00;0.00;24.72;0.00;3.43;0.00;0.00;0.00;0.32;0.25
323.00;-15.05;-3.66;0.36;0.00;0.00;24.47;0.00;3.19;0.00;0.00;0.00;0.32;0.25
324.00;-11.13;-3.78;0.39;0.00;0.00;17.91;0.00;1.24;0.00;0.00;0.00;0.27;0.25
325.00;-7.89;-3.67;0.03;0.00;0.01;13.12;0.00;0.00;0.00;0.00;0.00;0.22;0.25
326.00;-12.49;-3.47;0.63;0.01;0.00;19.76;0.00;2.07;0.00;0.00;0.00;0.27;0.25
327.00;-14.59;-3.67;0.70;0.00;0.00;23.15;0.00;2.81;0.00;0.00;0.00;0.31;0.25
328.00;-8.66;-3.55;0.69;0.00;0.00;13.28;0.00;0.17;0.00;0.00;0.00;0.22;0.25
329.00;-12.06;-3.64;0.72;0.00;0.00;18.89;0.00;1.64;0.00;0.00;0.00;0.27;0.25
330.00;-15.83;-3.17;0.59;0.00;0.00;25.40;0.00;3.94;0.00;0.00;0.00;0.31;0.25
331.00;-14.42;-2.72;0.61;0.00;0.00;23.00;0.00;3.72;0.00;0.00;0.00;0.28;0.25
332.00;-10.75;-3.25;0.58;0.00;0.00;16.94;0.00;1.50;0.00;0.00;0.00;0.24;0.25
333.00;-9.69;-3.93;0.75;0.00;0.00;14.91;0.00;0.24;0.00;0.00;0.00;0.25;0.25
334.00;-13.92;-4.58;1.11;0.00;0.00;21.34;0.00;1.40;0.00;0.00;0.00;0.32;0.25
335.00;-13.20;-4.00;1.09;0.00;0.00;20.18;0.00;1.65;0.00;0.00;0.00;0.29;0.25
336.00;-11.26;-3.31;1.35;0.00;0.00;16.51;0.00;1.31;0.00;0.00;0.00;0.24;0.25
337.00;-17.59;-3.28;1.13;0.00;0.00;27.45;0.00;4.41;0.00;0.00;0.00;0.33;0.25
338.00;-20.91;-3.71;1.02;0.00;0.00;33.14;0.00;5.57;0.00;0.00;0.00;0.39;0.25
339.00;-12.51;-4.29;1.02;0.00;0.00;19.15;0.00;1.07;0.00;0.00;0.00;0.29;0.25
340.00;-8.00;-4.51;0.00;0.00;1.67;16.10;0.00;0.00;0.00;0.00;0.00;0.28;0.25
341.00;-8.60;-4.19;0.00;0.00;0.39;14.98;0.00;0.00;0.00;0.00;0.37;0.26;0.25
342.00;-8.77;-4.25;0.00;0.00;0.35;15.19;0.00;0.00;0.00;0.00;0.46;0.26;0.25
343.00;-15.55;-4.73;1.82;1.94;0.00;19.64;0.00;0.77;0.00;0.00;0.54;0.31;0.25
344.00;-21.35;-4.34;2.72;0.00;0.00;31.05;0.00;4.35;0.00;0.00;0.00;0.40;0.25
345.00;-18.48;-3.56;2.86;0.00;0.00;26.04;0.00;3.73;0.00;0.00;0.00;0.33;0.25
346.00;-13.57;-3.60;3.33;0.00;0.00;17.07;0.00;1.18;0.00;0.00;0.00;0.26;0.25
347.00;-11.31;-3.70;3.39;0.00;0.01;13.22;0.00;0.00;0.00;0.00;0.00;0.23;0.25
348.00;-9.97;-2.94;3.67;0.00;0.01;10.51;0.00;0.00;0.00;0.00;0.00;0.18;0.25
349.00;-9.37;-2.77;3.43;0.00;0.00;9.89;0.00;0.00;0.00;0.00;0.00;0.17;0.25
350.00;-17.57;-3.72;4.03;0.01;0.00;22.56;0.00;2.60;0.00;0.00;0.00;0.31;0.25
351.00;-19.14;-3.65;6.61;0.00;0.00;20.89;0.00;2.20;0.00;0.00;0.00;0.29;0.25
352.00;-12.27;-3.12;5.34;0.00;0.00;11.55;0.00;0.12;0.00;0.00;0.00;0.19;0.25
353.00;-10.71;-3.88;2.40;0.00;0.00;13.85;0.00;0.00;0.00;0.00;0.00;0.24;0.25
354.00;-11.60;-4.03;1.95;0.00;0.00;16.08;0.00;0.47;0.00;0.00;0.00;0.26;0.25
355.00;-9.72;-3.72;1.50;0.00;0.00;13.71;0.00;0.12;0.00;0.00;0.00;0.23;0.25
356.00;-10.26;-4.27;1.06;0.00;0.00;15.33;0.00;0.02;0.00;0.00;0.00;0.26;0.25
357.00;-15.64;-4.57;0.68;0.00;0.00;24.93;0.00;2.41;0.00;0.00;0.00;0.35;0.25
358.00;-18.50;-4.21;0.21;0.00;0.00;30.49;0.00;4.32;0.00;0.00;0.00;0.39;0.25
359.00;-12.83;-3.85;0.48;0.00;0.00;20.58;0.00;1.92;0.00;0.00;0.00;0.29;0.25
360.00;-10.58;-4.23;0.48;0.00;0.00;16.83;0.00;0.48;0.00;0.00;0.00;0.27;0.25
361.00;-11.37;-4.00;0.55;0.00;0.00;18.03;0.00;1.05;0.00;0.00;0.00;0.28;0.25
362.00;-14.82;-3.74;0.69;0.00;0.00;23.53;0.00;2.85;0.00;0.00;0.00;0.31;0.25
363.00;-20.31;-4.34;0.68;0.00;0.00;32.71;0.00;4.82;0.00;0.00;0.00;0.41;0.25
364.00;-16.32;-4.66;0.42;0.00;0.00;26.51;0.00;2.76;0.00;0.00;0.00;0.37;0.25
365.00;-15.03;-5.48;0.35;0.00;0.00;24.47;0.00;1.37;0.00;0.00;0.00;0.38;0.25
366.00;-13.14;-5.07;0.38;0.00;0.00;21.27;0.00;0.88;0.00;0.00;0.00;0.34;0.25
367.00;-11.92;-4.60;0.31;0.00;0.00;19.36;0.00;0.82;0.00;0.00;0.00;0.31;0.25
368.00;-19.74;-4.99;0.23;0.00;0.00;32.52;0.00;4.12;0.00;0.00;0.00;0.43;0.25
369.00;-19.91;-4.95;0.18;0.00;0.00;32.88;0.00;4.26;0.00;0.00;0.00;0.43;0.25
370.00;-14.12;-4.32;0.12;0.00;0.00;23.34;0.00;2.22;0.00;0.00;0.00;0.33;0.25
371.00;-16.41;-4.46;0.05;0.00;0.00;27.26;0.00;3.17;0.00;0.00;0.00;0.37;0.25
372.00;-14.48;-4.44;0.00;0.00;0.00;24.13;0.00;2.32;0.00;0.00;0.00;0.34;0.25
373.00;-9.50;-3.65;0.00;0.00;0.00;15.84;0.00;0.78;0.00;0.00;0.00;0.25;0.25
374.00;-15.41;-3.53;0.00;0.00;0.00;25.69;0.00;3.67;0.00;0.00;0.00;0.33;0.25
375.00;-16.84;-3.46;0.00;0.00;0.00;28.07;0.00;4.40;0.00;0.00;0.00;0.34;0.25
376.00;-10.75;-3.01;0.00;0.00;0.00;17.92;0.00;2.01;0.00;0.00;0.00;0.24;0.25
377.00;-11.80;-2.94;0.00;0.00;0.00;19.67;0.00;2.57;0.00;0.00;0.00;0.26;0.25
378.00;-17.13;-3.15;0.00;0.00;0.00;28.55;0.00;4.85;0.00;0.00;0.00;0.34;0.25
379.00;-13.39;-3.09;0.00;0.00;0.00;22.32;0.00;3.16;0.00;0.00;0.00;0.28;0.25
380.00;-8.54;-2.98;0.00;0.00;0.00;14.24;0.00;1.01;0.00;0.00;0.00;0.21;0.25
381.00;-14.00;-3.00;0.00;0.00;0.00;23.34;0.00;3.54;0.00;0.00;0.00;0.29;0.25
382.00;-16.02;-2.92;0.00;0.00;0.00;26.70;0.00;4.56;0.00;0.00;0.00;0.31;0.25
383.00;-10.38;-2.61;0.00;0.00;0.00;17.30;0.00;2.24;0.00;0.00;0.00;0.23;0.25
384.00;-11.21;-2.20;0.00;0.00;0.00;18.68;0.00;3.03;0.00;0.00;0.00;0.23;0.25
385.00;-12.19;-2.22;0.00;0.00;0.00;20.31;0.00;3.47;0.00;0.00;0.00;0.24;0.25
386.00;-8.89;-2.38;0.00;0.00;0.00;14.82;0.00;1.77;0.00;0.00;0.00;0.20;0.25
387.00;-8.07;-2.67;0.00;0.00;0.00;13.45;0.00;1.09;0.00;0.00;0.00;0.20;0.25
388.00;-12.35;-2.82;0.00;0.00;0.00;20.59;0.00;2.94;0.00;0.00;0.00;0.26;0.25
389.00;-14.92;-2.76;0.00;0.00;0.00;24.87;0.00;4.21;0.00;0.00;0.00;0.29;0.25
390.00;-11.45;-2.54;0.00;0.00;0.00;19.08;0.00;2.80;0.00;0.00;0.00;0.24;0.25
391.00;-7.82;-2.40;0.00;0.00;0.00;13.03;0.00;1.25;0.00;0.00;0.00;0.18;0.25
392.00;-9.78;-2.37;0.00;0.00;0.00;16.30;0.00;2.19;0.00;0.00;0.00;0.21;0.25
393.00;-13.53;-2.39;0.00;0.00;0.00;22.55;0.00;3.92;0.00;0.00;0.00;0.26;0.25
394.00;-11.61;-2.25;0.00;0.00;0.00;19.36;0.00;3.17;0.00;0.00;0.00;0.23;0.25
395.00;-8.36;-2.07;0.00;0.00;0.00;13.93;0.00;1.84;0.00;0.00;0.00;0.18;0.25
396.00;-9.78;-2.07;0.00;0.00;0.00;16.30;0.00;2.50;0.00;0.00;0.00;0.20;0.25
397.00;-15.46;-2.23;0.00;0.00;0.00;25.77;0.00;4.98;0.00;0.00;0.00;0.29;0.25
398.00;-13.84;-2.28;0.00;0.00;0.00;23.06;0.00;4.18;0.00;0.00;0.00;0.26;0.25
399.00;-10.09;-2.16;0.00;0.00;0.00;16.82;0.00;2.55;0.00;0.00;0.00;0.21;0.25
400.00;-10.05;-2.10;0.00;0.00;0.00;16.76;0.00;2.59;0.00;0.00;0.00;0.21;0.25
401.00;-10.52;-2.09;0.00;0.00;0.00;17.54;0.00;2.82;0.00;0.00;0.00;0.21;0.25
402.00;-9.70;-2.11;0.00;0.00;0.00;16.17;0.00;2.42;0.00;0.00;0.00;0.20;0.25
403.00;-11.82;-2.13;0.00;0.00;0.00;19.71;0.00;3.39;0.00;0.00;0.00;0.23;0.25
404.00;-15.52;-2.10;0.00;0.00;0.00;25.87;0.00;5.14;0.00;0.00;0.00;0.28;0.25
405.00;-13.98;-2.14;0.00;0.00;0.00;23.30;0.00;4.38;0.00;0.00;0.00;0.26;0.25
406.00;-13.56;-2.22;0.00;0.00;0.00;22.60;0.00;4.10;0.00;0.00;0.00;0.26;0.25
407.00;-10.40;-2.25;0.00;0.00;0.00;17.34;0.00;2.60;0.00;0.00;0.00;0.22;0.25
408.00;-8.66;-2.37;0.01;0.00;0.00;14.42;0.00;1.67;0.00;0.00;0.00;0.19;0.25
409.00;-12.41;-2.73;0.05;0.00;0.00;20.60;0.00;3.03;0.00;0.00;0.00;0.26;0.25
410.00;-16.10;-2.99;0.12;0.00;0.00;26.64;0.00;4.47;0.00;0.00;0.00;0.32;0.25
411.00;-16.15;-3.21;0.19;0.00;0.00;26.61;0.00;4.24;0.00;0.00;0.00;0.32;0.25
412.00;-19.64;-3.63;0.25;0.00;0.00;32.30;0.00;5.42;0.00;0.00;0.00;0.38;0.25
413.00;-19.02;-3.56;0.35;0.00;0.00;31.12;0.00;5.16;0.00;0.00;0.00;0.37;0.25
414.00;-9.98;-3.19;0.55;0.00;0.00;15.72;0.00;1.21;0.00;0.00;0.00;0.23;0.25
415.00;-15.33;-2.91;0.59;0.00;0.00;24.56;0.00;3.96;0.00;0.00;0.00;0.30;0.25
416.00;-18.71;-2.81;0.61;0.00;0.00;30.17;0.00;5.64;0.00;0.00;0.00;0.34;0.25
417.00;-14.28;-3.08;0.50;0.00;0.00;22.96;0.00;3.35;0.00;0.00;0.00;0.29;0.25
418.00;-15.28;-3.49;0.45;0.00;0.00;24.72;0.00;3.43;0.00;0.00;0.00;0.32;0.25
419.00;-15.05;-3.66;0.36;0.00;0.00;24.47;0.00;3.19;0.00;0.00;0.00;0.32;0.25
420.00;-11.13;-3.78;0.39;0.00;0.00;17.91;0.00;1.24;0.00;0.00;0.00;0.27;0.25
421.00;-7.89;-3.67;0.03;0.00;0.01;13.12;0.00;0.00;0.00;0.00;0.00;0.22;0.25
422.00;-12.49;-3.47;0.63;0.01;0.00;19.76;0.00;2.07;0.00;0.00;0.00;0.27;0.25
423.00;-14.59;-3.67;0.70;0.00;0.00;23.15;0.00;2.81;0.00;0.00;0.00;0.31;0.25
424.00;-8.66;-3.55;0.69;0.00;0.00;13.28;0.00;0.17;0.00;0.00;0.00;0.22;0.25
425.00;-12.06;-3.64;0.72;0.00;0.00;18.89;0.00;1.64;0.00;0.00;0.00;0.27;0.25
426.00;-15.83;-3.17;0.59;0.00;0.00;25.40;0.00;3.94;0.00;0.00;0.00;0.31;0.25
427.00;-14.42;-2.72;0.61;0.00;0.00;23.00;0.00;3.72;0.00;0.00;0.00;0.28;0.25
428.00;-10.75;-3.25;0.58;0.00;0.00;16.94;0.00;1.50;0.00;0.00;0.00;0.24;0.25
429.00;-9.69;-3.93;0.75;0.00;0.00;14.91;0.00;0.24;0.00;0.00;0.00;0.25;0.25
430.00;-13.92;-4.58;1.11;0.00;0.00;21.34;0.00;1.40;0.00;0.00;0.00;0.32;0.25
431.00;-13.20;-4.00;1.09;0.00;0.00;20.18;0.00;1.65;0.00;0.00;0.00;0.29;0.25
432.00;-11.26;-3.31;1.35;0.00;0.00;16.51;0.00;1.31;0.00;0.00;0.00;0.24;0.25
433.00;-17.59;-3.28;1.13;0.00;0.00;27.45;0.00;4.41;0.00;0.00;0.00;0.33;0.25
434.00;-20.91;-3.71;1.02;0.00;0.00;33.14;0.00;5.57;0.00;0.00;0.00;0.39;0.25
435.00;-12.51;-4.29;1.02;0.00;0.00;19.15;0.00;1.07;0.00;0.00;0.00;0.29;0.25
436.00;-8.00;-4.51;0.00;0.00;1.67;16.10;0.00;0.00;0.00;0.00;0.00;0.28;0.25
437.00;-8.60;-4.19;0.00;0.00;0.39;14.98;0.00;0.00;0.00;0.00;0.37;0.26;0.25
438.00;-8.77;-4.25;0.00;0.00;0.35;15.19;0.00;0.00;0.00;0.00;0.46;0.26;0.25
439.00;-15.55;-4.73;1.82;1.94;0.00;19.64;0.00;0.77;0.00;0.00;0.54;0.31;0.25
440.00;-21.35;-4.34;2.72;0.00;0.00;31.05;0.00;4.35;0.00;0.00;0.00;0.40;0.25
441.00;-18.48;-3.56;2.86;0.00;0.00;26.04;0.00;3.73;0.00;0.00;0.00;0.33;0.25
442.00;-13.57;-3.60;3.33;0.00;0.00;17.07;0.00;1.18;0.00;0.00;0.00;0.26;0.25
443.00;-11.31;-3.70;3.39;0.00;0.01;13.22;0.00;0.00;0.00;0.00;0.00;0.23;0.25
444.00;-9.97;-2.94;3.67;0.00;0.01;10.51;0.00;0.00;0.00;0.00;0.00;0.18;0.25
445.00;-9.37;-2.77;3.43;0.00;0.00;9.89;0.00;0.00;0.00;0.00;0.00;0.17;0.25
446.00;-17.57;-3.72;4.03;0.01;0.00;22.56;0.00;2.60;0.00;0.00;0.00;0.31;0.25
447.00;-19.14;-3.65;6.61;0.00;0.00;20.89;0.00;2.20;0.00;0.00;0.00;0.29;0.25
448.00;-12.27;-3.12;5.34;0.00;0.00;11.55;0.00;0.12;0.00;0.00;0.00;0.19;0.25
449.00;-10.71;-3.88;2.40;0.00;0.00;13.85;0.00;0.00;0.00;0.00;0.00;0.24;0.25
450.00;-11.60;-4.03;1.95;0.00;0.00;16.08;0.00;0.47;0.00;0.00;0.00;0.26;0.25
451.00;-9.72;-3.72;1.50;0.00;0.00;13.71;0.00;0.12;0.00;0.00;0.00;0.23;0.25
452.00;-10.26;-4.27;1.06;0.00;0.00;15.33;0.00;0.02;0.00;0.00;0.00;0.26;0.25
453.00;-15.64;-4.57;0.68;0.00;0.00;24.93;0.00;2.41;0.00;0.00;0.00;0.35;0.25
454.00;-18.50;-4.21;0.21;0.00;0.00;30.49;0.00;4.32;0.00;0.00;0.00;0.39;0.25
455.00;-12.83;-3.85;0.48;0.00;0.00;20.58;0.00;1.92;0.00;0.00;0.00;0.29;0.25
456.00;-10.58;-4.23;0.48;0.00;0.00;16.83;0.00;0.48;0.00;0.00;0.00;0.27;0.25
457.00;-11.37;-4.00;0.55;0.00;0.00;18.03;0.00;1.05;0.00;0.00;0.00;0.28;0.25
458.00;-14.82;-3.74;0.69;0.00;0.00;23.53;0.00;2.85;0.00;0.00;0.00;0.31;0.25
459.00;-20.31;-4.34;0.68;0.00;0.00;32.71;0.00;4.82;0.00;0.00;0.00;0.41;0.25
460.00;-16.32;-4.66;0.42;0.00;0.00;26.51;0.00;2.76;0.00;0.00;0.00;0.37;0.25
461.00;-15.03;-5.48;0.35;0.00;0.00;24.47;0.00;1.37;0.00;0.00;0.00;0.38;0.25
462.00;-13.14;-5.07;0.38;0.00;0.00;21.27;0.00;0.88;0.00;0.00;0.00;0.34;0.25
463.00;-11.92;-4.60;0.31;0.00;0.00;19.36;0.00;0.82;0.00;0.00;0.00;0.31;0.25
464.00;-19.74;-4.99;0.23;0.00;0.00;32.52;0.00;4.12;0.00;0.00;0.00;0.43;0.25
465.00;-19.91;-4.95;0.18;0.00;0.00;32.88;0.00;4.26;0.00;0.00;0.00;0.43;0.25
466.00;-14.12;-4.32;0.12;0.00;0.00;23.34;0.00;2.22;0.00;0.00;0.00;0.33;0.25
467.00;-16.41;-4.46;0.05;0.00;0.00;27.26;0.00;3.17;0.00;0.00;0.00;0.37;0.25
468.00;-14.48;-4.44;0.00;0.00;0.00;24.13;0.00;2.32;0.00;0.00;0.00;0.34;0.25
469.00;-9.50;-3.65;0.00;0.00;0.00;15.84;0.00;0.78;0.00;0.00;0.00;0.25;0.25
470.00;-15.41;-3.53;0.00;0.00;0.00;25.69;0.00;3.67;0.00;0.00;0.00;0.33;0.25
471.00;-16.84;-3.46;0.00;0.00;0.00;28.07;0.00;4.40;0.00;0.00;0.00;0.34;0.25
472.00;-10.75;-3.01;0.00;0.00;0.00;17.92;0.00;2.01;0.00;0.00;0.00;0.24;0.25
473.00;-11.80;-2.94;0.00;0.00;0.00;19.67;0.00;2.57;0.00;0.00;0.00;0.26;0.25
474.00;-17.13;-3.15;0.00;0.00;0.00;28.55;0.00;4.85;0.00;0.00;0.00;0.34;0.25
475.00;-13.39;-3.09;0.00;0.00;0.00;22.32;0.00;3.16;0.00;0.00;0.00;0.28;0.25
476.00;-8.54;-2.98;0.00;0.00;0.00;14.24;0.00;1.01;0.00;0.00;0.00;0.21;0.25
477.00;-14.00;-3.00;0.00;0.00;0.00;23.34;0.00;3.54;0.00;0.00;0.00;0.29;0.25
478.00;-16.02;-2.92;0.00;0.00;0.00;26.70;0.00;4.56;0.00;0.00;0.00;0.31;0.25
479.00;-10.38;-2.61;0.00;0.00;0.00;17.30;0.00;2.24;0.00;0.00;0.00;0.23;0.25
480.00;-11.21;-2.20;0.00;0.00;0.00;18.68;0.00;3.03;0.00;0.00;0.00;0.23;0.25
481.00;-12.19;-2.22;0.00;0.00;0.00;20.31;0.00;3.47;0.00;0.00;0.00;0.24;0.25
482.00;-8.89;-2.38;0.00;0.00;0.00;14.82;0.00;1.77;0.00;0.00;0.00;0.20;0.25
483.00;-8.07;-2.67;0.00;0.00;0.00;13.45;0.00;1.09;0.00;0.00;0.00;0.20;0.25
484.00;-12.35;-2.82;0.00;0.00;0.00;20.59;0.00;2.94;0.00;0.00;0.00;0.26;0.25
485.00;-14.92;-2.76;0.00;0.00;0.00;24.87;0.00;4.21;0.00;0.00;0.00;0.29;0.25
486.00;-11.45;-2.54;0.00;0.00;0.00;19.08;0.00;2.80;0.00;0.00;0.00;0.24;0.25
487.00;-7.82;-2.40;0.00;0.00;0.00;13.03;0.00;1.25;0.00;0.00;0.00;0.18;0.25
488.00;-9.78;-2.37;0.00;0.00;0.00;16.30;0.00;2.19;0.00;0.00;0.00;0.21;0.25
489.00;-13.53;-2.39;0.00;0.00;0.00;22.55;0.00;3.92;0.00;0.00;0.00;0.26;0.25
490.00;-11.61;-2.25;0.00;0.00;0.00;19.36;0.00;3.17;0.00;0.00;0.00;0.23;0.25
491.00;-8.36;-2.07;0.00;0.00;0.00;13.93;0.00;1.84;0.00;0.00;0.00;0.18;0.25
492.00;-9.78;-2.07;0.00;0.00;0.00;16.30;0.00;2.50;0.00;0.00;0.00;0.20;0.25
493.00;-15.46;-2.23;0.00;0.00;0.00;25.77;0.00;4.98;0.00;0.00;0.00;0.29;0.25
494.00;-13.84;-2.28;0.00;0.00;0.00;23.06;0.00;4.18;0.00;0.00;0.00;0.26;0.25
495.00;-10.09;-2.16;0.00;0.00;0.00;16.82;0.00;2.55;0.00;0.00;0.00;0.21;0.25
496.00;-10.05;-2.10;0.00;0.00;0.00;16.76;0.00;2.59;0.00;0.00;0.00;0.21;0.25
497.00;-10.52;-2.09;0.00;0.00;0.00;17.54;0.00;2.82;0.00;0.00;0.00;0.21;0.25
498.00;-9.70;-2.11;0.00;0.00;0.00;16.17;0.00;2.42;0.00;0.00;0.00;0.20;0.25
499.00;-11.82;-2.13;0.00;0.00;0.00;19.71;0.00;3.39;0.00;0.00;0.00;0.23;0.25
500.00;-15.52;-2.10;0.00;0.00;0.00;25.87;0.00;5.14;0.00;0.00;0.00;0.28;0.25
501.00;-13.98;-2.14;0.00;0.00;0.00;23.30;0.00;4.38;0.00;0.00;0.00;0.26;0.25
502.00;-13.56;-2.22;0.00;0.00;0.00;22.60;0.00;4.10;0.00;0.00;0.00;0.26;0.25
503.00;-10.40;-2.25;0.00;0.00;0.00;17.34;0.00;2.60;0.00;0.00;0.00;0.22;0.25
504.00;-8.66;-2.37;0.01;0.00;0.00;14.42;0.00;1.67;0.00;0.00;0.00;0.19;0.25
505.00;-12.41;-2.73;0.05;0.00;0.00;20.60;0.00;3.03;0.00;0.00;0.00;0.26;0.25
506.00;-16.10;-2.99;0.12;0.00;0.00;26.64;0.00;4.47;0.00;0.00;0.00;0.32;0.25
507.00;-16.15;-3.21;0.19;0.00;0.00;26.61;0.00;4.24;0.00;0.00;0.00;0.32;0.25
508.00;-19.64;-3.63;0.25;0.00;0.00;32.30;0.00;5.42;0.00;0.00;0.00;0.38;0.25
509.00;-19.02;-3.56;0.35;0.00;0.00;31.12;0.00;5.16;0.00;0.00;0.00;0.37;0.25
510.00;-9.98;-3.19;0.55;0.00;0.00;15.72;0.00;1.21;0.00;0.00;0.00;0.23;0.25
511.00;-15.33;-2.91;0.59;0.00;0.00;24.56;0.00;3.96;0.00;0.00;0.00;0.30;0.25
512.00;-18.71;-2.81;0.61;0.00;0.00;30.17;0.00;5.64;0.00;0.00;0.00;0.34;0.25
513.00;-14.28;-3.08;0.50;0.00;0.00;22.96;0.00;3.35;0.00;0.00;0.00;0.29;0.25
514.00;-15.28;-3.49;0.45;0.00;0.00;24.72;0.00;3.43;0.00;0.00;0.00;0.32;0.25
515.00;-15.05;-3.66;0.36;0.00;0.00;24.47;0.00;3.19;0.00;0.00;0.00;0.32;0.25
516.00;-11.13;-3.78;0.39;0.00;0.00;17.91;0.00;1.24;0.00;0.00;0.00;0.27;0.25
517.00;-7.89;-3.67;0.03;0.00;0.01;13.12;0.00;0.00;0.00;0.00;0.00;0.22;0.25
518.00;-12.49;-3.47;0.63;0.01;0.00;19.76;0.00;2.07;0.00;0.00;0.00;0.27;0.25
519.00;-14.59;-3.67;0.70;0.00;0.00;23.15;0.00;2.81;0.00;0.00;0.00;0.31;0.25
520.00;-8.66;-3.55;0.69;0.00;0.00;13.28;0.00;0.17;0.00;0.00;0.00;0.22;0.25
521.00;-12.06;-3.64;0.72;0.00;0.00;18.89;0.00;1.64;0.00;0.00;0.00;0.27;0.25
522.00;-15.83;-3.17;0.59;0.00;0.00;25.40;0.00;3.94;0.00;0.00;0.00;0.31;0.25
523.00;-14.42;-2.72;0.61;0.00;0.00;23.00;0.00;3.72;0.00;0.00;0.00;0.28;0.25
524.00;-10.75;-3.25;0.58;0.00;0.00;16.94;0.00;1.50;0.00;0.00;0.00;0.24;0.25
525.00;-9.69;-3.93;0.75;0.00;0.00;14.91;0.00;0.24;0.00;0.00;0.00;0.25;0.25
526.00;-13.92;-4.58;1.11;0.00;0.00;21.34;0.00;1.40;0.00;0.00;0.00;0.32;0.25
527.00;-13.20;-4.00;1.09;0.00;0.00;20.18;0.00;1.65;0.00;0.00;0.00;0.29;0.25
528.00;-11.26;-3.31;1.35;0.00;0.00;16.51;0.00;1.31;0.00;0.00;0.00;0.24;0.25
529.00;-17.59;-3.28;1.13;0.00;0.00;27.45;0.00;4.41;0.00;0.00;0.00;0.33;0.25
530.00;-20.91;-3.71;1.02;0.00;0.00;33.14;0.00;5.57;0.00;0.00;0.00;0.39;0.25
531.00;-12.51;-4.29;1.02;0.00;0.00;19.15;0.00;1.07;0.00;0.00;0.00;0.29;0.25
532.00;-8.00;-4.51;0.00;0.00;1.67;16.10;0.00;0.00;0.00;0.00;0.00;0.28;0.25
533.00;-8.60;-4.19;0.00;0.00;0.39;14.98;0.00;0.00;0.00;0.00;0.37;0.26;0.25
534.00;-8.77;-4.25;0.00;0.00;0.35;15.19;0.00;0.00;0.00;0.00;0.46;0.26;0.25
535.00;-15.55;-4.73;1.82;1.94;0.00;19.64;0.00;0.77;0.00;0.00;0.54;0.31;0.25
536.00;-21.35;-4.34;2.72;0.00;0.00;31.05;0.00;4.35;0.00;0.00;0.00;0.40;0.25
537.00;-18.48;-3.56;2.86;0.00;0.00;26.04;0.00;3.73;0.00;0.00;0.00;0.33;0.25
538.00;-13.57;-3.60;3.33;0.00;0.00;17.07;0.00;1.18;0.00;0.00;0.00;0.26;0.25
539.00;-11.31;-3.70;3.39;0.00;0.01;13.22;0.00;0.00;0.00;0.00;0.00;0.23;0.25
540.00;-9.97;-2.94;3.67;0.00;0.01;10.51;0.00;0.00;0.00;0.00;0.00;0.18;0.25
541.00;-9.37;-2.77;3.43;0.00;0.00;9.89;0.00;0.00;0.00;0.00;0.00;0.17;0.25
542.00;-17.57;-3.72;4.03;0.01;0.00;22.56;0.00;2.60;0.00;0.00;0.00;0.31;0.25
543.00;-19.14;-3.65;6.61;0.00;0.00;20.89;0.00;2.20;0.00;0.00;0.00;0.29;0.25
544.00;-12.27;-3.12;5.34;0.00;0.00;11.55;0.00;0.12;0.00;0.00;0.00;0.19;0.25
545.00;-10.71;-3.88;2.40;0.00;0.00;13.85;0.00;0.00;0.00;0.00;0.00;0.24;0.25
546.00;-11.60;-4.03;1.95;0.00;0.00;16.08;0.00;0.47;0.00;0.00;0.00;0.26;0.25
547.00;-9.72;-3.72;1.50;0.00;0.00;13.71;0.00;0.12;0.00;0.00;0.00;0.23;0.25
548.00;-10.26;-4.27;1.06;0.00;0.00;15.33;0.00;0.02;0.00;0.00;0.00;0.26;0.25
549.00;-15.64;-4.57;0.68;0.00;0.00;24.93;0.00;2.41;0.00;0.00;0.00;0.35;0.25
550.00;-18.50;-4.21;0.21;0.00;0.00;30.49;0.00;4.32;0.00;0.00;0.00;0.39;0.25
551.00;-12.83;-3.85;0.48;0.00;0.00;20.58;0.00;1.92;0.00;0.00;0.00;0.29;0.25
552.00;-10.58;-4.23;0.48;0.00;0.00;16.83;0.00;0.48;0.00;0.00;0.00;0.27;0.25
553.00;-11.37;-4.00;0.55;0.00;0.00;18.03;0.00;1.05;0.00;0.00;0.00;0.28;0.25
554.00;-14.82;-3.74;0.69;0.00;0.00;23.53;0.00;2.85;0.00;0.00;0.00;0.31;0.25
555.00;-20.31;-4.34;0.68;0.00;0.00;32.71;0.00;4.82;0.00;0.00;0.00;0.41;0.25
556.00;-16.32;-4.66;0.42;0.00;0.00;26.51;0.00;2.76;0.00;0.00;0.00;0.37;0.25
557.00;-15.03;-5.48;0.35;0.00;0.00;24.47;0.00;1.37;0.00;0.00;0.00;0.38;0.25
558.00;-13.14;-5.07;0.38;0.00;0.00;21.27;0.00;0.88;0.00;0.00;0.00;0.34;0.25
559.00;-11.92;-4.60;0.31;0.00;0.00;19.36;0.00;0.82;0.00;0.00;0.00;0.31;0.25
560.00;-19.74;-4.99;0.23;0.00;0.00;32.52;0.00;4.12;0.00;0.00;0.00;0.43;0.25
561.00;-19.91;-4.95;0.18;0.00;0.00;32.88;0.00;4.26;0.00;0.00;0.00;0.43;0.25
562.00;-14.12;-4.32;0.12;0.00;0.00;23.34;0.00;2.22;0.00;0.00;0.00;0.33;0.25
563.00;-16.41;-4.46;0.05;0.00;0.00;27.26;0.00;3.17;0.00;0.00;0.00;0.37;0.25
564.00;-14.48;-4.44;0.00;0.00;0.00;24.13;0.00;2.32;0.00;0.00;0.00;0.34;0.25
565.00;-9.50;-3.65;0.00;0.00;0.00;15.84;0.00;0.78;0.00;0.00;0.00;0.25;0.25
566.00;-15.41;-3.53;0.00;0.00;0.00;25.69;0.00;3.67;0.00;0.00;0.00;0.33;0.25
567.00;-16.84;-3.46;0.00;0.00;0.00;28.07;0.00;4.40;0.00;0.00;0.00;0.34;0.25
568.00;-10.75;-3.01;0.00;0.00;0.00;17.92;0.00;2.01;0.00;0.00;0.00;0.24;0.25
569.00;-11.80;-2.94;0.00;0.00;0.00;19.67;0.00;2.57;0.00;0.00;0.00;0.26;0.25
570.00;-17.13;-3.15;0.00;0.00;0.00;28.55;0.00;4.85;0.00;0.00;0.00;0.34;0.25
571.00;-13.39;-3.09;0.00;0.00;0.00;22.32;0.00;3.16;0.00;0.00;0.00;0.28;0.25
572.00;-8.54;-2.98;0.00;0.00;0.00;14.24;0.00;1.01;0.00;0.00;0.00;0.21;0.25
573.00;-14.00;-3.00;0.00;0.00;0.00;23.34;0.00;3.54;0.00;0.00;0.00;0.29;0.25
574.00;-16.02;-2.92;0.00;0.00;0.00;26.70;0.00;4.56;0.00;0.00;0.00;0.31;0.25
575.00;-10.38;-2.61;0.00;0.00;0.00;17.30;0.00;2.24;0.00;0.00;0.00;0.23;0.25
576.00;-11.21;-2.20;0.00;0.00;0.00;18.68;0.00;3.03;0.00;0.00;0.00;0.23;0.25
577.00;-12.19;-2.22;0.00;0.00;0.00;20.31;0.00;3.47;0.00;0.00;0.00;0.24;0.25
578.00;-8.89;-2.38;0.00;0.00;0.00;14.82;0.00;1.77;0.00;0.00;0.00;0.20;0.25
579.00;-8.07;-2.67;0.00;0.00;0.00;13.45;0.00;1.09;0.00;0.00;0.00;0.20;0.25
580.00;-12.35;-2.82;0.00;0.00;0.00;20.59;0.00;2.94;0.00;0.00;0.00;0.26;0.25
581.00;-14.92;-2.76;0.00;0.00;0.00;24.87;0.00;4.21;0.00;0.00;0.00;0.29;0.25
582.00;-11.45;-2.54;0.00;0.00;0.00;19.08;0.00;2.80;0.00;0.00;0.00;0.24;0.25
583.00;-7.82;-2.40;0.00;0.00;0.00;13.03;0.00;1.25;0.00;0.00;0.00;0.18;0.25
584.00;-9.78;-2.37;0.00;0.00;0.00;16.30;0.00;2.19;0.00;0.00;0.00;0.21;0.25
585.00;-13.53;-2.39;0.00;0.00;0.00;22.55;0.00;3.92;0.00;0.00;0.00;0.26;0.25
586.00;-11.61;-2.25;0.00;0.00;0.00;19.36;0.00;3.17;0.00;0.00;0.00;0.23;0.25
587.00;-8.36;-2.07;0.00;0.00;0.00;13.93;0.00;1.84;0.00;0.00;0.00;0.18;0.25
588.00;-9.78;-2.07;0.00;0.00;0.00;16.30;0.00;2.50;0.00;0.00;0.00;0.20;0.25
589.00;-15.46;-2.23;0.00;0.00;0.00;25.77;0.00;4.98;0.00;0.00;0.00;0.29;0.25
590.00;-13.84;-2.28;0.00;0.00;0.00;23.06;0.00;4.18;0.00;0.00;0.00;0.26;0.25
591.00;-10.09;-2.16;0.00;0.00;0.00;16.82;0.00;2.55;0.00;0.00;0.00;0.21;0.25
592.00;-10.05;-2.10;0.00;0.00;0.00;16.76;0.00;2.59;0.00;0.00;0.00;0.21;0.25
593.00;-10.52;-2.09;0.00;0.00;0.00;17.54;0.00;2.82;0.00;0.00;0.00;0.21;0.25
594.00;-9.70;-2.11;0.00;0.00;0.00;16.17;0.00;2.42;0.00;0.00;0.00;0.20;0.25
595.00;-11.82;-2.13;0.00;0.00;0.00;19.71;0.00;3.39;0.00;0.00;0.00;0.23;0.25
596.00;-15.52;-2.10;0.00;0.00;0.00;25.87;0.00;5.14;0.00;0.00;0.00;0.28;0.25
597.00;-13.98;-2.14;0.00;0.00;0.00;23.30;0.00;4.38;0.00;0.00;0.00;0.26;0.25
598.00;-13.56;-2.22;0.00;0.00;0.00;22.60;0.00;4.10;0.00;0.00;0.00;0.26;0.25
599.00;-10.40;-2.25;0.00;0.00;0.00;17.34;0.00;2.60;0.00;0.00;0.00;0.22;0.25
600.00;-8.66;-2.37;0.01;0.00;0.00;14.42;0.00;1.67;0.00;0.00;0.00;0.19;0.25
601.00;-12.41;-2.73;0.05;0.00;0.00;20.60;0.00;3.03;0.00;0.00;0.00;0.26;0.25
602.00;-16.10;-2.99;0.12;0.00;0.00;26.64;0.00;4.47;0.00;0.00;0.00;0.32;0.25
603.00;-16.15;-3.21;0.19;0.00;0.00;26.61;0.00;4.24;0.00;0.00;0.00;0.32;0.25
604.00;-19.64;-3.63;0.25;0.00;0.00;32.30;0.00;5.42;0.00;0.00;0.00;0.38;0.25
605.00;-19.02;-3.56;0.35;0.00;0.00;31.12;0.00;5.16;0.00;0.00;0.00;0.37;0.25
606.00;-9.98;-3.19;0.55;0.00;0.00;15.72;0.00;1.21;0.00;0.00;0.00;0.23;0.25
607.00;-15.33;-2.91;0.59;0.00;0.00;24.56;0.00;3.96;0.00;0.00;0.00;0.30;0.25
608.00;-18.71;-2.81;0.61;0.00;0.00;30.17;0.00;5.64;0.00;0.00;0.00;0.34;0.25
609.00;-14.28;-3.08;0.50;0.00;0.00;22.96;0.00;3.35;0.00;0.00;0.00;0.29;0.25
610.00;-15.28;-3.49;0.45;0.00;0.00;24.72;0.00;3.43;0.00;0.00;0.00;0.32;0.25
611.00;-15.05;-3.66;0.36;0.00;0.00;24.47;0.00;3.19;0.00;0.00;0.00;0.32;0.25
612.00;-11.13;-3.78;0.39;0.00;0.00;17.91;0.00;1.24;0.00;0.00;0.00;0.27;0.25
613.00;-7.89;-3.67;0.03;0.00;0.01;13.12;0.00;0.00;0.00;0.00;0.00;0.22;0.25
614.00;-12.49;-3.47;0.63;0.01;0.00;19.76;0.00;2.07;0.00;0.00;0.00;0.27;0.25
615.00;-14.59;-3.67;0.70;0.00;0.00;23.15;0.00;2.81;0.00;0.00;0.00;0.31;0.25
616.00;-8.66;-3.55;0.69;0.00;0.00;13.28;0.00;0.17;0.00;0.00;0.00;0.22;0.25
617.00;-12.06;-3.64;0.72;0.00;0.00;18.89;0.00;1.64;0.00;0.00;0.00;0.27;0.25
618.00;-15.83;-3.17;0.59;0.00;0.00;25.40;0.00;3.94;0.00;0.00;0.00;0.31;0.25
619.00;-14.42;-2.72;0.61;0.00;0.00;23.00;0.00;3.72;0.00;0.00;0.00;0.28;0.25
620.00;-10.75;-3.25;0.58;0.00;0.00;16.94;0.00;1.50;0.00;0.00;0.00;0.24;0.25
621.00;-9.69;-3.93;0.75;0.00;0.00;14.91;0.00;0.24;0.00;0.00;0.00;0.25;0.25
622.00;-13.92;-4.58;1.11;0.00;0.00;21.34;0.00;1.40;0.00;0.00;0.00;0.32;0.25
623.00;-13.20;-4.00;1.09;0.00;0.00;20.18;0.00;1.65;0.00;0.00;0.00;0.29;0.25
624.00;-11.26;-3.31;1.35;0.00;0.00;16.51;0.00;1.31;0.00;0.00;0.00;0.24;0.25
625.00;-17.59;-3.28;1.13;0.00;0.00;27.45;0.00;4.41;0.00;0.00;0.00;0.33;0.25
626.00;-20.91;-3.71;1.02;0.00;0.00;33.14;0.00;5.57;0.00;0.00;0.00;0.39;0.25
627.00;-12.51;-4.29;1.02;0.00;0.00;19.15;0.00;1.07;0.00;0.00;0.00;0.29;0.25
628.00;-8.00;-4.51;0.00;0.00;1.67;16.10;0.00;0.00;0.00;0.00;0.00;0.28;0.25
629.00;-8.60;-4.19;0.00;0.00;0.39;14.98;0.00;0.00;0.00;0.00;0.37;0.26;0.25
630.00;-8.77;-4.25;0.00;0.00;0.35;15.19;0.00;0.00;0.00;0.00;0.46;0.26;0.25
631.00;-15.55;-4.73;1.82;1.94;0.00;19.64;0.00;0.77;0.00;0.00;0.54;0.31;0.25
632.00;-21.35;-4.34;2.72;0.00;0.00;31.05;0.00;4.35;0.00;0.00;0.00;0.40;0.25
633.00;-18.48;-3.56;2.86;0.00;0.00;26.04;0.00;3.73;0.00;0.00;0.00;0.33;0.25
634.00;-13.57;-3.60;3.33;0.00;0.00;17.07;0.00;1.18;0.00;0.00;0.00;0.26;0.25
635.00;-11.31;-3.70;3.39;0.00;0.01;13.22;0.00;0.00;0.00;0.00;0.00;0.23;0.25
636.00;-9.97;-2.94;3.67;0.00;0.01;10.51;0.00;0.00;0.00;0.00;0.00;0.18;0.25
637.00;-9.37;-2.77;3.43;0.00;0.00;9.89;0.00;0.00;0.00;0.00;0.00;0.17;0.25
638.00;-17.57;-3.72;4.03;0.01;0.00;22.56;0.00;2.60;0.00;0.00;0.00;0.31;0.25
639.00;-19.14;-3.65;6.61;0.00;0.00;20.89;0.00;2.20;0.00;0.00;0.00;0.29;0.25
640.00;-12.27;-3.12;5.34;0.00;0.00;11.55;0.00;0.12;0.00;0.00;0.00;0.19;0.25
641.00;-10.71;-3.88;2.40;0.00;0.00;13.85;0.00;0.00;0.00;0.00;0.00;0.24;0.25
642.00;-11.60;-4.03;1.95;0.00;0.00;16.08;0.00;0.47;0.00;0.00;0.00;0.26;0.25
643.00;-9.72;-3.72;1.50;0.00;0.00;13.71;0.00;0.12;0.00;0.00;0.00;0.23;0.25
644.00;-10.26;-4.27;1.06;0.00;0.00;15.33;0.00;0.02;0.00;0.00;0.00;0.26;0.25
645.00;-15.64;-4.57;0.68;0.00;0.00;24.93;0.00;2.41;0.00;0.00;0.00;0.35;0.25
646.00;-18.50;-4.21;0.21;0.00;0.00;30.49;0.00;4.32;0.00;0.00;0.00;0.39;0.25
647.00;-12.83;-3.85;0.48;0.00;0.00;20.58;0.00;1.92;0.00;0.00;0.00;0.29;0.25
648.00;-10.58;-4.23;0.48;0.00;0.00;16.83;0.00;0.48;0.00;0.00;0.00;0.27;0.25
649.00;-11.37;-4.00;0.55;0.00;0.00;18.03;0.00;1.05;0.00;0.00;0.00;0.28;0.25
650.00;-14.82;-3.74;0.69;0.00;0.00;23.53;0.00;2.85;0.00;0.00;0.00;0.31;0.25
651.00;-20.31;-4.34;0.68;0.00;0.00;32.71;0.00;4.82;0.00;0.00;0.00;0.41;0.25
652.00;-16.32;-4.66;0.42;0.00;0.00;26.51;0.00;2.76;0.00;0.00;0.00;0.37;0.25
653.00;-15.03;-5.48;0.35;0.00;0.00;24.47;0.00;1.37;0.00;0.00;0.00;0.38;0.25
654.00;-13.14;-5.07;0.38;0.00;0.00;21.27;0.00;0.88;0.00;0.00;0.00;0.34;0.25
655.00;-11.92;-4.60;0.31;0.00;0.00;19.36;0.00;0.82;0.00;0.00;0.00;0.31;0.25
656.00;-19.74;-4.99;0.23;0.00;0.00;32.52;0.00;4.12;0.00;0.00;0.00;0.43;0.25
657.00;-19.91;-4.95;0.18;0.00;0.00;32.88;0.00;4.26;0.00;0.00;0.00;0.43;0.25
658.00;-14.12;-4.32;0.12;0.00;0.00;23.34;0.00;2.22;0.00;0.00;0.00;0.33;0.25
659.00;-16.41;-4.46;0.05;0.00;0.00;27.26;0.00;3.17;0.00;0.00;0.00;0.37;0.25
660.00;-14.48;-4.44;0.00;0.00;0.00;24.13;0.00;2.32;0.00;0.00;0.00;0.34;0.25
661.00;-9.50;-3.65;0.00;0.00;0.00;15.84;0.00;0.78;0.00;0.00;0.00;0.25;0.25
662.00;-15.41;-3.53;0.00;0.00;0.00;25.69;0.00;3.67;0.00;0.00;0.00;0.33;0.25
663.00;-16.84;-3.46;0.00;0.00;0.00;28.07;0.00;4.40;0.00;0.00;0.00;0.34;0.25
664.00;-10.75;-3.01;0.00;0.00;0.00;17.92;0.00;2.01;0.00;0.00;0.00;0.24;0.25
665.00;-11.80;-2.94;0.00;0.00;0.00;19.67;0.00;2.57;0.00;0.00;0.00;0.26;0.25
666.00;-17.13;-3.15;0.00;0.00;0.00;28.55;0.00;4.85;0.00;0.00;0.00;0.34;0.25
667.00;-13.39;-3.09;0.00;0.00;0.00;22.32;0.00;3.16;0.00;0.00;0.00;0.28;0.25
668.00;-8.54;-2.98;0.00;0.00;0.00;14.24;0.00;1.01;0.00;0.00;0.00;0.21;0.25
669.00;-14.00;-3.00;0.00;0.00;0.00;23.34;0.00;3.54;0.00;0.00;0.00;0.29;0.25
670.00;-16.02;-2.92;0.00;0.00;0.00;26.70;0.00;4.56;0.00;0.00;0.00;0.31;0.25
671.00;-10.38;-2.61;0.00;0.00;0.00;17.30;0.00;2.24;0.00;0.00;0.00;0.23;0.25