0,34000016;1,26;4,496472514;2,981003694;2,244075095
0,280000336;1,2;4,486844328;2,969272034;2,237932785
0,280000336;1,22;4,476384182;2,945142568;2,228413703
0,259999816;1,22;4,466845205;2,917359875;2,218288371
0,379999464;1,22;4,451046939;2,893642644;2,207092974
0,480000326;1,24;4,442609437;2,844050824;2,191882518
0,459999808;1,24;4,432365365;2,857317646;2,191784533
0,459999808;1,22;4,433339365;2,877272751;2,197097976
0,439999288;1,22;4,439037703;2,900238413;2,204738838
0,420000502;1,24;4,44498457;2,919140686;2,211446695
0,420000502;1,24;4,449899558;2,935359368;2,217139695
0,420000502;1,04;4,454723026;2,952206592;2,222959323
0,420000502;0,84;3,970625253;2,975391569;2,067389643
0,420000502;0,74;4,34374652;2,990537844;2,195549968
0,420000502;0,64;4,263957403;3,010597766;2,173968576
0,420000502;0,64;4,485208198;2,88288;2,215789399
0,420000502;0,64;4,487214021;2,88288;2,216458007
0,420000502;0,64;4,488903614;2,88288;2,217021205
0,54000015;0,64;4,490407286;2,88288;2,217522429
0,659999798;0,74;4,492634682;2,88288;2,218264894
0,579999456;0,84;4,494119036;2,88288;2,218759679
0,500000846;0,84;4,496188257;2,88288;2,219449419
0,500000846;0,82;4,497517985;2,88288;2,219892662
0,500000846;0,8;4,499335825;2,88288;2,220498608
0,599999974;0,8;4,502356506;2,88288;2,221505502
0,700000838;0,8;4,503147535;2,88288;2,221769178
0,680000318;0,8;4,505489842;2,88288;2,222549947
0,659999798;0,8;4,507390155;2,88288;2,223183385
0,63999928;0,8;4,50793914;2,88288;2,22336638
0,620000494;0,8;4,512068385;2,88288;2,224742795
0,63999928;0,8;4,56799181;2,88288;2,243383937
0,620000494;0,8;4,63090502;2,88288;2,264355007
0,620000494;0,8;4,683802085;2,88288;2,281987362
0,63999928;0,8;4,748368333;2,88288;2,303509444
0,63999928;0,8;4,789608245;2,88288;2,317256082
0,620000494;0,72;4,841070786;2,88288;2,334410262
0,63999928;0,64;4,897433459;2,88288;2,35319782
0,620000494;0,64;4,948429203;2,88288;2,370196401
0,620000494;0,64;5,010347952;2,88288;2,390835984
0,620000494;0,64;5,104036595;2,88288;2,422065532
0,54000015;0,66;5,157211908;2,88288;2,439790636
0,459999808;0,76;5,227006017;2,88288;2,463055339
0,459999808;0,84;5,223387518;2,88288;2,461849173
0,459999808;0,82;5,277314919;2,88288;2,479824973
0,56000067;0,8;5,409899192;2,88288;2,524019731
0,680000318;0,78;5,370799005;2,957364882;2,529607555
0,659999798;0,78;5,372746161;3,038911809;2,550643339
0,659999798;0,78;5,374379699;3,120421214;2,571565203
0,63999928;0,78;5,376048465;3,192233464;2,590074521
0,620000494;0,8;5,378161558;3,25598848;2,606717639
0,620000494;0,78;5,379926213;3,357466028;2,632675245
0,620000494;0,78;5,382402059;3,413840152;2,647594058
0,620000494;0,78;5,383207359;3,515622169;2,673307995
0,620000494;0,78;5,385062841;3,578190586;2,689568594
0,620000494;0,8;5,386754416;3,686800089;2,717284827
0,620000494;0,78;5,390173895;3,774314725;2,740303313
0,620000494;0,78;5,39164058;3,846082106;2,758734053
0,620000494;0,72;5,392230926;3,918472793;2,777028507
0,620000494;0,64;5,395208006;3,967328522;2,790234799
0,620000494;0,64;5,395848892;4,070928395;2,816348396
0,54000015;0,64;5,394789354;4,059830817;2,813220822
0,459999808;0,64;5,392772502;4,065944804;2,814077035
0,459999808;0,64;5,391044647;4,071979766;2,815009824
0,459999808;0,74;5,389504977;4,077872534;2,815969793
0,56000067;0,84;5,387280508;4,083420906;2,816615396
0,680000318;0,82;5,385904477;4,089136219;2,817585547
0,63999928;0,8;5,384248694;4,097107838;2,819026524
0,63999928;0,8;5,382287243;4,103934334;2,820079331
0,620000494;0,8;5,379976103;4,109588416;2,820722472
0,500000846;0,84;5,37786743;4,111333141;2,820455762
0,420000502;0,88;5,376413212;4,120482727;2,822258419
0,420000502;0,84;5,375114975;4,126763279;2,823395811
0,420000502;0,78;5,373310919;4,130150951;2,823641377
0,420000502;0,82;5,369787401;4,137281876;2,824249603
0,420000502;0,88;5,369499203;4,146902859;2,826558782
0,420000502;0,9;5,365352227;4,114707048;2,817127504
0,420000502;0,9;5,361277297;4,084146252;2,808128995
0,420000502;0,9;5,358300961;4,051522053;2,798980834
0,420000502;0,9;5,353946168;4,024628837;2,790805932
0,420000502;0,78;5,350818313;3,988996729;2,780855287
0,31999964;0,7;5,347195027;3,96078889;2,772595565
0,259999816;0,76;5,342279264;3,942632892;2,766417978
0,259999816;0,7;5,339281775;3,892367989;2,752852589
0,259999816;0,74;5,335259193;3,872092759;2,746442921
0,379999464;0,84;5,330776473;3,852637803;2,740084942
0,459999808;0,84;5,327974399;3,827189369;2,732788809
0,459999808;0,82;5,325418391;3,799567927;2,725031445
0,439999288;0,8;5,322364373;3,772287763;2,717193398
0,420000502;0,8;5,316640698;3,730721171;2,704893859
0,420000502;0,8;5,314911455;3,691161317;2,694427481
0,420000502;0,8;5,276877612;3,662649075;2,674621473
0,420000502;0,8;5,245864232;3,632894663;2,656845077
0,420000502;0,8;5,205337444;3,602724269;2,635793549
0,420000502;0,8;5,167428599;3,57706807;2,616743217
0,420000502;0,78;5,138915542;3,547255215;2,599785651
0,420000502;0,8;5,100881386;3,510789556;2,577991184
0,420000502;0,8;5,070411468;3,48709258;2,561910301
0,420000502;0,8;5,020001067;3,452907232;2,536560497
0,420000502;0,8;4,993271619;3,433575461;2,522817738
0,399999984;0,72;4,953535725;3,394820625;2,499883731
0,34000016;0,64;4,931265901;3,347094997;2,48052905
0,259999816;0,64;4,907702192;3,336967632;2,470142639
0,259999816;0,64;4,858143903;3,320407667;2,449483218
0,259999816;0,74;4,805717125;3,281976902;2,422399934
0,360000678;0,84;4,778426571;3,240885259;2,403030172
0,480000326;0,84;4,798785142;3,224791387;2,405792894
0,459999808;0,82;4,809908529;3,207862325;2,405268424
0,459999808;0,8;4,819843001;3,189225196;2,403920633
0,420000502;0,8;4,832931149;3,170248762;2,40353924
0,399999984;0,8;4,841490469;3,150879658;2,401550071
0,399999984;0,8;4,855373122;3,133048156;2,401719746
0,420000502;0,8;4,862355315;3,121707372;2,401211948
0,420000502;0,8;4,877180496;3,093246536;2,399038466
0,399999984;0,8;4,890124085;3,083059943;2,400806348
0,420000502;0,8;4,899355967;3,062546326;2,398755237
0,420000502;0,8;4,911784766;3,035380823;2,396106795
0,420000502;0,8;4,919649292;3,017141881;2,394168568
0,399999984;0,8;4,928473008;3,001592475;2,393222455
0,399999984;0,8;4,95016367;2,992935539;2,398288442
0,399999984;0,72;4,961544952;2,964407002;2,394950068
0,31999964;0,64;4,931180088;2,990916004;2,391455697
0,259999816;0,64;4,908549686;3,008600554;2,388333367
0,259999816;0,64;4,886442145;3,028168064;2,385856064
0,259999816;0,64;4,868932715;3,043182525;2,383773203
0,379999464;0,64;4,8428161;3,060159292;2,379311856
0,480000326;0,64;4,816315106;3,078265471;2,375004736
0,459999808;0,74;4,803339636;3,096382831;2,37520892
0,459999808;0,84;4,770917789;3,110507462;2,367932795
0,439999288;0,84;4,760415083;3,13597769;2,37079945
0,420000502;0,82;4,732967527;3,161132062;2,367938858
0,420000502;0,8;4,715157536;3,176880231;2,365939236
0,399999984;0,8;4,692263841;3,183601972;2,35998844
0,420000502;0,8;4,653687744;3,211797904;2,354178724
0,56000067;0,8;4,658429362;3,212997631;2,356059195
0,680000318;0,8;4,614417599;3,250497228;2,350763507
0,659999798;0,8;4,654523913;3,219619861;2,356412936
0,63999928;0,8;4,688729684;3,196045669;2,361921312
0,63999928;0,8;4,719660759;3,16925494;2,365533988
0,63999928;0,8;4,759412688;3,148257128;2,373535178
0,63999928;0,8;4,793669024;3,126499856;2,379514639
0,56000067;0,8;4,821943426;3,09818325;2,381860288
0,480000326;0,8;4,843580737;3,079770053;2,384469426
0,480000326;0,72;4,888297164;3,057531846;2,393815349
0,480000326;0,64;4,930336929;3,029193943;2,400744129
0,579999456;0,64;4,956025978;3,014522032;2,405639167
0,700000838;0,64;4,976778464;2,981003694;2,404177078
0,680000318;0,64;5,013204653;2,969272034;2,413386226
0,680000318;0,64;5,034676615;2,945142568;2,41451118
0,63999928;0,76;5,080798508;2,917359875;2,422939471
0,63999928;0,84;5,107846041;2,893642644;2,426026008
0,620000494;0,84;5,085659205;2,84041813;2,405324268
0,620000494;0,82;5,049957906;2,801055677;2,383583221
0,620000494;0,8;5,018970938;2,755920698;2,361970487
0,620000494;0,8;4,985780575;2,713866593;2,340393507
0,620000494;0,8;4,939052884;2,676085108;2,315372238
0,620000494;0,8;4,918621829;2,61828217;2,294111152
0,620000494;0,8;4,879455728;2,598948084;2,276222264
0,620000494;0,8;4,831370366;2,534745493;2,244143162
0,620000494;0,8;4,805756429;2,493654257;2,225332374
0,620000494;0,8;4,754946235;2,461458387;2,200346675
0,54000015;0,8;4,732316097;2,442690811;2,188111402
0,459999808;0,8;4,702192536;2,390333388;2,164980859
0,459999808;0,8;4,66876028;2,309111074;2,133531195
0,459999808;0,8;4,650537093;2,281928422;2,120661136
0,56000067;0,72;4,5826821;2,270057224;2,095075006
0,680000318;0,64;4,582736545;2,25228;2,090648848
0,680000318;0,64;4,571376044;2,25228;2,086862015
0,680000318;0,64;4,560211092;2,25228;2,083140364
0,63999928;0,64;4,550830879;2,25228;2,080013626
0,620000494;0,64;4,54141287;2,25228;2,07687429
0,620000494;0,74;4,528625626;2,25228;2,072611875
0,620000494;0,84;4,51349015;2,25228;2,067566717
0,620000494;0,84;4,503335902;2,25228;2,064181967
0,620000494;0,82;4,496472514;2,25228;2,061894171
0,620000494;0,8;4,486844328;2,25228;2,058684776
0,620000494;0,8;4,476384182;2,25228;2,055198061
0,620000494;0,8;4,466845205;2,25228;2,052018402
0,620000494;0,8;4,451046939;2,25228;2,046752313
0,620000494;0,8;4,442609437;2,25228;2,043939812
0,620000494;0,8;4,432365365;2,25228;2,040525122
0,54000015;0,8;4,433339365;2,258250461;2,042342403
0,459999808;0,8;4,439037703;2,26407856;2,045698874
0,459999808;0,8;4,44498457;2,270410742;2,049264209
0,459999808;0,8;4,449899558;2,275131759;2,052082793
0,56000067;0,8;4,454723026;2,282458606;2,055522327
0,680000318;0,8;4,460019728;2,289874013;2,059141746
0,56000067;0,72;4,468312296;2,294231393;2,06299528
0,459999808;0,64;4,471626507;2,299488134;2,065414203
0,439999288;0,64;4,476118608;2,307953732;2,069027969
0,420000502;0,64;4,48540834;2,310179367;2,072680955
0,420000502;0,64;4,490734153;2,315541056;2,075796648
0,420000502;0,64;4,495975257;2,323934675;2,079642088
0,420000502;0,74;4,499898669;2,330062801;2,082481923
0,420000502;0,84;4,504729372;2,338325426;2,086157814
0,420000502;0,84;4,514035496;2,344132529;2,090711631
0,420000502;0,84;4,562822316;2,34234;2,106525772
0,420000502;0,82;4,622589001;2,34234;2,126448
0,480000326;0,8;4,676709165;2,34234;2,144488055
0,659999798;0,8;4,729038142;2,34234;2,161931047
0,779999446;0,8;4,777724974;2,34234;2,178159991
0,700000838;0,8;4,844509007;2,34234;2,200421336
0,620000494;0,8;4,903626029;2,34234;2,22012701
0,620000494;0,8;4,919047088;2,34234;2,225267363
0,459999808;0,8;5,008209272;2,34234;2,254988091
0,420000502;0,8;5,054599306;2,34234;2,270451435
0,519999632;0,8;5,096535946;2,34234;2,284430315
0,500000846;0,8;5,157818235;2,34234;2,304857745
0,519999632;0,8;5,227311977;2,34234;2,328022326
0,480000326;0,72;5,270039507;2,34234;2,342264836
0,459999808;0,64;5,336850907;2,34234;2,364535302
0,459999808;0,64;5,287143919;2,34234;2,347966306
0,459999808;0,64;5,25886214;2,34234;2,338539047
0,459999808;0,64;5,231237256;2,34234;2,329330752
0,459999808;0,64;5,201083721;2,34234;2,319279574
0,459999808;0,74;5,173364261;2,34234;2,310039754
0,459999808;0,84;5,14115204;2,34234;2,299302347
0,459999808;0,84;5,11771482;2,34234;2,29148994
0,459999808;0,82;5,089646179;2,34234;2,282133726
0,459999808;0,78;5,055130845;2,34234;2,270628615
0,459999808;0,78;5,029464559;2,34234;2,262073186
0,379999464;0,78;5,001561605;2,34234;2,252772202
0,31999964;0,78;4,994265196;2,34234;2,250340065
0,31999964;0,78;4,964471119;2,34234;2,240408706
0,31999964;0,78;4,941017998;2,34234;2,232590999
0,420000502;0,78;4,88430015;2,34234;2,21368505
0,54000015;0,78;4,867481444;2,354673177;2,211162109
0,519999632;0,78;4,83603327;2,366730902;2,203693816
0,500000846;0,78;4,808389507;2,37780764;2,197248412
0,480000326;0,78;4,77897228;2,388257605;2,190055161
0,459999808;0,78;4,734418572;2,401921692;2,178619947
0,459999808;0,7;4,716713673;2,414129938;2,175770375
0,420000502;0,64;4,669399163;2,42672252;2,163147018
0,420000502;0,64;4,654160091;2,441592012;2,1617847
0,420000502;0,64;4,628171475;2,455835779;2,15668277
0,399999984;0,74;4,579412796;2,461047454;2,141732796
0,399999984;0,82;4,567801326;2,470376965;2,140194683
0,399999984;0,82;4,538574137;2,493581525;2,136253427
0,399999984;0,8;4,482772085;2,501305821;2,119583817
0,420000502;0,78;4,48123009;2,51782156;2,123198753
0,420000502;0,78;4,444144007;2,524977839;2,112625796
0,34000016;0,78;4,429803404;2,516426718;2,105707814
0,259999816;0,78;4,431621819;2,51065296;2,104870513
0,259999816;0,78;4,433653469;2,505358394;2,104224088
0,280000336;0,8;4,435432979;2,498280492;2,103047783
0,379999464;0,8;4,437239015;2,491805622;2,102031077
0,480000326;0,8;4,439155605;2,485944385;2,101204631
0,480000326;0,8;4,440275634;2,482332988;2,100675125
0,459999808;0,8;4,442541899;2,476154515;2,099885928
0,439999288;0,8;4,444679282;2,467102549;2,098335398
0,420000502;0,8;4,445697358;2,462505017;2,097525374
0,420000502;0,72;4,447832931;2,457239673;2,096920895
0,420000502;0,64;4,450340872;2,451997128;2,096446239
0,420000502;0,64;4,450796849;2,446915972;2,095327943
0,56000067;0,64;4,452617929;2,434703859;2,092881941
0,659999798;0,74;4,455333788;2,433378104;2,093455789
0,659999798;0,84;4,453891712;2,43246;2,092745571
0,659999798;0,82;4,452056503;2,43246;2,092133834
0,659999798;0,8;4,450267319;2,43246;2,09153744
0,63999928;0,78;4,448437279;2,43246;2,090927426
0,63999928;0,78;4,44637249;2,43246;2,090239163
0,56000067;0,78;4,44456236;2,43246;2,089635787
0,480000326;0,78;4,442384598;2,43246;2,088909866
0,480000326;0,78;4,441102866;2,43246;2,088482622
0,500000846;0,78;4,438651539;2,43246;2,087665513
0,599999974;0,8;4,436943492;2,43246;2,087096164
0,700000838;0,8;4,43527459;2,43246;2,086539863
0,680000318;0,8;4,432758064;2,43246;2,085701021
0,680000318;0,8;4,431869292;2,43246;2,085404764
0,63999928;0,8;4,429652823;2,43246;2,084665941
0,620000494;0,78;4,427257607;2,43246;2,083867536
0,620000494;0,72;4,428;2,444487793;2,087121948
0,620000494;0,64;4,428;2,455294364;2,089823591
0,620000494;0,64;4,428;2,467979647;2,092994912
0,63999928;0,64;4,428;2,482780775;2,096695194
0,63999928;0,74;4,428;2,490385814;2,098596453
0,63999928;0,84;4,428;2,506512292;2,102628073
0,620000494;0,84;4,428;2,515375058;2,104843765
0,620000494;0,84;4,428;2,526457054;2,107614263
0,63999928;0,8;4,428;2,541037291;2,111259323
0,620000494;0,8;4,428;2,55146575;2,113866438
0,54000015;0,78;4,428;2,570145559;2,11853639
0,459999808;0,78;4,428;2,574541289;2,119635322
0,459999808;0,78;4,428;2,582565099;2,121641275
0,459999808;0,78;4,428;2,596509295;2,125127324
0,579999456;0,78;4,428;2,60643599;2,127608998
0,680000318;0,78;4,428;2,61264;2,12916
0,680000318;0,78;4,428;2,61264;2,12916
0,659999798;0,78;4,428;2,61264;2,12916
0,63999928;0,78;4,428;2,61264;2,12916
0,620000494;0,78;4,428;2,61264;2,12916
0,620000494;0,72;4,428;2,61264;2,12916
0,620000494;0,64;4,428;2,61264;2,12916
0,620000494;0,64;4,428;2,61264;2,12916
0,620000494;0,64;4,428;2,61264;2,12916
0,620000494;0,72;4,428;2,61264;2,12916
0,620000494;0,82;4,428;2,61264;2,12916
0,620000494;0,82;4,428;2,61264;2,12916
0,620000494;0,8;4,428;2,61264;2,12916
0,620000494;0,78;4,428;2,61264;2,12916
0,620000494;0,78;4,428;2,61264;2,12916
0,54000015;0,78;4,428;2,600059258;2,126014814
0,459999808;0,78;4,428;2,589138382;2,123284596
0,459999808;0,78;4,428;2,575328351;2,119832088
0,459999808;0,78;4,428;2,5626637;2,116665925
0,56000067;0,78;4,428;2,550551449;2,113637862
0,56000067;0,78;4,428;2,53874977;2,110687442
0,459999808;1;4,428;2,53058132;2,10864533
0,459999808;1,18;4,428;2,512247178;2,104061795
0,439999288;1,14;4,428;2,500779222;2,101194806
0,399999984;1,14;4,428;2,488407395;2,098101849
0,399999984;1,16;4,428;2,476845878;2,095211469
0,399999984;1,2;4,428;2,468874301;2,093218575
0,399999984;1,22;4,428;2,45100034;2,088750085
0,420000502;1,2;4,428;2,437254491;2,085313623
0,420000502;1,22;4,428;2,441032178;2,086258044
0,420000502;1,22;4,444090284;2,438601544;2,091013814
0,420000502;1,2;4,460668896;2,444427557;2,097996521
0,420000502;1,2;4,477520996;2,450636258;2,105166063
0,439999288;3,02;4,492015488;2,45763957;2,111748389
0,439999288;3,94;4,515013013;2,463521716;2,120884767
0,360000678;4,8;4,527028733;2,470201254;2,126559891
0,280000336;3,9;4,547766707;2,473835957;2,134381225
0,280000336;2,98;4,565059862;2,479422631;2,141542279
0,280000336;1,2;4,573432818;2,485503938;2,14585359
0,379999464;1,28;4,596395595;2,491518279;2,155011435
0,500000846;2,06;4,606231275;2,498821671;2,160115843
0,480000326;4,88;4,619769954;2,502960451;2,165663431
0,459999808;6,86;4,641858703;2,513757865;2,1757257
0,459999808;6,84;4,650420148;2,517950696;2,179627723
0,439999288;4,84;4,667355104;2,525091134;2,187057818
0,439999288;2,88;4,671523641;2,545782452;2,19362016
0,439999288;2,16;4,666324367;2,568842528;2,197652088
0,500000846;1,32;4,661257131;2,591390163;2,201599918
0,680000318;1,2;4,653841018;2,619753522;2,20621872
0,820000486;1,14;4,648722956;2,643720376;2,210504413
0,820000486;1,14;4,642263498;2,66486272;2,213636846
0,88000031;1,2;4,636581121;2,682659966;2,216192032
0,85999979;1,26;4,632920721;2,70816308;2,221347677
2,979999354;1,24;4,624831342;2,73888244;2,226331057
6,05999957;1,44;4,619771581;2,769659021;2,232338616
4,659999628;1,48;4,617352435;2,79370871;2,237544656
2,379999378;1,36;4,607654568;2,823329062;2,241717122
2,420000418;1,36;4,607899992;2,844050824;2,24697937
2,500000762;1,34;4,602550745;2,857317646;2,248512993
1,779999404;1,36;4,598195476;2,877272751;2,252050013
0,979999438;1,4;4,581389223;2,900238413;2,252189345
0,960000654;1,42;4,568557904;2,919140686;2,252637806
1,059999782;1,4;4,556775988;2,935359368;2,252765171
0,979999438;1,34;4,541295262;2,952206592;2,251816735
0,740000142;1,32;4,526520605;2,975391569;2,252688094
0,659999798;1,32;4,517937089;2,990537844;2,253613491
0,659999798;1,32;4,501032442;3,011868785;2,253311343
0,63999928;1,32;4,488958208;3,021370556;2,251662042
0,63999928;1,32;4,482352648;3,044072992;2,255135797
0,63999928;1,32;4,462007523;3,064114132;2,253364374
0,63999928;1,32;4,446549563;3,08814838;2,254220283
0,63999928;1,32;4,446811358;3,10802756;2,259277343
0,63999928;1,58;4,432838168;3,113657264;2,256027039
0,63999928;2,04;4,415583587;3,13193996;2,254846186
0,63999928;2,08;4,392291434;3,142428425;2,249704251
0,63999928;2;4,427443888;3,177582602;2,27021028
0,659999798;1,92;4,450282772;3,199876937;2,283396825
0,700000838;1,92;4,475278111;3,227892944;2,298732606
0,700000838;1,92;4,499543924;3,248251664;2,311910891
0,680000318;1,92;4,530845897;3,272746067;2,328468482
0,680000318;1,92;4,553939474;3,292736671;2,341163992
0,680000318;1,54;4,576719308;3,3140737;2,354091528
0,659999798;1,38;4,600800616;3,350840888;2,371310427
0,620000494;1,38;4,625534712;3,375922847;2,385825616
0,740000142;1,38;4,668537842;3,392541177;2,404314575
0,85999979;2,02;4,68818886;3,426757261;2,419418935
0,820000486;1,94;4,71407973;3,445090281;2,43263248
0,940000134;1,14;4,741429504;3,45551335;2,444354839
1,080000302;1,08;4,750267729;3,47371057;2,451850219
1,059999782;1,06;4,792651008;3,500198698;2,472600011
1,519999588;1,04;4,860524331;3,548911518;2,507402656
1,96000061;1,04;4,923482762;3,587280716;2,5379811
1,979999396;0,9;5,001166855;3,624599135;2,573205402
1,979999396;0,78;5,078987321;3,65261833;2,606150356
1,839999228;0,78;5,129579347;3,699049717;2,634622211
1,620000452;0,78;5,212061979;3,722520229;2,66798405
1,540000108;0,78;5,27790077;3,771268465;2,702117373
1,540000108;0,78;5,367673672;3,789678299;2,736644132
1,540000108;0,78;5,390476175;3,834421819;2,755430847
1,639999236;0,78;5,505664423;3,885281248;2,806541786
1,7400001;0,78;5,563189334;3,911124208;2,832177497
1,7400001;0,7;5,623161375;3,965317124;2,865716406
1,7400001;0,62;5,724699752;3,973420081;2,901588271
1,700000796;0,62;5,759172484;4,021987476;2,92522103
1,680000276;0,62;5,824410494;4,037335643;2,950804076
1,680000276;0,76;5,828178465;4,083784481;2,963672275
1,680000276;0,82;5,817519303;4,117131331;2,968455934
1,680000276;0,8;5,807282776;4,142755881;2,971449896
1,680000276;0,78;5,797118581;4,179099426;2,977147717
1,620000452;0,78;5,785474684;4,207187762;2,980288502
1,560000628;0,78;5,770336155;4,225775965;2,979889376
1,579999412;0,78;5,758196549;4,263882452;2,985369463
1,579999412;0,78;5,751005731;4,298553693;2,991640334
1,560000628;0,78;5,74333436;4,321696583;2,994868932
1,560000628;0,78;5,728595851;4,343973046;2,995525212
1,480000284;0,78;5,711645314;4,386408424;3,000483878
1,42000046;0,78;5,703097035;4,430606815;3,008684049
0,960000654;0,78;5,688808452;4,46237324;3,011862794
0,519999632;0,66;5,677782711;4,495068719;3,016361417
0,620000494;0,5;5,677750574;4,519634735;3,022492209
0,719999622;0,38;5,678687228;4,595980138;3,041890777
0,719999622;0,32;5,68434512;4,691335906;3,067615683
0,700000838;0,32;5,689367562;4,784607868;3,092607821
0,680000318;0,32;5,69607861;4,874306926;3,117269601
0,659999798;0,38;5,700629625;4,939881646;3,135180287
0,659999798;0,5;5,706418232;5,022320392;3,157719509
0,659999798;0,5;5,710955076;5,135704931;3,187577925
0,680000318;0,48;5,718702302;5,195904947;3,205210337
0,659999798;0,48;5,721712325;5,310289444;3,234809803
0,659999798;0,44;5,730209268;5,388480134;3,25718979
0,659999798;0,46;5,732684784;5,483535707;3,281778855
0,63999928;0,44;5,740550418;5,639182689;3,323312478
0,63999928;0,46;5,744220251;5,718970782;3,344482779
0,63999928;0,46;5,752590174;5,822281917;3,373100537
0,659999798;0,46;5,753221995;5,822677248;3,373409977
0,579999456;0,44;5,767116632;5,959106833;3,412148919
0,500000846;0,44;5,777862216;6,079270884;3,445771793
0,500000846;0,42;5,789146881;6,186324822;3,476296833
0,519999632;0,42;5,800256655;6,292464294;3,506534958
0,620000494;0,42;5,810232192;6,381000546;3,531994201
0,740000142;0,48;5,823942877;6,506809248;3,568016604
0,719999622;0,54;5,837432943;6,579017538;3,590565365
0,719999622;0,92;5,844354826;6,714780702;3,626813451
0,700000838;0,52;5,859056901;6,798761694;3,652709391
0,680000318;0,6;5,870400954;6,918341148;3,686385605
0,680000318;0,7;5,88420055;7,097113656;3,735678597
0,579999456;0,7;5,885411609;7,198239786;3,761363816
0,480000326;0,7;5,89784941;7,227130386;3,7727324
0,459999808;0,68;5,915445773;7,35080691;3,809516985
0,459999808;0,54;5,926713492;7,515367152;3,854412952
0,459999808;0,4;5,879987678;7,384865388;3,80621224
0,459999808;0,4;5,840702614;7,30611552;3,773429751
0,480000326;2,56;5,799358721;7,214745612;3,736805977
0,480000326;2,54;5,762280362;7,132733346;3,703943457
0,500000846;1,48;5,722675202;7,017776106;3,662002427
0,54000015;1,6;5,676474893;6,916626804;3,621314999
0,54000015;1,46;5,637591803;6,860888946;3,594419504
0,54000015;2,48;5,598218167;6,742867914;3,551789701
0,519999632;1,42;5,551453939;6,695941794;3,524470095
0,519999632;0,4;5,535292352;6,587862312;3,492063029
0,519999632;0,34;5,489804638;6,453202104;3,443235405
0,519999632;0,26;5,414486675;6,375233568;3,398637284
1,10000082;0,28;5,39040141;6,283477458;3,367669834
1,280000292;0,26;5,381727288;6,1716429;3,336819821
0,88000031;0,36;5,326162079;6,153878934;3,313857093
0,799999966;0,44;5,306555597;6,07734663;3,288188523
0,760000662;0,44;5,298404976;6,031959108;3,274124769
0,820000486;0,42;5,290992036;5,975566241;3,257555572
0,760000662;0,56;5,283972661;5,92853146;3,243457085
0,700000838;0,64;5,276379728;5,878071763;3,228311183
0,56000067;0,6;5,270599926;5,831023076;3,214622411
1,119999606;0,6;5,262384715;5,779906735;3,199104922
1,280000292;0,74;5,254466595;5,745381593;3,187834263
0,760000662;0,92;5,244932779;5,709661523;3,175726307
0,700000838;0,98;5,238619859;5,661997634;3,161706028
0,620000494;0,9;5,232572812;5,580856483;3,139405058
0,56000067;0,86;5,221915916;5,576611122;3,134791419
0,56000067;0,84;5,217837219;5,498748188;3,11396612
0,420000502;0,84;5,212632639;5,431687253;3,095466026
0,399999984;0,84;5,200340663;5,373083129;3,07671767
0,500000846;0,64;5,154609573;5,381471451;3,063571054
0,459999808;0,44;5,111797382;5,359420465;3,043787577
0,439999288;0,44;5,068142121;5,333166562;3,022672348
0,620000494;0,5;5,023147098;5,31222669;3,002439038
0,820000486;0,54;4,98336946;5,287697878;2,983047623
0,760000662;0,48;4,912792574;5,254398852;2,951197238
0,700000838;0,64;4,870254172;5,242860313;2,934133136
0,700000838;0,78;4,831557394;5,207877555;2,91248852
0,700000838;0,78;4,792389986;5,192613655;2,895616742
0,700000838;0,76;4,734614627;5,165782153;2,869650414
0,56000067;0,74;4,670475482;5,151700306;2,844750237
0,439999288;0,74;4,637568061;5,129791434;2,828303879
0,420000502;0,74;4,627118069;5,08179104;2,81282045
0,439999288;0,74;4,560553822;5,083497133;2,79105889
0,459999808;0,74;4,49768601;5,031245576;2,757040064
0,420000502;0,74;4,521910082;5,050984219;2,770049416
0,34000016;0,74;4,534098752;5,056983965;2,775612242
0,34000016;0,74;4,544675003;5,062794959;2,780590407
0,34000016;0,74;4,557218717;5,067948146;2,786059942
0,439999288;0,74;4,565964969;5,0757576;2,790927723
0,519999632;0,74;4,576119852;5,08055986;2,795513249
0,480000326;0,74;4,591529584;5,087689244;2,802432172
0,459999808;0,66;4,595310862;5,094409366;2,805372629
0,439999288;0,6;4,607148573;5,10006951;2,810733569
0,439999288;0,5;4,626807927;5,105035122;2,818528089
0,439999288;0,44;4,635406594;5,113190799;2,823433231
1,360000636;0,52;4,641294105;5,114079106;2,825617811
2,30000077;0,6;4,659656632;5,119460091;2,8330839
2,319999554;0,62;4,670776709;5,128592714;2,839073748
2,239999212;0,6;4,68387068;5,131947024;2,844276983
2,160000602;0,58;4,720116027;5,197070071;2,872639527
2,160000602;0,58;4,763037155;5,249295078;2,900002821
1,459999764;0,76;4,799522946;5,30806472;2,926857162
1,560000628;1,26;4,853926636;5,373518321;2,961355126
2,379999378;1,18;4,891880569;5,427505473;2,987503224
2,30000077;0,72;4,925512869;5,511963269;3,01982844
2,199999906;0,66;4,987525747;5,550177067;3,050052849
2,179999388;0,66;5,001149593;5,615222947;3,070855601
2,160000602;0,66;5,040693489;5,663132943;3,096014399
2,25999973;0,66;5,083943908;5,740341397;3,129733319
2,360000594;0,54;5,144692878;5,797144315;3,164183705
2,340000074;0,4;5,205577317;5,890393052;3,207790702
1,500000804;0,34;5,223333661;5,928490307;3,223233797
0,63999928;0,28;5,274808158;6,00511344;3,259547746
0,63999928;0,32;5,319847865;5,998865767;3,272999063
0,63999928;0,32;5,334799162;6,113533848;3,306649849
0,659999798;0,36;5,357399517;6,185050968;3,332062581
0,700000838;0,42;5,379056811;6,272680218;3,361188992
0,700000838;0,44;5,399899852;6,355592166;3,388864659
0,700000838;0,42;5,419960873;6,433569456;3,415045988
0,760000662;0,4;5,44128965;6,483952278;3,434751286
0,760000662;0,38;5,464972136;6,592238448;3,469716991
0,700000838;1,42;5,486582342;6,648617754;3,491015219
0,760000662;2,46;5,521549356;6,72808383;3,52253741
0,820000486;1,44;5,528051958;6,83450418;3,551310031
0,680000318;0,4;5,557321074;6,861151644;3,567728269
0,500000846;0,4;5,569917283;6,949783338;3,594084929
0,459999808;0,4;5,613528589;7,04484954;3,632388581
0,480000326;1,46;5,636871582;7,1386533;3,663620519
0,579999456;2,5;5,633636515;7,184597766;3,67402828
0,680000318;2,5;5,682057536;7,147527576;3,680901073
0,680000318;2,5;5,712391122;7,089358242;3,676469934
0,63999928;2,42;5,753200042;7,019525076;3,672614616
0,620000494;2,34;5,791228523;6,963154128;3,67119804
0,620000494;2,32;5,819002222;6,916602498;3,668818032
0,620000494;1,3;5,850696671;6,841611036;3,660634983
0,620000494;0,26;5,881557278;6,806317224;3,662098399
0,620000494;0,34;5,935865131;6,713141316;3,656907039
0,620000494;0,42;5,966232162;6,693589488;3,662141426
0,620000494;0,52;6,006053559;6,613536012;3,655401856
0,620000494;0,54;6,025851106;6,53514579;3,642403483
0,620000494;0,44;6,05307284;6,519669834;3,647608405
0,620000494;0,38;6,079093147;6,431513862;3,634242848
0,620000494;0,44;6,116147939;6,393739368;3,637150822
0,620000494;0,5;6,16255796;6,29880348;3,628886857
0,54000015;0,44;6,135359936;6,422708724;3,65079716
0,459999808;0,38;6,097676505;6,543744552;3,668494973
0,519999632;0,42;6,06208028;6,680432232;3,690801485
0,599999974;0,44;6,017470506;6,762844476;3,696534621
0,63999928;0,42;5,993306465;6,917723016;3,727199576
0,680000318;0,38;5,943932222;7,01134539;3,734147088
0,659999798;0,4;5,921556149;7,174165326;3,767393381
0,63999928;0,4;5,867312736;7,247474742;3,767639597
0,63999928;0,34;5,837353233;7,375498962;3,789659152
0,620000494;0,26;5,803629241;7,561683828;3,824964037
0,620000494;0,26;5,771323363;7,671917862;3,84175392
0,659999798;0,26;5,734402829;7,80398739;3,862464457
0,719999622;0,26;5,697443605;7,935411366;3,88300071
0,63999928;0,34;5,667514194;7,925650314;3,870583976
0,480000326;0,44;5,591897702;8,08076421;3,884156953
0,420000502;0,44;5,625523497;7,97928186;3,869994964
0,480000326;0,42;5,632792803;7,852695138;3,840771385
0,54000015;0,4;5,639496418;7,717104798;3,809108339
0,54000015;2,5;5,646377142;7,617704466;3,786551831
0,480000326;4,64;5,656358245;7,488874008;3,75767125
0,399999984;4,68;5,661698187;7,37259129;3,730380552
0,399999984;4,7;5,669445884;7,266900252;3,706540358
0,399999984;2,7;5,674495542;7,080924978;3,661729758
0,399999984;0,66;5,686774763;6,997258578;3,644906232
0,459999808;0,66;5,690197215;6,906038544;3,623242041
0,719999622;0,66;5,702548963;6,7506405;3,588509779
0,85999979;0,66;5,702686324;6,65315466;3,564184106
0,83999927;0,66;5,715077581;6,538725138;3,539707145
0,820000486;0,66;5,722005661;6,328058826;3,489349927
0,820000486;2,58;5,730587746;6,308759328;3,487385747
0,820000486;4,5;5,716022526;6,234874854;3,464059556
0,680000318;4,5;5,704088877;6,250708434;3,464040068
0,54000015;4,52;5,690809975;6,27020205;3,464487171
0,54000015;2,6;5,674837167;6,28587114;3,463080174
0,54000015;2,7;5,662213708;6,305617002;3,46380882
0,54000015;4,68;5,652544002;6,328260534;3,466246467
0,54000015;2,7;5,636173609;6,34432452;3,464805666
0,54000015;0,8;5,624708211;6,367033536;3,466661121
0,54000015;0,9;5,618115034;6,376693812;3,466878464
0,54000015;2,86;5,60053698;6,394813326;3,465548991
0,459999808;4,84;5,593345885;6,419950362;3,469436219
0,399999984;4,86;5,56934083;6,441124026;3,46672795
0,399999984;4,86;5,552757359;6,454413414;3,464522473
0,399999984;4,86;5,544480619;6,460175304;3,463204032
0,500000846;4,88;5,529581795;6,4816098;3,463596382
1,17999943;4,88;5,516369229;6,609722268;3,49122031
1,300000812;4,88;5,498894791;6,731945196;3,515951229
0,83999927;4,86;5,478286979;6,87252597;3,544227152
0,820000486;4,86;5,459769207;6,981379554;3,565267958
0,820000486;4,8;5,443280224;7,1470041;3,601177766
0,820000486;2,74;5,42519525;7,270676004;3,626067418
1,459999764;0,72;5,410360287;7,379950722;3,64844111
1,319999598;2,02;5,38680529;7,533791094;3,679049537
2,639999194;3,26;5,373991938;7,599736524;3,691264777
4,739999972;3,22;5,34590258;7,763676822;3,722886732
4,700000668;3,2;5,327673175;7,892476938;3,749010293
2,560000586;3,18;5,309072435;7,969926516;3,762172441
0,420000502;3,16;5,289482648;8,13974565;3,798097295
0,420000502;3,18;5,272652771;8,182995786;3,80329987
0,420000502;3,18;5,247426414;8,434856502;3,857856264
0,34000016;3,16;5,3024905;8,160302172;3,807572376
0,259999816;3,16;5,345408778;7,951767612;3,769744829
0,259999816;1,88;5,397236623;7,77582294;3,743034609
0,259999816;0,62;5,428727013;7,500675612;3,684744574
0,379999464;0,62;5,473198675;7,373800908;3,667849785
0,459999808;1,94;5,514763248;7,148767644;3,625446327
0,459999808;3,26;5,577744521;6,925292202;3,590571224
0,439999288;1,96;5,597164394;6,711245748;3,543532902
0,420000502;1,98;5,656395518;6,549836064;3,522924189
2,119999564;0,56;5,705407957;6,18337179;3,4476456
3,880000182;0,5;5,738755403;6,152076726;3,450937649
2,160000602;0,5;5,799629267;5,791433044;3,381068016
0,420000502;0,52;5,854435003;5,607342942;3,35331407
0,420000502;2,88;5,903006379;5,49234445;3,340754906
0,420000502;5,18;5,952438334;5,346390752;3,320743799
2,140000082;3;5,901343105;5,43872648;3,326795988
2,140000082;0,82;5,883862966;5,646866462;3,373004271
2,119999564;0,8;5,864353946;5,816525195;3,408915947
2,119999564;0,78;5,838259097;6,033287106;3,454408142
2,119999564;0,8;5,821539196;6,242438004;3,501122566
2,03999922;0,78;5,801379683;6,479582064;3,553688744
3,340000032;0,8;5,782791601;6,70834497;3,604683443
1,799999924;0,8;5,752951467;6,936260412;3,651715592
3,319999512;0,8;5,735907348;7,104200958;3,688019356
3,420000376;0,78;5,710592382;7,292359644;3,726620705
3,519999504;0,78;5,698513924;7,54830639;3,786581239
3,599999848;0,78;5,69055601;7,645782828;3,80829771
2,319999554;2,98;5,650161962;7,98570813;3,879814353
0,90000083;5,14;5,644357875;8,166628572;3,923109768
5,42000029;5,08;5,606841045;8,4134973;3,97232134
4,039999134;4,9;5,53200935;8,01417525;3,847546929
2,659999714;4,82;5,45113425;7,759455312;3,756908578
2,659999714;4,82;5,370015083;7,425675384;3,646423874
2,340000074;4,88;5,274300689;7,170717192;3,550779528
2,360000594;4,98;5,209219102;6,872318784;3,454486063
3,799999838;5;5,132903565;6,617295894;3,365291829
3,799999838;5;5,062948371;6,258710724;3,252327138
3,799999838;5;4,978071057;6,15192225;3,197337581
3,820000358;4,92;4,864961679;5,749872516;3,059122022
3,839999144;4,92;4,754202228;5,617601996;2,989134575
3,760000534;2,76;4,679985053;5,377086853;2,904266731
3,659999672;0,6;4,601386221;4,928517241;2,765924717
2,199999906;0,6;4,547074369;4,678202237;2,685242016
0,63999928;0,6;4,402456044;4,315104262;2,546261414
0,620000494;0,6;4,340819554;4,328602917;2,529090581
0,719999622;0,6;4,478226103;4,115473342;2,52161037
0,700000838;3,02;4,587753244;4,083588479;2,550148201
0,700000838;5,38;4,684737049;4,051698098;2,574503541
0,680000318;5,36;4,790243462;4,027808401;2,603699921
0,680000318;3,12;4,920287235;3,99346003;2,638460752
0,680000318;0,86;5,002866897;3,962644228;2,658283356
0,680000318;0,86;5,115907615;3,931738227;2,688237095
0,680000318;0,86;5,24999862;3,914947288;2,728736362
0,680000318;0,86;5,321591152;3,880100477;2,743888837
0,659999798;2,94;5,437020528;3,853500525;2,775715307
0,680000318;4,98;5,494899032;3,812916116;2,78486204
0,659999798;4,96;5,686049792;3,775333391;2,839183279
0,680000318;4,96;5,780664959;3,737473108;2,861256597
0,659999798;2,78;5,814728807;3,743481266;2,874113252
0,680000318;0,6;5,932126407;3,67911657;2,897154612
0,760000662;0,7;6,073711217;3,73100787;2,957322373
0,820000486;0,78;6,164196826;3,765573158;2,996125565
0,88000031;0,8;6,262397036;3,800426042;3,037572189
0,760000662;0,78;6,352020448;3,831747058;3,075276914
0,700000838;0,76;6,442286193;3,867953287;3,114417053
0,799999966;2,94;6,572514452;3,91365415;3,169251688
0,88000031;5,12;6,683018355;3,948245528;3,214734167
0,88000031;5,06;6,751814279;3,986845136;3,247316043
0,85999979;2,8;6,836984213;4,016430801;3,283102438
0,85999979;0,6;6,934511656;4,064600505;3,327654012
0,88000031;0,6;7,076415331;4,088363857;3,380896074
0,85999979;0,6;7,115330326;4,143209932;3,407579258
0,83999927;0,6;7,259184865;4,14216364;3,455269198
1,039999262;0,6;7,312219232;4,205056763;3,488670601
1,239999254;0,6;7,50851272;4,250942239;3,565573133
1,239999254;2,78;7,591615156;4,23426;3,589103385
1,239999254;4,9;7,74786095;4,23426;3,641185317
1,17999943;4,86;7,904459552;4,23426;3,693384851
1,020000478;2,58;8,055041485;4,23426;3,743578828
0,940000134;0,3;8,17348042;4,23426;3,783058473
0,779999446;0,32;8,28828467;4,23426;3,821326557
0,56000067;0,3;8,422681149;4,23426;3,866125383
0,480000326;1,62;8,600104664;4,23426;3,925266555
0,459999808;2,98;8,767106569;4,23426;3,980933856
0,459999808;3,06;8,967260643;4,23426;4,047651881
0,379999464;1,78;9,12143828;4,23426;4,099044427
0,31999964;0,46;9,25468386;4,23426;4,14345962
0,31999964;0,44;9,283739987;4,23426;4,153144996
0,31999964;0,44;9,468069778;4,23426;4,214588259
0,31999964;0,46;9,72648935;4,23426;4,300728117
0,31999964;0,46;9,750395459;4,23426;4,30869682
0,31999964;0,46;9,862875557;4,23426;4,346190186
0,31999964;0,44;9,970626945;4,23426;4,382107315
0,379999464;0,44;10,09753132;4,23426;4,424408774
0,56000067;0,44;10,18777485;4,23426;4,45448995
0,799999966;0,44;10,34909663;4,23426;4,508263877
0,83999927;0,44;10,4509335;4,23426;4,5422095
0,779999446;0,58;10,57814356;4,23426;4,584612853
0,760000662;0,68;10,66145319;4,23426;4,61238273
0,760000662;0,58;10,82858561;4,23426;4,668093536
0,760000662;0,46;10,93280854;4,23426;4,702834512
0,620000494;0,46;10,95093431;4,23426;4,708876435
0,480000326;0,46;11,18234616;4,23426;4,78601372
0,480000326;0,46;11,26175062;4,23426;4,812481874
0,480000326;0,46;11,31269306;4,23426;4,829462687
0,480000326;0,46;10,97490569;4,29668553;4,732473279
0,480000326;0,54;10,59785711;4,352521657;4,62074945
0,480000326;0,62;10,252574;4,423383871;4,523370634
0,480000326;0,64;9,905192051;4,483875725;4,422699615
0,480000326;0,6;9,619009786;4,530470389;4,338954192
0,399999984;0,6;9,094125461;4,604814461;4,182578769
0,31999964;0,6;8,761750335;4,647462377;4,082449039
2,839999186;0,62;8,364793027;4,698245481;3,962825713
5,300000642;0,6;8,065697697;4,787745045;3,88550216
5,259999604;0,58;7,837577007;4,842772106;3,823218696
5,42000029;0,6;7,317986383;4,901520233;3,664708853
5,539999938;0,6;7,147475899;4,936281783;3,616562412
5,539999938;0,6;6,639905171;4,99804607;3,462813241
5,560000458;0,6;6,438437334;5,100218978;3,421200523
5,519999418;0,6;5,967989964;5,14299287;3,275078206
5,42000029;0,58;5,936240208;5,205803192;3,280197534
5,339999946;0,6;5,894639037;5,276365073;3,283970947
5,319999428;0,52;5,857205575;5,345434502;3,288760484
5,339999946;0,44;5,820945166;5,42360488;3,296216275
5,319999428;0,44;5,784542872;5,49786366;3,302646872
5,319999428;0,44;5,743858434;5,548949677;3,301856897
5,360000466;0,58;5,681395612;5,622707776;3,299475481
2,940000048;0,78;5,649327878;5,712342488;3,311194915
0,519999632;0,84;5,607621002;5,786502436;3,31583261
0,519999632;0,9;5,591923568;5,856603309;3,32812535
0,519999632;1,02;5,544040962;5,897977851;3,322508117
2,999999872;1,04;5,511128495;5,970251017;3,329605586
5,42000029;1,2;5,467993486;6,063583602;3,338560396
5,379999252;1,36;5,43273617;6,163707774;3,351839
5,360000466;1,24;5,391225794;6,246593664;3,358723681
3,039999178;1,16;5,319502101;6,2527674;3,336359217
0,719999622;1,2;5,268018269;6,288901584;3,328231486
0,700000838;1,22;5,221098046;6,32948025;3,322736078
0,680000318;1,24;5,157266329;6,360811218;3,309291581
0,659999798;1,72;5,09915996;6,392606868;3,297871704
3,220000384;1,76;5,067626709;6,425887548;3,29568079
5,73999993;1,1;5,003693355;6,461312226;3,283225841
5,700000626;1,02;4,958311139;6,50273091;3,278453107
3,300000728;1,06;4,919187476;6,54273534;3,275412994
0,88000031;1,06;4,868111777;6,591575964;3,270597917
0,799999966;1,06;4,818356019;6,605346174;3,257455217
0,719999622;0,82;4,722380156;6,63920274;3,233927404
0,700000838;0,84;4,69800506;6,690278028;3,238571194
0,700000838;0,84;4,624278633;6,706640328;3,218086293
0,700000838;0,92;4,618474917;6,73905123;3,224254446
0,700000838;1,22;4,694557469;6,859660086;3,279767511
0,620000494;1;4,80791844;6,97334916;3,34597677
0,54000015;0,92;4,903832922;7,06496616;3,400852514
0,56000067;3,7;5,027404608;7,191633726;3,473709967
0,599999974;6,42;5,093717227;7,30033266;3,522988907
0,700000838;6,58;5,24187279;7,377778224;3,591735486
0,799999966;6,44;5,308780003;7,505734542;3,64602697
0,779999446;6,3;5,416281583;7,645185954;3,716723683
0,740000142;6,3;5,510901573;7,7368095;3,771169566
0,680000318;6,28;5,590516332;7,827381;3,820350694
0,63999928;6,16;5,766556647;7,948741422;3,909370904
0,620000494;6,06;5,794427317;8,040128256;3,941507836
0,620000494;3,46;5,981933573;8,101333536;4,019311242
0,620000494;0,84;6,026975852;8,31244617;4,087103493
0,63999928;0,84;6,131676447;8,421261024;4,149207405
0,620000494;0,84;6,154956812;8,438871588;4,161370168
0,63999928;0,84;6,165835723;8,499894924;4,180252305
0,620000494;0,84;6,175407541;8,560181268;4,198514497
0,620000494;1,06;6,188859112;8,621441886;4,218313509
0,63999928;1,26;6,197853821;8,67088551;4,233672651
0,63999928;1,2;6,210880555;8,749249494;4,257605892
0,54000015;1,14;6,220238477;8,807465796;4,275279275
0,459999808;1,14;6,232835563;8,870309484;4,295189225
0,459999808;1,08;6,246276501;8,899395036;4,306940926
0,480000326;1,08;6,255201806;8,949299748;4,322392206
0,579999456;1,12;6,263205208;9,054817902;4,351439545
0,680000318;1,18;6,276166808;9,12151902;4,372435358
0,680000318;1,24;6,293817435;9,164233326;4,388997477
0,719999622;1,1;6,304815033;9,181879968;4,397075003
0,760000662;0,98;6,316201163;9,263362758;4,421241077
0,760000662;1,58;6,398761802;9,204102852;4,433946314
0,760000662;4,24;6,483922628;9,13007121;4,443825345
0,700000838;6,26;6,552175247;9,059045676;4,448819835
0,63999928;6,24;6,666094024;9,000605136;4,472182625
0,659999798;3,58;6,73237281;8,912465616;4,472240674
0,63999928;1,84;6,820163812;8,865048786;4,489650134
0,63999928;4,14;6,879566546;8,771718336;4,486118433
0,659999798;3,04;7,008217461;8,705085552;4,512343875
0,659999798;0,68;7,090358108;8,619944928;4,518438935
0,659999798;0,82;7,162453231;8,563328502;4,528316536
0,659999798;0,82;7,266261776;8,523713502;4,553015634
0,719999622;0,82;7,347417753;8,419416864;4,553993467
0,799999966;0,82;7,425489129;8,345449656;4,561525457
0,740000142;3,3;7,448454654;8,319694608;4,56274187
0,63999928;3,18;7,567291798;8,188106466;4,569457216
0,740000142;0,56;7,588432401;8,003951676;4,530465386
0,779999446;0,62;7,594227428;7,78889997;4,478634135
0,519999632;0,7;7,599397277;7,578889554;4,427854814
0,500000846;0,72;7,605210589;7,423864254;4,39103626
0,620000494;3,26;7,610952299;7,227434712;4,343842778
0,779999446;3,24;7,615885891;7,057483038;4,30299939
0,779999446;0,76;7,623031233;6,779488092;4,235882434
0,740000142;0,8;7,627458087;6,578139498;4,187020903
0,740000142;0,76;7,634324956;6,392859552;4,142989873
0,740000142;0,64;7,637278212;6,240774;4,105952904
0,979999438;0,6;7,646022981;5,989530979;4,046057072
1,300000812;0,6;7,647492739;5,815708519;4,003091376
1,039999262;0,6;7,652137292;5,582917861;3,946441896
0,760000662;0,6;7,657230918;5,320404377;3,8825114
0,760000662;0,6;7,663107587;5,275457996;3,873233694
0,740000142;0,56;7,825638186;5,213138877;3,911830781
0,740000142;0,66;7,990331782;5,202328458;3,964026042
0,740000142;0,82;8,116817653;5,190189889;4,003153357
0,659999798;0,82;8,30313185;5,175799805;4,061660568
0,579999456;0,84;8,404182157;5,16641583;4,09299801
0,599999974;0,84;8,559950369;5,156339468;4,142401657
0,579999456;0,88;8,716837938;5,139463562;4,190478537
0,579999456;0,96;8,958558448;5,127794674;4,268134818
0,719999622;0,98;9,067728642;5,115515145;4,301455
0,799999966;0,96;9,143116232;5,100504172;4,322831454
0,760000662;0,82;9,434949418;5,097526703;4,419364815
0,740000142;0,8;9,609463688;5,078673575;4,472822956
0,719999622;0,88;9,677249816;5,070887891;4,493471912
0,719999622;0,84;9,821136479;5,053802528;4,537162791
0,719999622;0,86;10,01852669;5,048568409;4,601651
0,719999622;0,86;10,06786999;5,008464785;4,608072859
0,719999622;0,84;10,1525271;4,973980358;4,62767079
0,719999622;0,84;10,24012786;4,932468569;4,646493096
0,719999622;0,84;10,29733699;4,902499278;4,658070483
0,719999622;0,84;10,3925379;4,861652402;4,6795924
0,719999622;0,84;10,4734344;4,823361005;4,696985053
0,719999622;0,84;10,55360197;4,80037085;4,717960036
0,719999622;0,78;10,65627755;4,751611335;4,73999535
0,719999622;0,7;10,69661549;4,711278148;4,743358033
0,63999928;0,7;10,76512141;4,676528213;4,757505858
0,56000067;0,7;10,85967802;4,661519086;4,785272446
0,56000067;0,8;10,90598266;4,629766206;4,792769104
0,56000067;0,88;11,00739557;4,561696013;4,809555861
0,700000838;0,9;11,13305843;4,516314964;4,840098217
0,90000083;0,88;11,15750826;4,490895472;4,841893287
0,979999438;0,74;11,02780769;4,448233269;4,787994215
1,039999262;0,6;10,87747377;4,39522291;4,724630317
1,020000478;0,6;10,71715005;4,343005574;4,658134745
0,919999614;0,6;10,58168796;4,298109713;4,601756748
0,90000083;0,64;10,4423364;4,231546378;4,538665396
0,740000142;0,7;10,27333764;4,171061084;4,46721115
0,599999974;0,64;10,12362588;4,114102043;4,40306747
0,599999974;0,6;9,980889227;4,084058361;4,347977666
0,599999974;0,6;9,804744869;4,006701992;4,269923788
0,599999974;0,6;9,704734361;3,954382576;4,223507098
0,63999928;0,6;9,598986663;3,881858366;4,170126813
0,799999966;0,6;9,411225353;3,861609814;4,102477571
0,88000031;0,52;9,177537183;3,833358209;4,017518613
2,239999212;0,46;9,005261184;3,761750995;3,942191477
1,239999254;0,44;8,97338668;3,708739004;3,918313644
1,020000478;0,46;8,800325955;3,71772655;3,862873623
0,88000031;0,52;8,661251437;3,739632894;3,821992036
0,799999966;0,76;8,486471367;3,76287296;3,769542029
0,919999614;0,92;8,330377829;3,787308647;3,723619772
1,119999606;0,86;8,191104661;3,81723262;3,684676375
1,160000644;0,84;8,02375916;3,843180469;3,635381504
1,220000468;0,84;7,919483015;3,863973015;3,605820926
1,239999254;0,84;7,766578408;3,882693233;3,559532778
1,220000468;0,84;7,607259604;3,904990015;3,512000705
1,19999995;0,84;7,412514074;3,922716143;3,45151706
1,059999782;0,84;7,270989822;3,967744127;3,415599306
1,039999262;0,84;7,273037525;3,974732959;3,418029082
1,160000644;0,86;7,030127163;4,021192306;3,348673797
1,10000082;0,84;6,851649272;4,017530389;3,288265688
1,059999782;0,84;6,828856192;4,05526751;3,290102275
1,059999782;0,84;6,8214133;4,125277023;3,305123689
1,059999782;0,84;6,897112802;4,202314399;3,3496162
1,059999782;0,8;6,958632362;4,279249295;3,389356444
1,039999262;0,72;7,040519417;4,33836439;3,431430903
1,059999782;0,7;7,102053556;4,429252384;3,474664281
1,080000302;0,7;7,183393448;4,470041605;3,511974884
1,080000302;0,6;7,264144236;4,535115871;3,55516038
1,080000302;0,58;7,30237707;4,653978887;3,597620412
1,080000302;0,62;7,423499193;4,730667921;3,657166711
1,059999782;0,6;7,439115318;4,781286206;3,675026657
1,059999782;0,6;7,555329984;4,811707558;3,721370217
1,080000302;0,68;7,616715597;4,951995599;3,776904099
0,999999958;0,68;7,695328539;5,023763374;3,821050356
0,919999614;0,68;7,79825483;5,070023893;3,86692425
0,90000083;0,58;7,797956478;5,13089898;3,882043571
0,90000083;0,44;7,753268569;5,146652607;3,871086008
1,020000478;0,6;7,67564049;5,158903431;3,848272688
1,140000126;1,32;7,580637977;5,172062314;3,819894904
0,999999958;0,96;7,499662942;5,183315279;3,795716467
0,83999927;1;7,41015334;5,195200536;3,768851247
0,820000486;0,92;7,36152107;5,209611809;3,756243309
0,820000486;0,86;7,268180836;5,215180861;3,726522161
0,820000486;0,86;7,174213216;5,228988697;3,69865158
0,820000486;0,86;7,094333963;5,239396664;3,674627154
0,779999446;0,86;7,03680687;5,249670042;3,6580198
0,719999622;0,86;6,91386082;5,264508161;3,620747314
0,680000318;0,86;6,869382277;5,284981345;3,611039428
0,680000318;1,36;6,725525157;5,286055174;3,563355513
0,680000318;0,88;6,729017795;5,311551056;3,570893696
0,680000318;0,78;6,580259806;5,308696807;3,520594137
0,680000318;0,78;6,459723852;5,219558238;3,458130843
0,680000318;0,78;6,316592148;5,125643434;3,386941575
0,599999974;0,7;6,157959179;5,022509687;3,308280482
0,54000015;0,64;5,998781676;4,916596762;3,228743082
0,54000015;0,62;5,886858511;4,844715819;3,173465125
0,599999974;0,6;5,695038318;4,751862362;3,086311697
1,680000276;0,64;5,524266667;4,670860289;3,009137295
2,639999194;0,74;5,359628011;4,570684729;2,929213853
1,560000628;0,76;5,217811275;4,427988727;2,846267607
0,579999456;0,84;5,119366602;4,315018212;2,785210087
0,56000067;0,9;5,051658105;4,242996549;2,744635172
0,500000846;0,9;4,907946499;4,16017583;2,676026124
0,500000846;0,9;4,750040786;4,040907779;2,593573873
0,500000846;1,34;4,462056329;4,03119917;2,495151902
0,500000846;0,9;4,360636283;3,817647607;2,407957329
0,500000846;0,9;4,559314627;3,800583895;2,469917516
0,500000846;0,8;4,728041048;3,734586655;2,509660346
0,500000846;0,7;4,893912221;3,657628552;2,545711212
0,56000067;0,7;5,075522795;3,584694683;2,588014603
0,620000494;0,68;5,29806957;3,509071445;2,643291051
0,54000015;0,7;5,415450498;3,421378571;2,660494809
0,480000326;1,24;5,707526725;3,365906134;2,743985442
0,420000502;1,84;5,906888553;3,292845622;2,792174256
0,34000016;1,38;5,996525413;3,196874443;2,798060415
0,34000016;0,84;6,271386321;3,184779232;2,886656915
0,34000016;0,8;6,3999479;3,068502874;2,900441685
0,439999288;1,7;6,637949511;3,043682616;2,973570491
0,54000015;2,58;6,742973006;2,926782423;2,979353274
0,54000015;2,46;6,817161585;2,834182611;2,980932848
0,519999632;2,28;7,101607832;2,84338045;3,078047723
0,500000846;2,28;7,284572449;2,88310559;3,148967214
0,500000846;3,52;7,477403174;2,969350102;3,23480525
0,500000846;2,74;7,659220533;3,067425742;3,319929946
0,500000846;0,72;7,824173395;3,156693265;3,397231114
0,500000846;0,68;7,966594731;3,223510408;3,461409179
0,500000846;0,68;8,136153691;3,354491499;3,550674105
0,500000846;1,12;8,34534261;3,452023976;3,644786864
0,480000326;2,3;8,499646691;3,49052462;3,705846719
0,500000846;1,84;8,73014324;3,56903539;3,802306594
0,500000846;0,8;8,846395688;3,737665804;3,883215014
0,599999974;0,9;8,995272494;3,776643712;3,942585093
0,719999622;1,36;9,183571632;3,901873448;4,036658906
0,659999798;1,28;9,490000001;4,013522837;4,166714043
0,56000067;0,72;9,535370472;4,100984429;4,203702931
0,56000067;0,72;9,737005988;4,206755387;4,297357509
0,56000067;0,72;9,569116742;4,067650814;4,206618284
0,680000318;1,26;9,386253034;3,984708204;4,124928062
0,779999446;0,88;9,225642971;3,900517167;4,050343615
0,760000662;0,76;9,04762917;3,820149563;3,970913781
0,740000142;0,6;8,853167325;3,740932062;3,88628879
0,719999622;0,6;8,678074001;3,697457393;3,817055682
0,719999622;0,6;8,501869044;3,575411378;3,727809192
0,719999622;0,6;8,266332447;3,511541233;3,633329457
0,719999622;0,6;8,110801418;3,43635479;3,56268917
0,719999622;0,58;7,899602979;3,344783315;3,469396822
0,740000142;0,58;7,733870885;3,284597905;3,399106438
0,620000494;0,58;7,627226273;3,173046958;3,335670497
0,500000846;0,58;7,500056518;3,165667374;3,291435683
0,500000846;0,58;7,369259464;3,033900034;3,21489483
0,500000846;0,6;7,142134073;2,962109129;3,12123864
0,500000846;0,6;6,954699199;3,15342084;3,106588276
0,500000846;0,68;6,823985697;3,324157123;3,10570118
0,420000502;0,7;6,67297719;3,539134873;3,109109448
0,34000016;0,58;6,538450999;3,723717397;3,110413016
0,360000678;0,56;6,423434164;3,88759454;3,113043357
0,360000678;0,6;6,292253015;4,011972133;3,100410705
0,439999288;0,6;6,203314938;4,236104779;3,126797841
0,54000015;0,6;6,047403467;4,411708846;3,118728367
1,39999994;0,66;5,853631528;4,524593887;3,082358981
2,220000426;0,78;5,812272041;4,754771758;3,126116953
2,179999388;0,82;5,691341;5,015470667;3,150981333
2,319999554;0,78;5,536928818;5,197139535;3,144927823
2,420000418;0,76;5,361397551;5,226325746;3,093713953
2,399999898;0,76;5,262655699;5,473315869;3,122547534
1,560000628;0,78;5,136414152;5,756258503;3,151202677
0,719999622;0,84;5,37262662;5,710844902;3,218586765
0,700000838;0,86;5,657401923;5,748402481;3,322901261
0,700000838;0,82;5,908938455;5,778799718;3,414346081
0,700000838;0,78;6,112187459;5,822462089;3,493011342
0,700000838;0,78;6,357581248;5,861768641;3,58463591
0,700000838;0,76;6,594260801;5,896238388;3,672146531
0,700000838;0,76;7,00369128;5,924212919;3,81561699
0,620000494;0,68;7,15891027;5,963675133;3,877222206
0,63999928;0,6;7,426448148;5,993022721;3,973738396
0,659999798;0,54;7,722430784;6,027626514;4,081050223
0,599999974;0,46;7,871964731;6,082597578;4,144637638
0,740000142;0,46;8,071384282;6,111780834;4,218406636
0,90000083;0,46;8,530830008;6,145974246;4,380103564
0,88000031;0,46;8,721121781;6,20495874;4,458280279
0,85999979;0,46;8,878135665;6,230789064;4,517075821
0,83999927;0,6;8,788639097;6,240470844;4,489664077
0,83999927;0,74;8,561810682;6,26568549;4,420358267
0,85999979;0,76;8,342101279;6,288664614;4,35286658
0,85999979;0,66;8,141997219;6,308265564;4,291065464
0,979999438;0,6;7,930756972;6,336051492;4,22759853
1,119999606;0,5;7,733200722;6,36542511;4,169089851
1,119999606;0,42;7,500688329;6,382778106;4,09592397
1,160000644;0,46;7,257827711;6,40337346;4,020119269
1,17999943;0,54;7,124230463;6,433353048;3,98308175
1,17999943;0,48;6,812249518;6,453330624;3,884082495
1,17999943;0,42;6,759450693;6,487335792;3,874984179
1,17999943;0,42;6,455485438;6,512284014;3,779899483
0,960000654;0,42;6,263915518;6,523752024;3,718909845
0,760000662;0,42;5,90180632;6,568298124;3,609343304
0,719999622;0,42;5,834657819;6,571403868;3,587736907
0,620000494;0,42;5,744300869;6,727965048;3,596758218
0,700000838;0,36;5,683833005;6,876140184;3,613646048
0,799999966;0,28;5,623013484;7,03631865;3,63341749
0,799999966;0,36;5,543825246;7,229853252;3,655405062
0,760000662;0,4;5,489069103;7,368191016;3,671737455
0,740000142;0,36;5,427261132;7,486190586;3,68063469
0,740000142;0,36;5,357357905;7,651450716;3,698648647
0,740000142;0,46;5,308138926;7,806236766;3,720938834
0,740000142;0,46;5,244688317;8,037495384;3,757603285
0,740000142;0,44;5,184743835;8,138809614;3,762950349
0,740000142;0,42;5,095698124;8,30500422;3,774817096
0,740000142;0,42;5,010879159;8,504691462;3,796465919
0,740000142;0,42;4,942670074;8,576366028;3,791648198
0,740000142;0,6;4,894690984;8,701610208;3,806966213
0,740000142;0,76;4,796145936;8,99455827;3,847354879
0,740000142;0,7;4,866325466;9,097230582;3,896416134
0,740000142;0,7;4,888213669;9,275749932;3,948342039
0,659999798;0,7;4,911441144;9,46686366;4,003862963
0,519999632;0,68;4,930345954;9,690151038;4,065986411
0,420000502;0,7;4,956930297;9,847467288;4,114176921
0,399999984;0,7;4,969939343;10,01640946;4,160748813
0,500000846;0,68;4,995824201;10,21702056;4,219529874
0,599999974;0,62;5,017712145;10,43435482;4,28115942
0,599999974;0,62;5,0350071;10,60700622;4,330087255
0,579999456;0,74;5,075201933;10,84460857;4,402886121
0,54000015;0,74;5,084613269;10,88009123;4,414893897
0,54000015;0,62;5,106320501;11,09949347;4,476980201
0,54000015;0,64;5,139081404;11,38472864;4,559209296
0,54000015;0,7;5,151014594;11,50792142;4,593985221
0,56000067;0,78;5,177758197;11,66247103;4,641537157
0,56000067;0,88;5,184588807;11,66010157;4,643221662
0,56000067;0,82;5,192813405;11,60564616;4,632349342
0,760000662;0,7;5,202634352;11,55073385;4,621894914
0,919999614;0,7;5,213818504;11,49299324;4,611187812
0,919999614;0,7;5,221790585;11,44838528;4,602693183
0,919999614;0,7;5,23297209;11,37620843;4,588376137
0,919999614;0,7;5,242622191;11,31885232;4,577253811
0,85999979;0,72;5,250912354;11,26076552;4,565495498
0,779999446;0,72;5,258573085;11,22218507;4,558403962
0,779999446;0,72;5,270466587;11,18182902;4,552279451
0,760000662;0,7;5,271735304;11,10106583;4,532511558
0,85999979;0,68;5,288653964;11,06260768;4,528536575
0,960000654;0,7;5,290389395;11,00111291;4,51374136
0,940000134;0,64;5,298542725;10,94085324;4,501394218
0,919999614;0,58;5,309250751;10,93465612;4,503414279
0,88000031;0,7;5,357759734;10,69234384;4,45900587
0,90000083;0,84;5,397817334;10,50074636;4,424459036
0,919999614;0,76;5,45119807;10,30465301;4,393229277
0,88000031;0,8;5,490250447;10,09901545;4,354837345
0,90000083;0,9;5,527249556;9,902156364;4,31795561
0,979999438;0,9;5,572517238;9,706257528;4,284070128
0,979999438;0,82;5,609822299;9,525303582;4,251266662
0,979999438;0,78;5,657398591;9,239819436;4,195754389
0,90000083;0,82;5,710744673;9,103812144;4,179534594
0,83999927;0,78;5,754671981;8,910427554;4,145830882
0,960000654;0,84;5,793425239;8,63922915;4,090949034
0,919999614;0,94;5,841825123;8,560411908;4,087378018
0,779999446;0,92;5,879419987;8,160478704;3,999926338
0,700000838;0,94;5,937989453;8,174444628;4,022940975
0,700000838;0,94;6,010502106;7,909177008;3,980794954
0,700000838;0,92;5,987225967;7,773098892;3,939016712
0,799999966;0,9;5,995993537;7,70357937;3,924559355
0,90000083;0,9;6,005676276;7,637163438;3,911182951
0,88000031;0,96;6,014258435;7,56797643;3,896746919
0,88000031;0,94;6,023334984;7,514925078;3,886509598
0,85999979;0,82;6,03273086;7,421786802;3,866356987
0,85999979;0,76;6,043944992;7,384612878;3,86080155
0,88000031;0,78;6,050567394;7,309249122;3,844168078
0,85999979;0,78;6,061875177;7,265110554;3,836902698
0,83999927;0,74;6,073305224;7,150914012;3,812163578
0,820000486;0,74;6,075419201;7,130157048;3,807678996
0,83999927;0,84;6,084894974;7,079365788;3,798139772
0,83999927;0,96;6,103129154;6,99051735;3,782005722
0,83999927;0,96;6,113116931;6,867677334;3,754624977
0,83999927;0,94;6,112743368;6,87537894;3,756425858
0,85999979;0,9;6,195606548;6,976164654;3,809243346
0,799999966;0,88;6,284027417;7,111225278;3,872482125
0,700000838;0,88;6,367072361;7,248411678;3,934460373
0,719999622;0,88;6,436672385;7,369722438;3,987988071
0,680000318;0,98;6,516506498;7,51938927;4,05201615
0,659999798;1,66;6,592136974;7,610301354;4,09995433
0,760000662;1,72;6,670766603;7,7320143;4,156592443
0,85999979;1,12;6,797722948;7,855840506;4,229867776
0,85999979;1,04;6,813644091;8,042441046;4,281824958
0,83999927;1,04;6,942289723;8,219799324;4,369046405
0,799999966;1,06;7,009305435;8,31276171;4,414625573
0,799999966;1,04;7,052663064;8,437425876;4,460244157
0,799999966;0,96;7,167432381;8,589298014;4,53646863
0,799999966;1,7;7,277542794;8,679578142;4,595742134
0,799999966;1,68;7,389962604;8,78152494;4,658702103
0,799999966;0,98;7,14514113;8,749891332;4,569186543
0,799999966;1;6,941106786;8,670594516;4,481350891
0,799999966;1,08;6,74166439;8,588519106;4,39435124
0,820000486;1,08;6,583695772;8,524826592;4,325771905
0,820000486;1,1;6,405741071;8,44668774;4,246918959
0,820000486;1,58;6,250991817;8,382723504;4,179344815
0,820000486;2,82;5,971202006;8,293686624;4,063822325
0,740000142;3,6;5,841346725;8,213326116;4,000447104
0,659999798;2,34;5,596575942;8,11562172;3,894430744
0,659999798;1,1;5,441806456;8,039658888;3,823850207
0,659999798;1,1;5,268703478;7,947983376;3,743230337
0,760000662;2,24;5,128305408;7,855896516;3,673409265
0,85999979;2,06;4,976633272;7,77368895;3,602299995
0,83999927;0,78;4,810476485;7,781874984;3,548960908
0,820000486;0,78;4,413186869;7,654650126;3,384724821
0,799999966;0,78;4,712482722;7,54875462;3,458016229
0,799999966;0,78;4,927741612;7,422678354;3,498250126
0,799999966;0,72;5,101106942;7,321671222;3,530786786
0,799999966;0,64;5,337361837;7,213289136;3,582442896
0,799999966;0,64;5,495556783;7,10036955;3,606944648
0,799999966;0,64;5,708995308;6,997469838;3,652365895
0,799999966;0,72;5,932286101;6,883323462;3,698259566
0,799999966;0,82;6,184686209;6,714316296;3,740141144
0,799999966;0,84;6,422316017;6,605462712;3,792137684
0,799999966;2,38;6,623573058;6,488692296;3,83003076
0,799999966;4;6,703497633;6,431784696;3,842445385
0,799999966;2,48;6,930801269;6,341226186;3,895573636
0,719999622;2,5;7,295990441;6,241081074;3,992267082
0,63999928;2,5;7,321188796;6,095823672;3,964352183
0,63999928;2,5;7,476721689;5,919004117;3,971991592
0,63999928;0,88;7,734157883;5,915531542;4,056935513
0,740000142;0,88;7,871741055;5,885438937;4,095273419
0,83999927;0,88;8,01817101;5,858555292;4,137362493
0,83999927;0,88;8,143908635;5,826916526;4,171365343
0,820000486;0,88;8,325666817;5,799038314;4,224981851
0,799999966;0,88;8,463602478;5,759752899;4,261139051
0,799999966;0,86;8,581162023;5,730334571;4,292970984
0,799999966;0,82;8,787774802;5,696926015;4,353489771
0,799999966;0,74;8,917199088;5,677932857;4,39188291
0,799999966;0,66;9,022731872;5,638377804;4,417171742
0,799999966;0,5;9,189195476;5,629837375;4,470524503
0,799999966;0,54;9,308916932;5,569084254;4,495243374
0,700000838;0,66;9,517616363;5,548268747;4,559605975
0,620000494;0,66;9,556928911;5,535636127;4,569552002
3,14000004;0,66;9,819597599;5,484906944;4,644425936
5,560000458;1,02;9,81983162;5,471547367;4,641164048
5,640000802;1,36;9,846658482;5,445687618;4,643641399
5,71999941;1,36;9,867776098;5,424726898;4,645440424
5,620000282;1,34;9,889169768;5,398837591;4,64609932
6,939999878;1,42;9,917995419;5,378452849;4,650611685
6,960000398;1,5;9,942731934;5,35664463;4,653405136
6,220000256;1,44;9,969569236;5,331764535;4,656130879
5,919999402;1,38;9,993368232;5,305948097;4,657609769
5,859999578;1,38;10,01910956;5,275237225;4,658512493
5,820000274;1,38;10,04036684;5,266354595;4,663377596
5,799999754;1,38;10,07165258;5,22626844;4,663784638
5,799999754;1,38;10,08782308;5,214127339;4,666139529
5,799999754;1,32;10,11612749;5,172071287;4,665060319
3,280000208;1,24;10,13990077;5,157633011;4,669375177
0,760000662;1,24;10,16356026;5,136583468;4,671999289
0,760000662;1,24;10,30090995;5,349661543;4,771052035
0,919999614;1,32;10,44646968;5,568746266;4,874343128
1,280000292;1,44;10,56474829;5,794596459;4,970231879
1,480000284;1,48;10,68779805;6,065337942;5,078933836
3,859999662;1,46;10,86980823;6,248418186;5,185373957
6,240000776;1,56;11,00214656;6,417931686;5,271865107
6,319999384;1,68;11,09369988;6,755238528;5,386709594
3,940000006;1,66;11,2616228;6,905205822;5,480175723
1,500000804;1,66;11,45681412;7,216075746;5,622956976
1,7400001;1,66;11,49039326;7,311116076;5,657910106
1,979999396;1,8;11,70315133;7,6485588;5,813190143
1,979999396;1,96;11,76642022;7,683376362;5,842984163
1,96000061;1,98;11,97835289;7,94112237;5,978064888
4,31999947;1,96;12,1173644;8,332275066;6,122190233
6,700000582;1,92;12,22009908;8,534062728;6,206882041
4,300000684;2;11,90809164;8,330938566;6,052098521
1,820000444;2,14;11,59735364;8,201318622;5,916114204
1,7400001;1,94;11,24112695;8,070297786;5,764616762
1,599999932;1,9;10,92913997;7,926554016;5,62468516
1,519999588;2,02;10,64782851;7,782876;5,494995169
1,519999588;2;10,29422095;7,644449946;5,34251947
1,560000628;1,98;9,966508473;7,510624296;5,199825565
1,680000276;2,08;9,579858784;7,392034056;5,041294775
1,71999958;2,18;9,217888972;7,290258378;4,895194252
1,71999958;2,18;8,967612892;7,206882786;4,790924994
1,71999958;2,16;8,719270603;7,053026274;4,669680103
1,71999958;2,14;8,574900126;6,959941854;4,598285505
1,639999236;2,12;8,245510954;6,77106459;4,441269799
1,96000061;2,1;7,603652066;6,543300438;4,170375798
2,340000074;2,14;7,245430139;6,525406956;4,046495119
2,340000074;2,16;7,438944986;6,747997968;4,166647821
2,360000594;2,2;7,433546695;6,973183722;4,221144829
2,439999202;2,32;7,427203863;7,228851024;4,282947377
2,519999546;2,44;7,423365064;7,487238756;4,34626471
2,519999546;2,44;7,417215734;7,711185618;4,400201649
2,540000066;2,48;7,412970915;8,040471618;4,48110821
2,560000586;2,5;7,405473905;8,20678365;4,520187214
2,420000418;2,5;7,39999285;8,582419926;4,612269265
2,25999973;2,44;7,397189623;8,710784868;4,643426091
2,179999388;2,18;7,388727927;8,930972898;4,695652534
2,100000778;2;7,384541071;9,32344005;4,792373703
2,100000778;2;7,381307062;9,651781596;4,873381086
2,119999564;2;7,36917638;9,89740812;4,930744157
2,28000025;2,1;7,369935128;10,08884496;4,978856283
2,399999898;2,22;7,361130088;10,38887093;5,050927761
2,379999378;2,2;7,371110272;10,2391317;5,016819682
2,340000074;2,2;7,380336788;10,20787255;5,012080399
2,360000594;2,2;7,387938027;10,1826042;5,008297059
2,319999554;2,36;7,39822933;10,14862888;5,003233662
2,239999212;2,54;7,407397453;10,12396445;5,000123596
2,220000426;2,66;7,418372928;10,09112472;4,995572156
2,199999906;2,72;7,429352712;10,05411996;4,989980894
2,28000025;3,08;7,433560099;10,02485126;4,984066182
2,379999378;3,08;7,447778223;10,00690933;4,984320074
2,379999378;2,7;7,449646182;9,962838372;4,973924987
2,360000594;2,72;7,461316727;9,926481648;4,968725988
2,340000074;2,76;7,474791159;9,897592134;4,965995087
2,340000074;2,8;7,481459431;9,861491658;4,959192725
2,340000074;2,66;7,491302608;9,864881904;4,963321345
2,340000074;3,02;7,496114697;9,803763972;4,949645892
2,340000074;2,12;7,608226836;9,659591904;4,950973588
2,340000074;2,08;7,724682137;9,499399722;4,949743976
2,340000074;2,08;7,850188977;9,35327313;4,955047942
2,360000594;2,18;7,956471681;9,202456392;4,952771325
2,379999378;2,28;8,059737182;9,069711186;4,954006857
2,360000594;2,28;8,150692407;8,887076004;4,93866647
2,340000074;2,3;8,259469988;8,765307198;4,944483462
2,340000074;2,3;8,443735994;8,596377534;4,963673048
2,360000594;2,26;8,560627393;8,431242174;4,961353008
2,379999378;2,26;8,617372211;8,191984518;4,920453533
2,360000594;3,1;8,769617439;8,15477751;4,961900191
2,360000594;3,74;8,858377902;7,916913516;4,932021013
2,379999378;2,74;9,000560719;7,81128387;4,953007874
2,399999898;2,24;9,150542398;7,70066559;4,975347197
2,420000418;2,24;9,110760323;7,587183504;4,933715984
2,399999898;2,16;9,009984005;7,40943792;4,855687482
2,379999378;2,08;8,827324457;7,347830646;4,779399147
2,379999378;2,26;8,663302482;7,274401506;4,706367871
2,360000594;2,4;8,47528156;7,21083279;4,627802051
2,340000074;2,26;8,248930418;7,153884774;4,538114666
2,340000074;2,16;8,149980862;7,068585198;4,483806587
2,340000074;2,14;7,973974735;6,996871236;4,407209387
2,360000594;2,14;7,784174837;6,944221158;4,330780235
2,360000594;2,24;7,542063785;6,864146514;4,23005789
2,379999378;2,4;7,42096575;6,813177816;4,176949704
2,379999378;2,48;7,149907719;6,727890396;4,065275172
2,360000594;2,42;7,060531946;6,721284042;4,033831659
2,360000594;2,34;6,775176506;6,588685146;3,905563455
2,28000025;2,34;6,719313023;6,588206208;3,88682256
2,199999906;2,32;6,429567903;6,52104933;3,773451633
2,199999906;2,32;6,662544255;6,566340492;3,862433208
2,199999906;2,32;6,880542663;6,637986024;3,953010727
2,199999906;2,3;7,053904313;6,72629511;4,032875215
2,179999388;2,32;7,239846058;6,810267492;4,115848892
2,28000025;2,34;7,412591096;6,86552088;4,187243919
2,340000074;2,34;7,638192374;6,965676936;4,287483359
2,239999212;2,32;7,825538378;7,039232526;4,368320924
2,220000426;2,32;7,958522153;7,111930296;4,430823292
2,179999388;2,34;8,287103139;7,22147841;4,567737316
2,160000602;2,3;8,49219798;7,242641352;4,641392998
2,160000602;2,26;8,667157931;7,319656962;4,718966884
2,160000602;2,22;8,794127719;7,438348974;4,79096315
2,160000602;2,2;9,068956218;7,525790124;4,904432937
2,160000602;2,26;9,289981206;7,565866896;4,988127126
2,160000602;2,36;9,431879151;7,713438456;5,072319331
2,160000602;2,38;9,191125554;7,623318912;4,969538246
2,160000602;2,42;8,998270545;7,58684586;4,89613498
2,160000602;2,44;8,78850646;7,547940006;4,816487155
2,160000602;2,38;8,562255408;7,52017599;4,734129133
2,179999388;2,3;8,37664333;7,484065362;4,663230784
2,100000778;2,36;8,189596319;7,447112874;4,591643658
2,020000434;2,42;8,052033116;7,396363086;4,53310181
2,03999922;2,36;7,838743838;7,35744309;4,452275385
2,03999922;2,28;7,511045054;7,349325468;4,341013052
2,020000434;2,3;7,371139363;7,306466604;4,283663105
2,140000082;2,3;7,188576345;7,25693436;4,210425705
2,160000602;2,28;7,058029649;7,204296084;4,153750571
2,399999898;2,28;6,674346603;7,166757804;4,016471652
2,700000752;2,34;6,630609637;7,147162584;3,996993858
2,700000752;2,34;6,405314961;7,092906618;3,908331642
2,779999362;2,22;6,310965517;7,093419276;3,877009991
2,779999362;2,16;6,229643018;7,070400996;3,844147922
2,719999538;2,24;6,156323688;7,044576588;3,813252043
2,719999538;2,28;6,071648911;7,020466644;3,778999631
2,740000058;2,26;5,978181127;6,999649398;3,742639392
2,540000066;2,2;5,909133253;6,967630974;3,711618828
2,340000074;2,26;5,850547809;6,9431595;3,685972478
2,360000594;2,38;5,744081809;6,92210397;3,645219929
2,340000074;2,4;5,674548948;6,896087928;3,615538298
2,340000074;2,52;5,562051079;6,882503832;3,574642984
2,360000594;2,6;5,537617546;6,862865418;3,56158887
2,30000077;3,22;5,441188654;6,838917498;3,523458926
2,239999212;3,24;5,383852001;6,799584096;3,494513358
2,220000426;3,26;5,329527291;6,786301392;3,473084445
2,220000426;3,84;5,249144706;6,752539092;3,437849675
2,30000077;3,24;5,179933626;6,843179046;3,437439303
2,420000418;2,62;5,152549767;6,928865244;3,4497329
2,420000418;2,54;5,130228344;7,014992298;3,463824189
2,399999898;2,52;5,104187641;7,078313874;3,470974349
2,379999378;2,52;5,078642486;7,165724664;3,484311995
2,340000074;2,5;5,05428316;7,259582784;3,499656749
2,360000594;2,5;5,02766927;7,368850182;3,518102302
2,360000594;2,5;5,019926044;7,432427946;3,531415668
2,360000594;2,5;4,994812384;7,480022076;3,53494298
2,360000594;2,44;4,957642772;7,62238212;3,558143121
2,360000594;2,44;4,929247853;7,707125454;3,569863981
2,360000594;2,36;4,918703559;7,766698248;3,581242415
2,360000594;2,74;4,899944416;7,798032306;3,582822882
2,360000594;2,72;4,864557657;7,98993396;3,619002709
2,379999378;2,34;4,860191044;7,985545962;3,616450172
2,360000594;2,56;4,871297426;7,893103044;3,59704157
2,25999973;2,5;4,904724085;7,779040026;3,579668035
2,199999906;2,44;4,93081403;7,67343516;3,561963467
2,199999906;2,44;4,964569345;7,556814798;3,544060148
2,179999388;2,44;4,986926198;7,425337998;3,518643232
2,179999388;2,44;5,022167509;7,29634482;3,498142041
2,28000025;2,3;5,057889753;7,18728408;3,482784271
2,420000418;2,16;5,082341379;7,104964962;3,470355034
2,420000418;2,16;5,120073734;6,913438206;3,435050796
2,399999898;2,16;5,152961151;6,835449474;3,426516086
2,399999898;2,2;5,156482718;6,676056294;3,387841646
2,500000762;2,26;5,180531406;6,624263376;3,382909646
2,62000041;2,26;5,242667671;6,437561568;3,356946282
2,59999989;2,22;5,241857439;6,34903797;3,334545305
2,59999989;4,16;5,267767678;6,184333098;3,302005834
2,59999989;4,1;5,250113886;6,11160432;3,277939042
2,62000041;4,3;5,218093474;5,991646589;3,237276139
2,59999989;6,48;5,184338538;5,902945138;3,20384913
2,57999937;6,48;5,146000413;5,801198446;3,165633083
2,560000586;6,58;5,102784856;5,661568181;3,116320331
2,560000586;6,68;5,070524571;5,542030329;3,075682439
2,500000762;6,68;5,036311195;5,478574891;3,048414121
2,420000418;6,64;5,017534238;5,342966645;3,008253074
2,420000418;6,62;4,976547275;5,284461952;2,97996458
2,399999898;6,62;4,920061817;5,160398079;2,930120126
2,500000762;6,62;4,886556331;4,985867081;2,87531888
2,59999989;6,6;4,848823615;4,895066436;2,840041147
2,59999989;6,56;4,826172961;4,812604084;2,811875341
2,57999937;6,58;4,81171425;4,724403998;2,78500575
2,540000066;4,4;4,777134358;4,641106244;2,75265468
2,540000066;2,24;4,809257562;4,629678842;2,760505565
2,540000066;2,26;4,860312073;4,668600337;2,787254109
2,540000066;2,26;4,906283488;4,701605228;2,810829136
2,540000066;2,26;4,952821048;4,74341494;2,836794084
2,540000066;2,26;5,00229221;4,775250953;2,861243475
2,540000066;4,38;5,040281341;4,802246581;2,880655425
2,540000066;6,48;5,106627481;4,835479859;2,911079125
2,540000066;6,46;5,154931305;4,895560402;2,942200535
2,540000066;4,2;5,19567497;4,922665144;2,962557943
2,540000066;2,02;5,236742382;4,972706013;2,988757297
2,540000066;2,12;5,2903946;4,990095484;3,010988738
2,459999722;2,12;5,327276291;5,047923658;3,037739678
2,379999378;2,12;5,414628034;5,066464092;3,071492034
2,399999898;2,1;5,422611226;5,085628366;3,078944167
2,399999898;4,28;5,513193585;5,114458252;3,116345758
2,480000242;6,48;5,470863426;5,164078094;3,114640666
2,59999989;6,44;5,460687387;5,196668299;3,119396204
2,59999989;4,24;5,452140546;5,221985781;3,122876627
2,57999937;2,1;5,442268455;5,251514321;3,126968066
2,519999546;2,1;5,434382811;5,283745687;3,132397359
2,420000418;2,1;5,421965252;5,312373164;3,135415042
2,399999898;2,1;5,416861631;5,344488269;3,141742611
2,360000594;2,04;5,406776291;5,365845076;3,143720033
2,30000077;4,24;5,398217881;5,396506322;3,148532541
2,340000074;6,6;5,391663588;5,439685918;3,157142676
2,319999554;6,68;5,377107791;5,474970383;3,161111859
2,28000025;4,42;5,365231981;5,49089666;3,161134825
2,28000025;2,24;5,358666636;5,517974243;3,165715773
2,28000025;2,24;5,352263482;5,572268378;3,177154922
2,25999973;2,26;5,346258089;5,59568713;3,181007812
2,25999973;2,42;5,327080996;5,561780136;3,166138699
2,179999388;2,44;5,310334446;5,539038963;3,154871223
2,100000778;2,2;5,296810386;5,516739822;3,144788418
1,999999916;4,14;5,284676246;5,485217684;3,13286317
1,919999572;6,16;5,26927501;5,466413512;3,123028381
1,999999916;6,02;5,255285233;5,440050139;3,111774279
2,119999564;3,78;5,239870452;5,41718423;3,100919541
2,140000082;1,56;5,218427502;5,385780512;3,085920962
2,140000082;1,48;5,20816007;5,3761568;3,080092557
2,119999564;1,5;5,198660397;5,355105715;3,071663228
2,080000258;1,58;5,184701313;5,333034632;3,061492429
2,080000258;1,58;5,171876492;5,310333089;3,051542103
2,05999974;1,58;5,142590064;5,267561448;3,03108705
2,080000258;1,58;5,124830824;5,25006785;3,020793904
2,080000258;1,44;5,110376384;5,209832119;3,005916824
2,080000258;1,28;5,119875;5,207363689;3,008465922
2,080000258;1,28;5,119875;5,187854795;3,003588699
2,080000258;1,18;5,119875;5,170036991;2,999134248
2,080000258;1,12;5,119875;5,149968128;2,994117032
2,100000778;1,12;5,119875;5,135318617;2,990454654
2,080000258;1,12;5,119875;5,117830827;2,986082707
1,999999916;1,1;5,119875;5,09895575;2,981363938
1,919999572;1,1;5,119875;5,080739031;2,976809758
1,919999572;1,1;5,119875;5,063577819;2,972519455
1,900000786;1,1;5,119875;5,036798892;2,965824723
1,999999916;1,12;5,119875;5,019986985;2,961621746
2,100000778;1,1;5,119875;5,013232196;2,959933049
2,119999564;1,08;5,119875;4,985851873;2,953087968
2,140000082;1,12;5,119875;4,964051677;2,947637919
2,100000778;1,12;5,119875;4,960176971;2,946669243
2,080000258;1,08;5,121668078;4,978179503;2,951767568
2,080000258;1,08;5,123634637;5,000996082;2,958127233
2,220000426;0,98;5,125269415;5,028840043;2,965633149
2,360000594;0,6;5,127082371;5,051404772;2,97187865
2,360000594;0,88;5,128760585;5,074546478;2,978223481
2,379999378;0,88;5,13077254;5,103339158;2,986092303
2,379999378;0,88;5,133118545;5,118418724;2,990644196
2,379999378;0,88;5,135209516;5,143453271;2,997599823
2,379999378;0,88;5,13682943;5,176202211;3,006327029
2,379999378;0,88;5,137857247;5,194257262;3,011183398
2,379999378;0,86;5,140071344;5,216734625;3,017540771
2,30000077;0,82;5,142969731;5,236109384;3,02335059
2,220000426;0,74;5,144137428;5,269826248;3,032169038
2,199999906;0,66;5,145080662;5,301686162;3,040448428
2,220000426;0,5;5,147912829;5,299139429;3,0407558
2,340000074;0,54;5,149431075;5,251592662;3,029375191
2,480000242;0,66;5,15120445;5,183317505;3,012897526
2,340000074;0,66;5,152915343;5,109372455;2,994981561
2,399999898;0,66;5,154787621;5,056009346;2,982264877
2,30000077;0,88;5,156953001;4,992174121;2,967027864
1,639999236;0,88;5,158764308;4,93618716;2,953634893
1,280000292;0,88;5,160141898;4,873189121;2,93834458
1,300000812;0,88;5,16163609;4,782615923;2,916199344
1,319999598;0,88;5,164207225;4,700691776;2,896575352
1,19999995;0,88;5,165402592;4,664742411;2,887986467
0,919999614;0,88;5,16788945;4,5996074;2,872531667
1,10000082;0,88;5,170512019;4,558872479;2,863222126
1,42000046;0,88;5,171807501;4,465790491;2,840383456
1,42000046;0,86;5,172789609;4,356506407;2,813389805
1,42000046;1,02;5,176206188;4,371367739;2,818243997
1,42000046;1,36;5,134243568;4,283661526;2,782329904
1,17999943;1,36;5,092396814;4,237457561;2,756829995
1,10000082;1,34;5,045748425;4,204344177;2,733002186
1,259999774;1,42;5,0101366;4,156720147;2,70922557
1,500000804;1,5;4,956133805;4,107149274;2,67883192
1,96000061;1,44;4,925093684;4,061983697;2,657193819
2,160000602;1,38;4,878524971;4,029832439;2,6336331
2,160000602;1,38;4,826792106;3,976607848;2,603082664
2,199999906;1,38;4,784232816;3,943400138;2,580594307
2,179999388;1,38;4,745102739;3,892402673;2,554801581
2,30000077;1,38;4,720149724;3,870540531;2,541018374
2,420000418;1,32;4,654073118;3,839636176;2,51126675
2,179999388;1,24;4,63242378;3,767165681;2,48593268
1,940000092;1,24;4,592852365;3,721531489;2,461333661
1,919999572;1,24;4,562433344;3,700219556;2,445866004