7,352657884;2,981003694
8,124192787;2,969272034
8,756898836;2,945142568
9,395099991;2,917359875
9,825815378;2,893642644
10,7391588;2,844050824
10,43674492;2,857317646
10,27315007;2,877272751
10,11166977;2,900238413
9,953994182;2,919140686
9,805533796;2,935359368
9,652606484;2,952206592
9,439306138;2,975391569
9,256646351;2,990537844
9,105357422;3,010597766
9,058673009;2,88288
8,813853231;2,88288
8,645801524;2,88288
8,555156018;2,88288
8,364350507;2,88288
8,106917329;2,88288
8,076134702;2,88288
7,967412578;2,88288
7,851349756;2,88288
7,755675293;2,88288
7,628911631;2,88288
7,528560311;2,88288
7,463969107;2,88288
7,285148271;2,88288
7,213017751;2,88288
7,143805413;2,88288
7,053270867;2,88288
6,955005693;2,88288
6,85795464;2,88288
6,710078644;2,88288
6,569341756;2,88288
6,145389476;2,88288
5,730683591;2,88288
5,310179884;2,88288
4,952593351;2,88288
4,537072898;2,88288
4,028828135;2,88288
3,698548532;2,88288
3,2220859;2,88288
2,952646888;2,88288
2,41249644;2,957364882
1,747314438;3,038911809
1,606162997;3,120421214
1,375356391;3,192233464
0,839722723;3,25598848
0,267002718;3,357466028
0,482190545;3,413840152
0,64953779;3,515622169
0,833769635;3,578190586
7,352657884;3,686800089
8,124192787;3,774314725
8,756898836;3,846082106
9,395099991;3,918472793
9,825815378;3,967328522
10,7391588;4,070928395
10,43674492;4,059830817
10,27315007;4,065944804
10,11166977;4,071979766
9,953994182;4,077872534
9,805533796;4,083420906
9,652606484;4,089136219
9,439306138;4,097107838
9,256646351;4,103934334
9,105357422;4,109588416
9,058673009;4,111333141
8,813853231;4,120482727
8,645801524;4,126763279
8,555156018;4,130150951
8,364350507;4,137281876
8,106917329;4,146902859
8,076134702;4,114707048
7,967412578;4,084146252
7,851349756;4,051522053
7,755675293;4,024628837
7,628911631;3,988996729
7,528560311;3,96078889
7,463969107;3,942632892
7,285148271;3,892367989
7,213017751;3,872092759
7,143805413;3,852637803
7,053270867;3,827189369
6,955005693;3,799567927
6,85795464;3,772287763
6,710078644;3,730721171
6,569341756;3,691161317
6,145389476;3,662649075
5,730683591;3,632894663
5,310179884;3,602724269
4,952593351;3,57706807
4,537072898;3,547255215
4,028828135;3,510789556
3,698548532;3,48709258
3,2220859;3,452907232
2,952646888;3,433575461
2,41249644;3,394820625
1,747314438;3,347094997
1,606162997;3,336967632
1,375356391;3,320407667
0,839722723;3,281976902
0,267002718;3,240885259
0,482190545;3,224791387
0,64953779;3,207862325
0,833769635;3,189225196
1,021355564;3,170248762
1,212823128;3,150879658
1,389091185;3,133048156
1,501197152;3,121707372
1,782538345;3,093246536
1,883234905;3,083059943
2,086016215;3,062546326
2,354552778;3,035380823
2,534848459;3,017141881
2,688557528;3,001592475
2,774133113;2,992935539
3,056143544;2,964407002
3,00624293;2,990916004
3,040833148;3,008600554
3,079106354;3,028168064
3,10847399;3,043182525
3,141679814;3,060159292
3,177094719;3,078265471
3,212531492;3,096382831
3,240158661;3,110507462
3,28997733;3,13597769
3,339178194;3,161132062
3,369980933;3,176880231
3,383128368;3,183601972
3,438278395;3,211797904
3,440625009;3,212997631
3,513972602;3,250497228
3,525028992;3,219619861
3,550231086;3,196045669
3,578871832;3,16925494
3,601319635;3,148257128
3,624579343;3,126499856
3,654851335;3,09818325
3,674536044;3,079770053
3,698309897;3,057531846
3,728604658;3,029193943
3,744289728;3,014522032
3,780122655;2,981003694
3,792664437;2,969272034
3,81846015;2,945142568
3,84816136;2,917359875
3,87351637;2,893642644
3,80391417;2,84041813
3,728726434;2,801055677
3,642512373;2,755920698
3,562183209;2,713866593
3,490015338;2,676085108
3,379603721;2,61828217
3,34267294;2,598948084
3,2200371;2,534745493
3,141547148;2,493654257
3,080048577;2,461458387
3,044199908;2,442690811
2,944189979;2,390333388
2,789044112;2,309111074
2,73712148;2,281928422
2,714445848;2,270057224
2,953687408;2,25228
3,198840688;2,25228
3,493220709;2,25228
3,78905328;2,25228
4,015891513;2,25228
4,229498696;2,25228
4,582600404;2,25228
4,865571413;2,25228
5,014062738;2,25228
5,472721471;2,25228
5,640089844;2,25228
5,840688756;2,25228
6,116454627;2,25228
6,51467924;2,25228
6,721284076;2,25228
6,737900507;2,258250461
6,754159418;2,26407856
6,771824591;2,270410742
6,784995027;2,275131759
6,805435062;2,282458606
6,82612216;2,289874013
6,838278138;2,294231393
6,852943107;2,299488134
6,876559964;2,307953732
6,88276892;2,310179367
6,897726667;2,315541056
6,921142724;2,323934675
6,938238636;2,330062801
6,961289249;2,338325426
6,977489587;2,344132529
6,974510369;2,34234
6,976400178;2,34234
6,978325991;2,34234
6,98046936;2,34234
6,982500076;2,34234
6,985152076;2,34234
6,987194458;2,34234
6,988298036;2,34234
6,991279707;2,34234
6,992758382;2,34234
6,994749729;2,34234
6,997494222;2,34234
6,999435751;2,34234
7,000798889;2,34234
7,001205533;2,34234
6,753331107;2,34234
6,500617582;2,34234
6,234632378;2,34234
6,027766342;2,34234
5,731149564;2,34234
5,501433804;2,34234
5,312969827;2,34234
5,05500308;2,34234
4,753661964;2,34234
4,486827747;2,34234
4,270159386;2,34234
3,8624415;2,34234
3,682925193;2,34234
3,57259757;2,34234
3,347902338;2,34234
3,260376757;2,354673177
3,306890925;2,366730902
3,349620813;2,37780764
3,389932848;2,388257605
3,442643756;2,401921692
3,489738576;2,414129938
3,538316024;2,42672252
3,595676928;2,441592012
3,650624026;2,455835779
3,670728708;2,461047454
3,70671845;2,470376965
3,796232918;2,493581525
3,826030344;2,501305821
3,88974185;2,51782156
3,917348083;2,524977839
4,112266088;2,516426718
4,305947051;2,51065296
4,483553493;2,505358394
4,720982036;2,498280492
4,93818184;2,491805622
5,13479728;2,485944385
5,25594176;2,482332988
5,46319892;2,476154515
5,766847498;2,467102549
5,921071902;2,462505017
6,097698116;2,457239673
6,273559524;2,451997128
6,444007102;2,446915972
6,853662978;2,434703859
6,898135489;2,433378104
6,931186751;2,43246
6,933628231;2,43246
6,9356174;2,43246
6,938329751;2,43246
6,940501347;2,43246
6,943326018;2,43246
6,944745942;2,43246
6,947575898;2,43246
6,95017036;2,43246
6,951341716;2,43246
6,954641538;2,43246
6,957763458;2,43246
6,958211578;2,43246
6,96231744;2,43246
6,965159764;2,43246
6,980967462;2,444487793
6,996212164;2,455294364
7,014107142;2,467979647
7,034986916;2,482780775
7,045715253;2,490385814
7,068464684;2,506512292
7,080967284;2,515375058
7,096600524;2,526457054
7,117168689;2,541037291
7,131879991;2,55146575
7,158231378;2,570145559
7,164432382;2,574541289
7,175751476;2,582565099
7,195422382;2,596509295
7,209425853;2,60643599
7,422022907;2,61264
7,618615156;2,61264
7,820597067;2,61264
8,021778516;2,61264
8,21113156;2,61264
8,378730444;2,61264
8,546056338;2,61264
8,851802071;2,61264
8,964178307;2,61264
9,214265933;2,61264
9,385606449;2,61264
9,627579093;2,61264
9,726297791;2,61264
9,925741444;2,61264
10,23966754;2,61264
10,51138983;2,600059258
10,79643355;2,589138382
11,15688659;2,575328351
11,48744429;2,5626637
11,80358388;2,550551449
12,11161729;2,53874977
12,32482045;2,53058132
12,80335647;2,512247178
13,10267944;2,500779222
13,42559418;2,488407395
13,72735918;2,476845878
13,93542381;2,468874301
14,40194873;2,45100034
14,76072654;2,437254491
14,66212585;2,441032178
14,61922543;2,438601544
14,36628329;2,444427557
14,09672634;2,450636258
13,79267061;2,45763957
13,53729136;2,463521716
13,2472926;2,470201254
13,08948833;2,473835957
12,84693734;2,479422631
12,58291135;2,485503938
12,32179277;2,491518279
12,00470874;2,498821671
11,82501952;2,502960451
11,35623904;2,513757865
11,17420312;2,517950696
10,8641939;2,525091134
10,43983416;2,545782452
9,908509031;2,568842528
9,388991018;2,591390163
8,735473422;2,619753522
8,183255302;2,643720376
7,696116476;2,66486272
7,28605172;2,682659966
6,698436769;2,70816308
5,990634769;2,73888244
5,281514342;2,769659021
4,727387636;2,79370871
4,044907781;2,823329062
3,567459531;2,844050824
3,261779893;2,857317646
2,801996119;2,877272751
2,802345553;2,900238413
2,943412905;2,919140686
3,064452659;2,935359368
3,190183213;2,952206592
3,363212311;2,975391569
3,476248716;2,990537844
3,635441176;3,011868785
3,706352735;3,021370556
3,875780638;3,044072992
4,025347339;3,064114132
4,204714535;3,08814838
4,353072532;3,10802756
4,395086915;3,113657264
4,531530373;3,13193996
4,609805613;3,142428425
5,428891222;3,177582602
6,103905227;3,199876937
6,952156404;3,227892944
7,56856504;3,248251664
8,310191311;3,272746067
8,915454391;3,292736671
9,561483653;3,3140737
10,67469767;3,350840888
11,43411359;3,375922847
11,93727303;3,392541177
12,97324631;3,426757261
13,52832205;3,445090281
13,84390526;3,45551335
14,39486932;3,47371057
15,19686036;3,500198698
16,68651073;3,548911518
17,86423372;3,587280716
19,0097036;3,624599135
19,86973849;3,65261833
21,29492628;3,699049717
22,01534171;3,722520229
23,51164396;3,771268465
24,07672446;3,789678299
25,45010401;3,834421819
27,01120827;3,885281248
27,80444476;3,911124208
29,46786874;3,965317124
29,71658485;3,973420081
31,20733632;4,021987476
31,67844051;4,037335643
30,65730866;4,083784481
28,93398423;4,117131331
27,60973876;4,142755881
25,73154875;4,179099426
24,27997781;4,207187762
23,31936223;4,225775965
21,35006546;4,263882452
19,55829809;4,298553693
18,36230181;4,321696583
17,21108142;4,343973046
15,01807288;4,386408424
12,733954;4,430606815
11,09230396;4,46237324
9,402641516;4,495068719
8,133099813;4,519634735
8,843145964;4,595980138
8,767992973;4,691335906
8,694482293;4,784607868
8,623787542;4,874306926
8,572105964;4,939881646
8,507133302;5,022320392
8,417771244;5,135704931
8,370325649;5,195904947
8,280175493;5,310289444
8,218550862;5,388480134
8,143634462;5,483535707
8,020964;5,639182689
7,9580804;5,718970782
7,876657524;5,822281917
7,876345951;5,822677248
10,30211443;5,959106833
13,15635911;6,079270884
15,69920064;6,186324822
18,22032087;6,292464294
20,32331359;6,381000546
23,31163516;6,506809248
25,02679137;6,579017538
28,25156032;6,714780702
30,24635246;6,798761694
33,08671127;6,918341148
37,33307671;7,097113656
39,73511554;7,198239786
40,42135108;7,227130386
43,35902726;7,35080691
47,26781022;7,515367152
45,30248956;7,384865388
44,39638323;7,30611552
43,34506913;7,214745612
42,40142522;7,132733346
41,0787121;7,017776106
39,91487498;6,916626804
39,2735479;6,860888946
37,9155824;6,742867914
37,37564431;6,695941794
36,1320676;6,587862312
34,58264959;6,453202104
33,68553341;6,375233568
32,62977557;6,283477458
31,34299248;6,1716429
31,13859797;6,153878934
29,16850523;6,07734663
27,63240169;6,031959108
25,7238314;5,975566241
24,13197778;5,92853146
22,42421071;5,878071763
20,83188644;5,831023076
19,10189575;5,779906735
17,93342063;5,745381593
16,72450414;5,709661523
15,11135886;5,661997634
12,36520311;5,580856483
12,22152235;5,576611122
9,586315147;5,498748188
7,316692773;5,431687253
5,333284213;5,373083129
7,8754666;5,381471451
9,210258222;5,359420465
10,79946105;5,333166562
12,06699464;5,31222669
13,5517742;5,287697878
15,56743284;5,254398852
16,26588439;5,242860313
18,3834628;5,207877555
19,30741815;5,192613655
20,93158424;5,165782153
21,78398748;5,151700306
23,11017663;5,129791434
26,01573935;5,08179104
25,91246608;5,083497133
29,07536042;5,031245576
27,79517673;5,050984219
27,34583936;5,056983965
26,91063808;5,062794959
26,52470185;5,067948146
25,93983044;5,0757576
25,58017608;5,08055986
25,04623703;5,087689244
24,54294871;5,094409366
24,119045;5,10006951
23,74715675;5,105035122
23,13635578;5,113190799
23,06982805;5,114079106
22,66683136;5,119460091
21,98286422;5,128592714
21,73165077;5,131947024
20,71752544;5,197070071
20,06503265;5,249295078
19,33077201;5,30806472
18,5130028;5,373518321
17,83849399;5,427505473
16,78328872;5,511963269
16,30585025;5,550177067
15,49317505;5,615222947
14,89459348;5,663132943
13,92996059;5,740341397
13,22027196;5,797144315
12,05523374;5,890393052
11,57925135;5,928490307
10,62193137;6,00511344
10,69998905;5,998865767
10,45266308;6,113533848
10,65332406;6,185050968
10,89919202;6,272680218
11,13182431;6,355592166
11,35061107;6,433569456
11,49197393;6,483952278
11,79580058;6,592238448
11,95398824;6,648617754
12,17695218;6,72808383
12,47554376;6,83450418
12,55031056;6,861151644
12,79899116;6,949783338
13,06572555;7,04484954
13,32891782;7,1386533
13,45782766;7,184597766
13,26954295;7,147527576
13,02418159;7,089358242
12,72962156;7,019525076
12,49184588;6,963154128
12,29548861;6,916602498
11,97917061;6,841611036
11,83029942;6,806317224
11,43727847;6,713141316
11,3548078;6,693589488
11,01713794;6,613536012
10,6864838;6,53514579
10,62120538;6,519669834
10,24935878;6,431513862
10,09002395;6,393739368
9,689579271;6,29880348
9,560733676;6,422708724
9,393889004;6,543744552
9,20546868;6,680432232
9,091865596;6,762844476
8,878369649;6,917723016
8,749313693;7,01134539
8,524870756;7,174165326
8,423815676;7,247474742
8,247337693;7,375498962
7,990686813;7,561683828
7,838732133;7,671917862
7,6566778;7,80398739
7,475513351;7,935411366
7,488968698;7,925650314
7,275148324;8,08076421
7,405889858;7,97928186
7,571395587;7,852695138
7,74867308;7,717104798
7,878633982;7,617704466
8,04707328;7,488874008
8,199107044;7,37259129
8,337292724;7,266900252
8,580445973;7,080924978
8,689835556;6,997258578
8,809101124;6,906038544
9,012276191;6,7506405
9,139733996;6,65315466
9,289344796;6,538725138
9,564780324;6,328058826
9,590013444;6,308759328
9,979939458;6,234874854
10,20846968;6,250708434
10,48982609;6,27020205
10,71598218;6,28587114
11,00097934;6,305617002
11,32779937;6,328260534
11,55965507;6,34432452
11,88742028;6,367033536
12,02684951;6,376693812
12,28837315;6,394813326
12,65118258;6,419950362
12,95678765;6,441124026
13,1485968;6,454413414
13,23175969;6,460175304
13,54112937;6,4816098
13,46357157;6,609722268
13,31694379;6,731945196
13,14829257;6,87252597
13,01770366;6,981379554
12,81900805;7,1470041
12,67064198;7,270676004
12,53954785;7,379950722
12,35498941;7,533791094
12,27587634;7,599736524
12,07920128;7,763676822
11,92468302;7,892476938
11,83176871;7,969926516
11,62804096;8,13974565
11,57615486;8,182995786
11,27400389;8,434856502
11,66184704;8,160302172
11,96792423;7,951767612
12,22616752;7,77582294
12,6300158;7,500675612
12,8162365;7,373800908
13,14652972;7,148767644
13,47453643;6,925292202
13,78870372;6,711245748
14,02561324;6,549836064
14,56349221;6,18337179
14,60942564;6,152076726
15,13876142;5,791433044
15,40896019;5,607342942
15,57774955;5,49234445
15,79197351;5,346390752
15,48879265;5,43872648
15,01985378;5,646866462
14,63761307;5,816525195
14,14924901;6,033287106
13,67803256;6,242438004
13,14374757;6,479582064
12,6283453;6,70834497
12,11485238;6,936260412
11,73648273;7,104200958
11,31256168;7,292359644
10,73591429;7,54830639
10,51630012;7,645782828
9,750449236;7,98570813
9,342835924;8,166628572
8,786641284;8,4134973
9,078923898;8,01417525
9,088373133;7,759455312
9,100755218;7,425675384
9,110213289;7,170717192
9,121282844;6,872318784
9,130743316;6,617295894
9,144045591;6,258710724
9,148007076;6,15192225
9,162921738;5,749872516
9,16782852;5,617601996
9,176750804;5,377086853
9,193391191;4,928517241
9,202677018;4,678202237
9,216146702;4,315104262
9,215645951;4,328602917
9,402237316;4,115473342
9,602164844;4,083588479
9,80212696;4,051698098
9,951922436;4,027808401
10,16729688;3,99346003
10,36052108;3,962644228
10,55431085;3,931738227
10,659595;3,914947288
10,87809482;3,880100477
11,04488439;3,853500525
11,29936064;3,812916116
11,53501544;3,775333391
11,77241062;3,737473108
11,73473769;3,743481266
12,13832338;3,67911657
12,29918599;3,73100787
12,53318516;3,765573158
12,76913128;3,800426042
12,98116746;3,831747058
13,22627543;3,867953287
13,53565992;3,91365415
13,76983572;3,948245528
14,03114632;3,986845136
14,23143456;4,016430801
14,55753255;4,064600505
14,71840505;4,088363857
15,08970056;4,143209932
15,0826174;4,14216364
15,50838959;4,205056763
15,81902386;4,250942239
16,05465786;4,23426
16,41848643;4,23426
16,80982301;4,23426
17,13062054;4,23426
17,53278567;4,23426
17,85396345;4,23426
18,28530125;4,23426
18,52930281;4,23426
18,77040126;4,23426
19,40771023;4,23426
19,57840244;4,23426
19,97648379;4,23426
20,40812987;4,23426
20,45366364;4,23426
20,94490427;4,23426
20,15893511;4,23426
19,42106066;4,23426
18,60456011;4,23426
17,72170615;4,23426
16,85937914;4,23426
15,81023359;4,23426
15,29106761;4,23426
14,32391673;4,23426
13,26674883;4,23426
12,2895041;4,23426
11,67916057;4,23426
10,45729779;4,23426
9,570431938;4,23426
9,043240942;4,23426
7,816525902;4,23426
8,558067307;4,29668553
8,755342422;4,352521657
9,005706338;4,423383871
9,219430644;4,483875725
9,384054662;4,530470389
9,646720364;4,604814461
9,797400093;4,647462377
9,976822329;4,698245481
10,29303403;4,787745045
10,48745063;4,842772106
10,69501416;4,901520233
10,8178305;4,936281783
11,03605045;4,99804607
11,39703845;5,100218978
11,54816327;5,14299287
11,30043881;5,205803192
11,08064202;5,276365073
10,86549414;5,345434502
10,62199725;5,42360488
10,3906848;5,49786366
10,23155436;5,548949677
10,00180151;5,622707776
9,722593782;5,712342488
9,491589187;5,786502436
9,273228409;5,856603309
9,144348742;5,897977851
8,919221382;5,970251017
8,628494964;6,063583602
8,316613076;6,163707774
8,058427596;6,246593664
8,152494236;6,2527674
8,152015898;6,288901584
8,151478729;6,32948025
8,151063973;6,360811218
8,150643071;6,392606868
8,150202507;6,425887548
8,149733564;6,461312226
8,149185271;6,50273091
8,148655702;6,54273534
8,14800916;6,591575964
8,147826871;6,605346174
8,147378684;6,63920274
8,14670256;6,690278028
8,14648596;6,706640328
8,146056911;6,73905123
8,120738356;6,859660086
8,09301908;6,97334916
8,070681338;7,06496616
8,039797693;7,191633726
8,013295093;7,30033266
7,994412582;7,377778224
7,963214716;7,505734542
7,929214156;7,645185954
7,906874818;7,7368095
7,884791991;7,827381
7,855202311;7,948741422
7,832920693;8,040128256
7,817997831;8,101333536
7,76652508;8,31244617
7,739994218;8,421261024
7,866052049;8,438871588
7,982714462;8,499894924
8,097967916;8,560181268
8,21508396;8,621441886
8,309608667;8,67088551
8,459422356;8,749249494
8,570718382;8,807465796
8,69086088;8,870309484
8,746465684;8,899395036
8,841871876;8,949299748
9,043598031;9,054817902
9,17111504;9,12151902
9,252774858;9,164233326
9,286511129;9,181879968
9,442287253;9,263362758
9,440610747;9,204102852
9,408964164;9,13007121
9,378602609;9,059045676
9,353620813;9,000605136
9,315943484;8,912465616
9,295674031;8,865048786
9,255777711;8,771718336
9,227293947;8,705085552
9,190898564;8,619944928
9,166696529;8,563328502
9,149762151;8,523713502
9,10517808;8,419416864
9,073559036;8,345449656
9,062549431;8,319694608
9,006298951;8,188106466
9,026993124;8,003951676
9,045115431;7,78889997
9,062812911;7,578889554
9,075876822;7,423864254
9,092429849;7,227434712
9,1067516;7,057483038
9,130178102;6,779488092
9,147145658;6,578139498
9,162759111;6,392859552
9,175575289;6,240774
9,196747422;5,989530979
9,21139536;5,815708519
9,231012524;5,582917861
9,253134413;5,320404377
9,256922022;5,275457996
9,296614733;5,213138877
9,328344284;5,202328458
9,363972071;5,190189889
9,406208258;5,175799805
9,433751062;5,16641583
9,463326089;5,156339468
9,512858382;5,139463562
9,547107618;5,127794674
9,583149133;5,115515145
9,627207684;5,100504172
9,635946822;5,097526703
9,691282444;5,078673575
9,71413412;5,070887891
9,764281196;5,053802528
9,779643804;5,048568409
9,687463151;5,008464785
9,590787724;4,973980358
9,474411431;4,932468569
9,390393969;4,902499278
9,275881729;4,861652402
9,168533644;4,823361005
9,104081858;4,80037085
8,967386911;4,751611335
8,854314769;4,711278148
8,756895009;4,676528213
8,714817644;4,661519086
8,625799978;4,629766206
8,43496848;4,561696013
8,307744902;4,516314964
8,236482582;4,490895472
9,723426822;4,448233269
11,08838353;4,39522291
12,43292077;4,343005574
13,58893834;4,298109713
15,30286884;4,231546378
16,86029664;4,171061084
18,32692742;4,114102043
19,10051821;4,084058361
21,0923571;4,006701992
22,4395228;3,954382576
24,30693905;3,881858366
24,82831636;3,861609814
25,55576315;3,833358209
27,39956782;3,761750995
28,76456656;3,708739004
29,23889336;3,71772655
29,31883378;3,739632894
29,4036412;3,76287296
29,49281167;3,787308647
29,60200995;3,81723262
29,69669859;3,843180469
29,77257454;3,863973015
29,84088818;3,882693233
29,92225338;3,904990015
29,9869394;3,922716143
30,15125508;3,967744127
30,17675866;3,974732959
30,34629765;4,021192306
30,33293463;4,017530389
30,47064456;4,05526751
29,45279635;4,125277023
28,3561421;4,202314399
27,26094668;4,279249295
26,41942244;4,33836439
25,12559974;4,429252384
24,54495079;4,470041605
23,61859562;4,535115871
21,92653861;4,653978887
20,83484314;4,730667921
20,11427397;4,781286206
19,68121529;4,811707558
17,68416548;4,951995599
16,66252586;5,023763374
16,00399104;5,070023893
15,13741268;5,13089898
15,37299696;5,146652607
15,68878268;5,158903431
16,02797515;5,172062314
16,31803938;5,183315279
16,62440199;5,195200536
16,99587693;5,209611809
17,13942868;5,215180861
17,49534903;5,228988697
17,763632;5,239396664
18,0284457;5,249670042
18,41092333;5,264508161
18,93865428;5,284981345
18,96633405;5,286055174
19,62353357;5,311551056
19,54996044;5,308696807
19,3087369;5,219558238
18,90431344;5,125643434
18,46019064;5,022509687
18,00409992;4,916596762
17,69456044;4,844715819
17,29470744;4,751862362
16,94588982;4,670860289
16,5145058;4,570684729
15,90001684;4,427988727
15,41353415;4,315018212
15,10338869;4,242996549
14,74673948;4,16017583
14,23313784;4,040907779
14,19132984;4,03119917
13,27171699;3,817647607
13,39797865;3,800583895
13,29357927;3,734586655
13,17184118;3,657628552
13,05646892;3,584694683
12,93684241;3,509071445
12,79812326;3,421378571
12,7103728;3,365906134
12,59480021;3,292845622
12,44298581;3,196874443
12,4238527;3,184779232
12,23991804;3,068502874
12,2006555;3,043682616
12,01573402;2,926782423
11,8692527;2,834182611
11,88380253;2,84338045
12,68683617;2,88310559
13,53032746;2,969350102
14,4895299;3,067425742
15,36258693;3,156693265
16,01607405;3,223510408
17,29709943;3,354491499
18,25098961;3,452023976
18,62753482;3,49052462
19,39538831;3,56903539
21,04463276;3,737665804
21,42584573;3,776643712
22,65062152;3,901873448
23,74257837;4,013522837
24,59797298;4,100984429
25,63243741;4,206755387
24,18985392;4,067650814
23,28961986;3,984708204
22,37583576;3,900517167
21,50355005;3,820149563
20,64374721;3,740932062
20,17188628;3,697457393
18,84723568;3,575411378
18,15400841;3,511541233
17,33795745;3,43635479
16,3440683;3,344783315
15,69083404;3,284597905
14,48009374;3,173046958
14,39999796;3,165667374
12,96983503;3,033900034
12,19063822;2,962109129
12,25484644;3,15342084
12,20374692;3,324157123
12,1394064;3,539134873
12,08416284;3,723717397
12,03511619;3,88759454
11,99789132;4,011972133
11,93081084;4,236104779
11,87825444;4,411708846
11,84446917;4,524593887
11,77557942;4,754771758
11,69755506;5,015470667
11,64318353;5,197139535
11,63444841;5,226325746
11,56052694;5,473315869
11,47584527;5,756258503
12,10330939;5,710844902
12,74808311;5,748402481
13,26993089;5,778799718
14,01950929;5,822462089
14,69430869;5,861768641
15,28607172;5,896238388
15,76632745;5,924212919
16,44379919;5,963675133
16,94762703;5,993022721
17,54169132;6,027626514
18,48541289;6,082597578
18,98641949;6,111780834
19,57343856;6,145974246
20,58606109;6,20495874
21,02950596;6,230789064
20,54018328;6,240470844
20,29090713;6,26568549
20,0637318;6,288664614
19,86995358;6,308265564
19,59525739;6,336051492
19,30486496;6,36542511
19,13331044;6,382778106
18,9297014;6,40337346
18,6333183;6,433353048
18,4358167;6,453330624
18,09963608;6,487335792
17,85299391;6,512284014
17,73961925;6,523752024
17,29922925;6,568298124
17,26852539;6,571403868
16,51184426;6,727965048
15,8213969;6,876140184
15,07501798;7,03631865
14,17321044;7,229853252
13,52860201;7,368191016
12,97876284;7,486190586
12,20870504;7,651450716
11,487453;7,806236766
10,40986397;8,037495384
9,937773004;8,138809614
9,163360858;8,30500422
8,232884031;8,504691462
7,898904151;8,576366028
7,315307524;8,701610208
5,950265964;8,99455827
7,580764204;9,097230582
8,860546231;9,275749932
10,23061568;9,46686366
11,83133387;9,690151038
12,95911362;9,847467288
14,17023809;10,01640946
15,60839297;10,21702056
17,16643404;10,43435482
18,40414949;10,60700622
20,10748986;10,84460857
20,36186041;10,88009123
21,93472654;11,09949347
23,97954044;11,38472864
24,86269343;11,50792142
25,9706395;11,66247103
25,86321426;11,66010157
25,37738406;11,60564616
24,88747766;11,55073385
24,37233817;11,49299324
23,97436316;11,44838528
23,33042905;11,37620843
22,81872001;11,31885232
22,30049192;11,26076552
21,956292;11,22218507
21,59625088;11,18182902
20,87571281;11,10106583
20,53260406;11,06260768
19,98397143;11,00111291
19,44635787;10,94085324
19,3910695;10,93465612
18,62948862;10,69234384
18,20638252;10,50074636
17,77334815;10,30465301
17,31923722;10,09901545
16,88451186;9,902156364
16,45190703;9,706257528
16,0523051;9,525303582
15,42186838;9,239819436
15,12152248;9,103812144
14,69446988;8,910427554
14,09558045;8,63922915
13,92152776;8,560411908
13,03835236;8,160478704
13,0691934;8,174444628
12,48340097;7,909177008
11,84604527;7,773098892
11,33092063;7,70357937
10,83879287;7,637163438
10,32613208;7,56797643
9,933033009;7,514925078
9,242898449;7,421786802
8,967447716;7,384612878
8,409018507;7,309249122
8,081961249;7,265110554
7,235789511;7,150914012
7,081984889;7,130157048
6,705632609;7,079365788
6,047284849;6,99051735
5,137066804;6,867677334
5,194134076;6,87537894
5,571128049;6,976164654
6,185689631;7,111225278
6,809924031;7,248411678
7,361920089;7,369722438
8,042943778;7,51938927
8,4566178;7,610301354
9,010443898;7,7320143
9,573885911;7,855840506
10,42296773;8,042441046
11,22999481;8,219799324
11,65299825;8,31276171
12,22025318;8,437425876
12,91131159;8,589298014
13,32211006;8,679578142
13,78599497;8,78152494
14,10370889;8,749891332
14,20669591;8,670594516
14,31329164;8,588519106
14,39601251;8,524826592
14,49749563;8,44668774
14,5805694;8,382723504
14,69620636;8,293686624
14,80057486;8,213326116
14,9274688;8,11562172
15,02612579;8,039658888
15,14518968;7,947983376
15,26478782;7,855896516
15,37155519;7,77368895
15,36092355;7,781874984
15,52615728;7,654650126
15,7775683;7,54875462
16,07311998;7,422678354
16,30990386;7,321671222
16,56397632;7,213289136
16,82868573;7,10036955
17,06990625;6,997469838
17,33749153;6,883323462
17,73368308;6,714316296
17,98886084;6,605462712
18,26259748;6,488692296
18,39600194;6,431784696
18,60829187;6,341226186
18,84305498;6,241081074
19,18357163;6,095823672
19,59807722;5,919004117
19,20593707;5,915531542
18,88035809;5,885438937
18,58949761;5,858555292
18,24719036;5,826916526
17,94556941;5,799038314
17,52053126;5,759752899
17,20224744;5,730334571
16,84079241;5,696926015
16,63530097;5,677932857
16,20734554;5,638377804
16,11494463;5,629837375
15,45764231;5,569084254
15,23243444;5,548268747
15,09575916;5,535636127
14,54690818;5,484906944
14,36384127;5,471547367
14,04249925;5,445687618
13,78203425;5,424726898
13,46032493;5,398837591
13,20701722;5,378452849
12,9360209;5,35664463
12,6268524;5,331764535
12,30604859;5,305948097
11,92442488;5,275237225
11,81404631;5,266354595
11,31592215;5,22626844
11,16505271;5,214127339
10,64244995;5,172071287
10,46303504;5,157633011
10,20146628;5,136583468
10,29013728;5,349661543
10,39876934;5,568746266
10,51075602;5,794596459
10,64500182;6,065337942
10,73578124;6,248418186
10,81983365;6,417931686
10,98708555;6,755238528
11,06144608;6,905205822
11,21558936;7,216075746
11,26271463;7,311116076
11,4300339;7,6485588
11,44729801;7,683376362
11,57510007;7,94112237
11,76905116;8,332275066
11,86910656;8,534062728
11,49913726;8,330938566
11,18108488;8,201318622
10,85959508;8,070297786
10,50688664;7,926554016
10,15433952;7,782876
9,814679307;7,644449946
9,486307253;7,510624296
9,195318782;7,392034056
8,94558872;7,290258378
8,741007498;7,206882786
8,363485107;7,053026274
8,135081044;6,959941854
7,671627178;6,77106459
7,112755369;6,543300438
7,068849578;6,525406956
8,332402738;6,747997968
9,50265908;6,973183722
10,83132344;7,228851024
12,17412548;7,487238756
13,33794352;7,711185618
15,04919312;8,040471618
15,91349165;8,20678365
17,86561664;8,582419926
18,53270988;8,710784868
19,6769938;8,930972898
21,71658634;9,32344005
23,42292778;9,651781596
24,69941174;9,89740812
25,69428009;10,08884496
27,25346976;10,38887093
26,53349149;10,2391317
26,42948093;10,20787255
26,34540396;10,1826042
26,2323557;10,14862888
26,15028818;10,12396445
26,04101846;10,09112472
25,91789016;10,05411996
25,82050256;10,02485126
25,76080324;10,00690933
25,61416313;9,962838372
25,49319109;9,926481648
25,39706517;9,897592134
25,27694576;9,861491658
25,28822634;9,864881904
25,08486476;9,803763972
24,30285427;9,659591904
23,46764448;9,499399722
22,70576989;9,35327313
21,91944179;9,202456392
21,22733502;9,069711186
20,275112;8,887076004
19,64023398;8,765307198
18,75946873;8,596377534
17,89848623;8,431242174
16,65104502;8,191984518
16,45705517;8,15477751
15,2168802;7,916913516
14,66614853;7,81128387
14,08940711;7,70066559
13,49773435;7,587183504
12,80606334;7,40943792
12,6976218;7,347830646
12,56837134;7,274401506
12,45647727;7,21083279
12,356237;7,153884774
12,20609211;7,068585198
12,07986072;6,996871236
11,9871857;6,944221158
11,84623778;6,864146514
11,75652234;6,813177816
11,60639885;6,727890396
11,5947703;6,721284042
11,36136884;6,588685146
11,36052581;6,588206208
11,24231583;6,52104933
10,90932822;6,566340492
10,66518367;6,637986024
10,36425518;6,72629511
10,07810476;6,810267492
9,889819271;6,86552088
9,548520178;6,965676936
9,297866796;7,039232526
9,05013656;7,111930296
8,676832404;7,22147841
8,604716013;7,242641352
8,342272;7,319656962
7,937808431;7,438348974
7,639837573;7,525790124
7,503269031;7,565866896
7,000393418;7,713438456
7,22809728;7,623318912
7,268111582;7,58684586
7,310794889;7,547940006
7,341254578;7,52017599
7,380871267;7,484065362
7,421411556;7,447112874
7,477088751;7,396363086
7,519787578;7,35744309
7,528693356;7,349325468
7,575713484;7,306466604
7,63005492;7,25693436
7,687803964;7,204296084
7,728986916;7,166757804
7,75048468;7,147162584
7,810008476;7,092906618
7,783749884;7,093419276
7,784067844;7,070400996
7,784424564;7,044576588
7,784757604;7,020466644
7,78504516;6,999649398
7,785487444;6,967630974
7,785825476;6,9431595
7,786116324;6,92210397
7,786475693;6,896087928
7,786663333;6,882503832
7,786934604;6,862865418
7,787265404;6,838917498
7,787808733;6,799584096
7,787992209;6,786301392
7,788458582;6,752539092
7,865591289;6,843179046
7,942145698;6,928865244
8,019093987;7,014992298
8,075667227;7,078313874
8,153762431;7,165724664
8,237617867;7,259582784
8,335240373;7,368850182
8,392042493;7,432427946
8,4345644;7,480022076
8,561752791;7,62238212
8,637464822;7,707125454
8,690688796;7,766698248
8,718683511;7,798032306
8,890133733;7,98993396
8,886213373;7,985545962
8,879480373;7,893103044
8,84682904;7,779040026
8,816598911;7,67343516
8,783215524;7,556814798
8,745579378;7,425337998
8,708654182;7,29634482
8,677434787;7,18728408
8,653870364;7,104964962
8,599044498;6,913438206
8,576719684;6,835449474
8,53109228;6,676056294
8,516266196;6,624263376
8,462821507;6,437561568
8,437481009;6,34903797
8,390333093;6,184333098
8,323034178;6,11160432
8,235409502;5,991646589
8,170616378;5,902945138
8,096294187;5,801198446
7,994299453;5,661568181
7,90698148;5,542030329
7,860629636;5,478574891
7,761572836;5,342966645
7,71883732;5,284461952
7,628213258;5,160398079
7,500724831;4,985867081
7,434398324;4,895066436
7,374162631;4,812604084
7,309735738;4,724403998
7,248889813;4,641106244
7,282833418;4,629678842
7,358214484;4,668600337
7,422136587;4,701605228
7,503111396;4,74341494
7,56476968;4,775250953
7,61705336;4,802246581
7,681417796;4,835479859
7,797778564;4,895560402
7,850273578;4,922665144
7,947190053;4,972706013
7,980869044;4,990095484
8,092867551;5,047923658
8,128775671;5,066464092
8,165892009;5,085628366
8,221728187;5,114458252
8,257784596;5,164078094
8,253234262;5,196668299
8,249699364;5,221985781
8,245576511;5,251514321
8,241076276;5,283745687
8,237079231;5,312373164
8,232595231;5,344488269
8,229613333;5,365845076
8,225332324;5,396506322
8,219303471;5,439685918
8,214376956;5,474970383
8,212153284;5,49089666
8,208372636;5,517974243
8,200791938;5,572268378
8,197522147;5,59568713
8,245182227;5,561780136
8,289373827;5,539038963
8,332706453;5,516739822
8,393961596;5,485217684
8,430502649;5,466413512
8,481733062;5,440050139
8,526167058;5,41718423
8,58719208;5,385780512
8,60589328;5,3761568
8,646800631;5,355105715
8,689690084;5,333034632
8,733804676;5,310333089
8,81692032;5,267561448
8,850914618;5,25006785
8,929102373;5,209832119
9,039262978;5,207363689
9,192288627;5,187854795
9,332049556;5,170036991
9,489467542;5,149968128
9,604376724;5,135318617
9,741549058;5,117830827
9,889603116;5,09895575
10,03249309;5,080739031
10,16710379;5,063577819
10,37715479;5,036798892
10,50902557;5,019986985
10,5620094;5,013232196
10,7767777;4,985851873
10,94777608;4,964051677
10,97816885;4,960176971
10,55961288;4,978179503
10,10787383;5,000996082
9,556599031;5,028840043
9,109846289;5,051404772
8,651670142;5,074546478
8,081611933;5,103339158
7,783055836;5,118418724
7,287403836;5,143453271
6,639016764;5,176202211
6,28154988;5,194257262
5,836526849;5,216734625
7,865591289;5,236109384
7,942145698;5,269826248
8,019093987;5,301686162
8,075667227;5,299139429
8,153762431;5,251592662
8,237617867;5,183317505
8,335240373;5,109372455
8,392042493;5,056009346
8,4345644;4,992174121
8,561752791;4,93618716
8,637464822;4,873189121
8,690688796;4,782615923
8,718683511;4,700691776
8,890133733;4,664742411
8,886213373;4,5996074
8,879480373;4,558872479
8,84682904;4,465790491
8,816598911;4,356506407
8,783215524;4,371367739
8,745579378;4,283661526
8,708654182;4,237457561
8,677434787;4,204344177
8,653870364;4,156720147
8,599044498;4,107149274
8,576719684;4,061983697
8,53109228;4,029832439
8,516266196;3,976607848
8,462821507;3,943400138
8,437481009;3,892402673
8,390333093;3,870540531
8,323034178;3,839636176
8,235409502;3,767165681
8,170616378;3,721531489
8,096294187;3,700219556
